customer_id,age,gender,item_purchased,category,purchase_amount,location,size,color,season,review_rating,subscription_status,shipping_type,discount_applied,promo_code_used,previous_purchases,payment_method,frequency_of_purchases,review_missing,used_promo,purchases_per_year,engagement_score,promo_dependency_score,promo_dependency_tier,lifetime_value_proxy,value_tier,satisfaction_tier,high_satisfaction,loyalty_score_a,loyalty_score_b,loyal_a_flag,loyal_b_flag
1,55,Male,Blouse,Clothing,53,Kentucky,L,Gray,Winter,3.1,Yes,Express,Yes,Yes,14,Venmo,Fortnightly,0,1,26,35.5,64.5,Moderate Dependency,742,Silver,Dissatisfied,0,35.5,0.0,0,0
2,19,Male,Sweater,Clothing,64,Maine,L,Maroon,Winter,3.1,Yes,Express,Yes,Yes,2,Cash,Fortnightly,0,1,26,20.8,79.2,High Dependency,128,Bronze,Dissatisfied,0,20.8,0.0,0,0
3,50,Male,Jeans,Clothing,73,Massachusetts,S,Maroon,Spring,3.1,Yes,Free Shipping,Yes,Yes,23,Credit Card,Weekly,0,1,52,66.9,33.1,Moderate Dependency,1679,Gold,Dissatisfied,0,66.9,16.9,1,0
4,21,Male,Sandals,Footwear,90,Rhode Island,M,Maroon,Spring,3.5,Yes,Next Day Air,Yes,Yes,49,PayPal,Weekly,0,1,52,98.8,1.2,Low Dependency,4410,Platinum,Neutral,0,98.8,88.4,1,1
5,45,Male,Blouse,Clothing,49,Oregon,M,Turquoise,Spring,2.7,Yes,Free Shipping,Yes,Yes,31,PayPal,Annually,0,1,1,36.7,63.3,Moderate Dependency,1519,Gold,Dissatisfied,0,36.7,0.0,0,0
6,46,Male,Sneakers,Footwear,20,Wyoming,M,White,Summer,2.9,Yes,Standard,Yes,Yes,14,Venmo,Weekly,0,1,52,55.9,44.1,Moderate Dependency,280,Bronze,Dissatisfied,0,55.9,0.0,1,0
7,63,Male,Shirt,Clothing,85,Montana,M,Gray,Fall,3.2,Yes,Free Shipping,Yes,Yes,49,Cash,Quarterly,0,1,4,61.1,38.9,Moderate Dependency,4165,Platinum,Dissatisfied,0,61.1,64.4,1,1
8,27,Male,Shorts,Clothing,34,Louisiana,L,Charcoal,Winter,3.2,Yes,Free Shipping,Yes,Yes,19,Credit Card,Weekly,0,1,52,62.0,38.0,Moderate Dependency,646,Silver,Dissatisfied,0,62.0,0.0,1,0
9,26,Male,Coat,Outerwear,97,West Virginia,L,Silver,Summer,2.6,Yes,Express,Yes,Yes,8,Venmo,Annually,0,1,1,8.6,91.4,High Dependency,776,Silver,Dissatisfied,0,8.6,0.0,0,0
10,57,Male,Handbag,Accessories,31,Missouri,M,Pink,Spring,4.8,Yes,2-Day Shipping,Yes,Yes,4,Cash,Quarterly,0,1,4,6.0,94.0,High Dependency,124,Bronze,Satisfied,1,6.0,0.0,0,0
11,53,Male,Shoes,Footwear,34,Arkansas,L,Purple,Fall,4.1,Yes,Store Pickup,Yes,Yes,26,Bank Transfer,Bi-Weekly,0,1,26,50.2,49.8,Moderate Dependency,884,Silver,Satisfied,1,50.2,0.0,0,0
12,30,Male,Shorts,Clothing,68,Hawaii,S,Olive,Winter,4.9,Yes,Store Pickup,Yes,Yes,10,Bank Transfer,Fortnightly,0,1,26,30.6,69.4,High Dependency,680,Silver,Satisfied,1,30.6,0.0,0,0
13,61,Male,Coat,Outerwear,72,Delaware,M,Gold,Winter,4.5,Yes,Express,Yes,Yes,37,Venmo,Fortnightly,0,1,26,63.7,36.3,Moderate Dependency,2664,Platinum,Satisfied,1,63.7,35.3,1,1
14,65,Male,Dress,Clothing,51,New Hampshire,M,Violet,Spring,4.7,Yes,Express,Yes,Yes,31,PayPal,Weekly,0,1,52,76.7,23.3,Low Dependency,1581,Gold,Satisfied,1,76.7,19.9,1,0
15,64,Male,Coat,Outerwear,53,New York,L,Teal,Winter,4.7,Yes,Free Shipping,Yes,Yes,34,Debit Card,Weekly,0,1,52,80.4,19.6,Low Dependency,1802,Gold,Satisfied,1,80.4,26.2,1,0
16,64,Male,Skirt,Clothing,81,Rhode Island,M,Teal,Winter,2.8,Yes,Store Pickup,Yes,Yes,8,PayPal,Monthly,0,1,12,17.2,82.8,High Dependency,648,Silver,Dissatisfied,0,17.2,0.0,0,0
17,25,Male,Sunglasses,Accessories,36,Alabama,S,Gray,Spring,4.1,Yes,Next Day Air,Yes,Yes,44,Debit Card,Bi-Weekly,0,1,26,72.3,27.7,Low Dependency,1584,Gold,Satisfied,1,72.3,17.7,1,0
18,53,Male,Dress,Clothing,38,Mississippi,XL,Lavender,Winter,4.7,Yes,2-Day Shipping,Yes,Yes,36,Venmo,Quarterly,0,1,4,45.2,54.8,Moderate Dependency,1368,Gold,Satisfied,1,45.2,0.0,0,0
19,52,Male,Sweater,Clothing,48,Montana,S,Black,Summer,4.6,Yes,Free Shipping,Yes,Yes,17,Cash,Weekly,0,1,52,59.6,40.4,Moderate Dependency,816,Silver,Satisfied,1,59.6,0.0,1,0
20,66,Male,Pants,Clothing,90,Rhode Island,M,Green,Summer,3.3,Yes,Standard,Yes,Yes,46,Debit Card,Bi-Weekly,0,1,26,74.7,25.3,Low Dependency,4140,Platinum,Neutral,0,74.7,70.8,1,1
21,21,Male,Pants,Clothing,51,Louisiana,M,Black,Winter,2.8,Yes,Express,Yes,Yes,50,Cash,Every 3 Months,0,1,4,62.4,37.6,Moderate Dependency,2550,Platinum,Dissatisfied,0,62.4,32.3,1,1
22,31,Male,Pants,Clothing,62,North Carolina,M,Charcoal,Winter,4.1,Yes,Store Pickup,Yes,Yes,22,Debit Card,Quarterly,0,1,4,28.1,71.9,High Dependency,1364,Gold,Satisfied,1,28.1,0.0,0,0
23,56,Male,Pants,Clothing,37,California,M,Peach,Summer,3.2,Yes,Store Pickup,Yes,Yes,32,Debit Card,Annually,0,1,1,38.0,62.0,Moderate Dependency,1184,Silver,Dissatisfied,0,38.0,0.0,0,0
24,31,Male,Pants,Clothing,88,Oklahoma,XL,White,Winter,4.4,Yes,Express,Yes,Yes,40,Credit Card,Weekly,0,1,52,87.8,12.2,Low Dependency,3520,Platinum,Satisfied,1,87.8,64.8,1,1
25,18,Male,Jacket,Outerwear,22,Florida,M,Green,Fall,2.9,Yes,Store Pickup,Yes,Yes,16,Debit Card,Weekly,0,1,52,58.4,41.6,Moderate Dependency,352,Bronze,Dissatisfied,0,58.4,0.0,1,0
26,18,Male,Hoodie,Clothing,25,Texas,M,Silver,Summer,3.6,Yes,Express,Yes,Yes,14,PayPal,Annually,0,1,1,15.9,84.1,High Dependency,350,Bronze,Neutral,0,15.9,0.0,0,0
27,38,Male,Jewelry,Accessories,20,Nevada,M,Red,Spring,3.6,Yes,Next Day Air,Yes,Yes,13,Credit Card,Annually,0,1,1,14.7,85.3,High Dependency,260,Bronze,Neutral,0,14.7,0.0,0,0
28,56,Male,Shorts,Clothing,56,Kentucky,L,Cyan,Summer,5.0,Yes,Next Day Air,Yes,Yes,7,Bank Transfer,Every 3 Months,0,1,4,9.7,90.3,High Dependency,392,Bronze,Satisfied,1,9.7,0.0,0,0
29,54,Male,Handbag,Accessories,94,North Carolina,M,Gray,Fall,4.4,Yes,Free Shipping,Yes,Yes,41,PayPal,Every 3 Months,0,1,4,51.3,48.7,Moderate Dependency,3854,Platinum,Satisfied,1,51.3,53.2,0,1
30,31,Male,Dress,Clothing,48,Wyoming,S,Black,Fall,4.1,Yes,Store Pickup,Yes,Yes,14,Credit Card,Weekly,0,1,52,55.9,44.1,Moderate Dependency,672,Silver,Satisfied,1,55.9,0.0,1,0
31,57,Male,Jewelry,Accessories,31,North Carolina,L,Black,Winter,4.7,Yes,Standard,Yes,Yes,16,Credit Card,Monthly,0,1,12,27.0,73.0,High Dependency,496,Bronze,Satisfied,1,27.0,0.0,0,0
32,33,Male,Dress,Clothing,79,West Virginia,L,Brown,Winter,4.7,Yes,Store Pickup,Yes,Yes,45,Venmo,Monthly,0,1,12,62.5,37.5,Moderate Dependency,3555,Platinum,Satisfied,1,62.5,52.8,1,1
33,36,Male,Jacket,Outerwear,67,Kansas,M,Silver,Summer,4.9,Yes,Free Shipping,Yes,Yes,37,Venmo,Annually,0,1,1,44.1,55.9,Moderate Dependency,2479,Platinum,Satisfied,1,44.1,21.6,0,0
34,54,Male,Pants,Clothing,38,Colorado,L,Green,Summer,3.3,Yes,Store Pickup,Yes,Yes,45,Cash,Quarterly,0,1,4,56.2,43.8,Moderate Dependency,1710,Gold,Neutral,0,56.2,12.1,1,0
35,36,Male,T-shirt,Clothing,91,North Dakota,L,Violet,Spring,4.6,Yes,2-Day Shipping,Yes,Yes,38,PayPal,Quarterly,0,1,4,47.7,52.3,Moderate Dependency,3458,Platinum,Satisfied,1,47.7,43.3,0,1
36,54,Male,Blouse,Clothing,33,Massachusetts,M,Cyan,Summer,4.0,Yes,2-Day Shipping,Yes,Yes,48,Credit Card,Bi-Weekly,0,1,26,77.2,22.8,Low Dependency,1584,Gold,Neutral,0,77.2,20.2,1,0
37,35,Male,T-shirt,Clothing,69,Illinois,M,Maroon,Winter,4.6,Yes,Free Shipping,Yes,Yes,44,PayPal,Fortnightly,0,1,26,72.3,27.7,Low Dependency,3036,Platinum,Satisfied,1,72.3,47.2,1,1
38,35,Male,Jeans,Clothing,45,Indiana,S,Cyan,Summer,2.8,Yes,Store Pickup,Yes,Yes,10,PayPal,Weekly,0,1,52,51.0,49.0,Moderate Dependency,450,Bronze,Dissatisfied,0,51.0,0.0,0,0
39,29,Male,Dress,Clothing,37,Florida,M,Red,Winter,3.8,Yes,2-Day Shipping,Yes,Yes,44,Venmo,Every 3 Months,1,1,4,55.0,45.0,Moderate Dependency,1628,Gold,Neutral,0,55.0,9.9,0,0
40,70,Male,Pants,Clothing,60,Arizona,S,Turquoise,Summer,4.2,Yes,Express,Yes,Yes,18,Credit Card,Monthly,0,1,12,29.4,70.6,High Dependency,1080,Silver,Satisfied,1,29.4,0.0,0,0
41,69,Male,Handbag,Accessories,76,Louisiana,L,Beige,Winter,4.6,Yes,Next Day Air,Yes,Yes,31,Debit Card,Quarterly,0,1,4,39.1,60.9,Moderate Dependency,2356,Platinum,Satisfied,1,39.1,16.6,0,0
42,67,Male,Scarf,Accessories,39,Alaska,M,Orange,Spring,4.5,Yes,Standard,Yes,Yes,40,Venmo,Annually,0,1,1,47.8,52.2,Moderate Dependency,1560,Gold,Satisfied,1,47.8,4.9,0,0
43,20,Male,Coat,Outerwear,100,Tennessee,M,Beige,Spring,4.1,Yes,Free Shipping,Yes,Yes,15,PayPal,Annually,0,1,1,17.1,82.9,High Dependency,1500,Gold,Satisfied,1,17.1,0.0,0,0
44,25,Male,Scarf,Accessories,69,Ohio,L,Lavender,Fall,3.7,Yes,Store Pickup,Yes,Yes,19,PayPal,Fortnightly,0,1,26,41.6,58.4,Moderate Dependency,1311,Gold,Neutral,0,41.6,0.0,0,0
45,39,Male,Hat,Accessories,53,Kentucky,S,Silver,Summer,4.6,Yes,Free Shipping,Yes,Yes,45,PayPal,Weekly,0,1,52,93.9,6.1,Low Dependency,2385,Platinum,Satisfied,1,93.9,44.9,1,1
46,50,Male,Socks,Clothing,21,Tennessee,XL,Indigo,Fall,2.9,Yes,2-Day Shipping,Yes,Yes,25,PayPal,Annually,0,1,1,29.4,70.6,High Dependency,525,Bronze,Dissatisfied,0,29.4,0.0,0,0
47,57,Male,Shirt,Clothing,43,California,L,White,Summer,2.9,Yes,Store Pickup,Yes,Yes,45,Cash,Quarterly,0,1,4,56.2,43.8,Moderate Dependency,1935,Gold,Dissatisfied,0,56.2,16.7,1,0
48,55,Male,Jewelry,Accessories,54,Montana,M,Charcoal,Winter,4.5,Yes,Free Shipping,Yes,Yes,36,Cash,Weekly,0,1,52,82.9,17.1,Low Dependency,1944,Gold,Satisfied,1,82.9,30.4,1,0
49,42,Male,Shirt,Clothing,55,Nevada,M,Orange,Summer,2.7,Yes,Store Pickup,Yes,Yes,38,Cash,Monthly,0,1,12,53.9,46.1,Moderate Dependency,2090,Gold,Dissatisfied,0,53.9,18.7,0,0
50,68,Male,Hoodie,Clothing,30,New Jersey,S,Indigo,Spring,4.6,Yes,Next Day Air,Yes,Yes,34,Debit Card,Bi-Weekly,0,1,26,60.0,40.0,Moderate Dependency,1020,Silver,Satisfied,1,60.0,0.1,1,0
51,49,Male,Blouse,Clothing,28,Maryland,M,Red,Spring,3.8,Yes,Store Pickup,Yes,Yes,39,Debit Card,Bi-Weekly,1,1,26,66.1,33.9,Moderate Dependency,1092,Silver,Neutral,0,66.1,4.6,1,0
52,59,Male,Skirt,Clothing,59,Vermont,XL,Gray,Winter,4.7,Yes,2-Day Shipping,Yes,Yes,7,Credit Card,Quarterly,0,1,4,9.7,90.3,High Dependency,413,Bronze,Satisfied,1,9.7,0.0,0,0
53,42,Male,T-shirt,Clothing,20,Alaska,M,Green,Summer,2.6,Yes,Free Shipping,Yes,Yes,26,Credit Card,Weekly,0,1,52,70.6,29.4,Low Dependency,520,Bronze,Dissatisfied,0,70.6,0.0,1,0
54,29,Male,Skirt,Clothing,24,Mississippi,S,Peach,Winter,3.9,Yes,Next Day Air,Yes,Yes,35,Credit Card,Weekly,0,1,52,81.6,18.4,Low Dependency,840,Silver,Neutral,0,81.6,7.3,1,0
55,47,Male,Coat,Outerwear,94,New Mexico,M,Brown,Summer,4.2,Yes,Next Day Air,Yes,Yes,35,Debit Card,Bi-Weekly,0,1,26,61.2,38.8,Moderate Dependency,3290,Platinum,Satisfied,1,61.2,46.7,1,1
56,40,Male,Jacket,Outerwear,28,South Carolina,M,Lavender,Winter,3.0,Yes,2-Day Shipping,Yes,Yes,49,Credit Card,Annually,0,1,1,58.8,41.2,Moderate Dependency,1372,Gold,Dissatisfied,0,58.8,6.6,1,0
57,41,Male,Backpack,Accessories,73,Mississippi,XL,Brown,Summer,4.7,Yes,Store Pickup,Yes,Yes,46,Credit Card,Weekly,0,1,52,95.1,4.9,Low Dependency,3358,Platinum,Satisfied,1,95.1,65.2,1,1
58,21,Male,Coat,Outerwear,64,West Virginia,M,White,Summer,4.4,Yes,Store Pickup,Yes,Yes,17,Debit Card,Fortnightly,0,1,26,39.2,60.8,Moderate Dependency,1088,Silver,Satisfied,1,39.2,0.0,0,0
59,69,Male,Hoodie,Clothing,54,Missouri,M,Charcoal,Summer,4.2,Yes,Free Shipping,Yes,Yes,29,Venmo,Monthly,0,1,12,42.9,57.1,Moderate Dependency,1566,Gold,Satisfied,1,42.9,2.5,0,0
60,63,Male,Belt,Accessories,79,Louisiana,L,Yellow,Spring,4.6,Yes,Standard,Yes,Yes,4,Debit Card,Weekly,0,1,52,43.7,56.3,Moderate Dependency,316,Bronze,Satisfied,1,43.7,0.0,0,0
61,50,Male,Sweater,Clothing,37,Idaho,L,Brown,Summer,4.0,Yes,Express,Yes,Yes,17,Cash,Weekly,0,1,52,59.6,40.4,Moderate Dependency,629,Silver,Neutral,0,59.6,0.0,1,0
62,55,Male,Scarf,Accessories,68,Texas,M,Orange,Winter,4.7,Yes,Store Pickup,Yes,Yes,21,Credit Card,Every 3 Months,0,1,4,26.8,73.2,High Dependency,1428,Gold,Satisfied,1,26.8,0.0,0,0
63,30,Male,Sneakers,Footwear,21,Mississippi,S,Magenta,Spring,3.8,Yes,Free Shipping,Yes,Yes,31,Credit Card,Fortnightly,0,1,26,56.3,43.7,Moderate Dependency,651,Silver,Neutral,0,56.3,0.0,1,0
64,33,Male,Sunglasses,Accessories,79,Arizona,L,Lavender,Winter,2.7,Yes,2-Day Shipping,Yes,Yes,43,Credit Card,Weekly,0,1,52,91.4,8.6,Low Dependency,3397,Platinum,Dissatisfied,0,91.4,64.1,1,1
65,65,Male,Boots,Footwear,83,Alabama,S,Green,Fall,4.8,Yes,Standard,Yes,Yes,18,Debit Card,Fortnightly,0,1,26,40.4,59.6,Moderate Dependency,1494,Gold,Satisfied,1,40.4,0.0,0,0
66,65,Male,Backpack,Accessories,36,New Jersey,M,Purple,Spring,4.8,Yes,2-Day Shipping,Yes,Yes,44,Venmo,Every 3 Months,0,1,4,55.0,45.0,Moderate Dependency,1584,Gold,Satisfied,1,55.0,9.0,0,0
67,31,Male,Blouse,Clothing,94,Pennsylvania,S,Magenta,Winter,4.7,Yes,2-Day Shipping,Yes,Yes,3,Venmo,Every 3 Months,0,1,4,4.8,95.2,High Dependency,282,Bronze,Satisfied,1,4.8,0.0,0,0
68,45,Male,Coat,Outerwear,33,Connecticut,L,Gray,Winter,4.4,Yes,Store Pickup,Yes,Yes,49,Debit Card,Monthly,0,1,12,67.4,32.6,Low Dependency,1617,Gold,Satisfied,1,67.4,15.9,1,0
69,57,Male,Handbag,Accessories,46,Utah,L,Silver,Summer,3.9,Yes,Next Day Air,Yes,Yes,21,Cash,Every 3 Months,0,1,4,26.8,73.2,High Dependency,966,Silver,Neutral,0,26.8,0.0,0,0
70,48,Male,Belt,Accessories,70,Tennessee,S,Cyan,Summer,4.4,Yes,Express,Yes,Yes,5,Cash,Weekly,0,1,52,44.9,55.1,Moderate Dependency,350,Bronze,Satisfied,1,44.9,0.0,0,0
71,22,Male,Belt,Accessories,29,Alabama,M,Magenta,Fall,4.2,Yes,Express,Yes,Yes,32,Debit Card,Every 3 Months,0,1,4,40.3,59.7,Moderate Dependency,928,Silver,Satisfied,1,40.3,0.0,0,0
72,36,Male,Dress,Clothing,48,Virginia,L,Gold,Summer,2.9,Yes,Express,Yes,Yes,34,Bank Transfer,Annually,0,1,1,40.4,59.6,Moderate Dependency,1632,Gold,Dissatisfied,0,40.4,2.6,0,0
73,18,Male,Dress,Clothing,26,Georgia,M,Olive,Winter,2.9,Yes,Store Pickup,Yes,Yes,21,Bank Transfer,Every 3 Months,0,1,4,26.8,73.2,High Dependency,546,Bronze,Dissatisfied,0,26.8,0.0,0,0
74,48,Male,Pants,Clothing,85,Hawaii,M,Teal,Spring,2.7,Yes,Free Shipping,Yes,Yes,43,Bank Transfer,Bi-Weekly,0,1,26,71.0,29.0,Low Dependency,3655,Platinum,Dissatisfied,0,71.0,59.1,1,1
75,49,Male,Gloves,Accessories,58,Indiana,L,Violet,Spring,4.5,Yes,Express,Yes,Yes,3,Cash,Monthly,0,1,12,11.1,88.9,High Dependency,174,Bronze,Satisfied,1,11.1,0.0,0,0
76,64,Male,Scarf,Accessories,85,Utah,M,Blue,Summer,2.7,Yes,Free Shipping,Yes,Yes,21,Credit Card,Annually,0,1,1,24.5,75.5,High Dependency,1785,Gold,Dissatisfied,0,24.5,0.0,0,0
77,50,Male,Hat,Accessories,43,Delaware,S,Teal,Summer,4.2,Yes,Free Shipping,Yes,Yes,32,Venmo,Monthly,0,1,12,46.6,53.4,Moderate Dependency,1376,Gold,Satisfied,1,46.6,0.5,0,0
78,22,Male,Dress,Clothing,53,Delaware,L,Gold,Summer,3.3,Yes,Next Day Air,Yes,Yes,36,Debit Card,Fortnightly,0,1,26,62.5,37.5,Moderate Dependency,1908,Gold,Neutral,0,62.5,19.3,1,0
79,50,Male,Skirt,Clothing,91,Nebraska,M,Maroon,Spring,4.7,Yes,Free Shipping,Yes,Yes,50,Venmo,Fortnightly,0,1,26,79.6,20.4,Low Dependency,4550,Platinum,Satisfied,1,79.6,81.6,1,1
80,38,Male,Jacket,Outerwear,96,Iowa,M,Olive,Winter,2.6,Yes,2-Day Shipping,Yes,Yes,43,Bank Transfer,Every 3 Months,0,1,4,53.8,46.2,Moderate Dependency,4128,Platinum,Dissatisfied,0,53.8,60.0,0,1
81,19,Male,Sandals,Footwear,72,New York,XL,Blue,Summer,3.8,Yes,Store Pickup,Yes,Yes,24,Credit Card,Every 3 Months,1,1,4,30.5,69.5,High Dependency,1728,Gold,Neutral,0,30.5,0.0,0,0
82,67,Male,Shoes,Footwear,96,Virginia,L,Maroon,Summer,2.6,Yes,Express,Yes,Yes,36,Credit Card,Every 3 Months,0,1,4,45.2,54.8,Moderate Dependency,3456,Platinum,Dissatisfied,0,45.2,42.0,0,1
83,19,Male,Pants,Clothing,28,Georgia,S,Olive,Spring,4.0,Yes,2-Day Shipping,Yes,Yes,21,Credit Card,Every 3 Months,0,1,4,26.8,73.2,High Dependency,588,Bronze,Neutral,0,26.8,0.0,0,0
84,36,Male,Dress,Clothing,40,Texas,M,Turquoise,Summer,4.1,Yes,Standard,Yes,Yes,34,Bank Transfer,Weekly,0,1,52,80.4,19.6,Low Dependency,1360,Gold,Satisfied,1,80.4,17.3,1,0
85,52,Male,Coat,Outerwear,32,Arizona,S,Peach,Spring,4.4,Yes,Standard,Yes,Yes,42,Bank Transfer,Every 3 Months,0,1,4,52.6,47.4,Moderate Dependency,1344,Gold,Satisfied,1,52.6,2.9,0,0
86,53,Male,Sunglasses,Accessories,95,New Mexico,M,Charcoal,Winter,4.5,Yes,Next Day Air,Yes,Yes,2,Debit Card,Bi-Weekly,0,1,26,20.8,79.2,High Dependency,190,Bronze,Satisfied,1,20.8,0.0,0,0
87,24,Male,Hoodie,Clothing,41,Nevada,L,Pink,Spring,3.7,Yes,2-Day Shipping,Yes,Yes,47,Cash,Bi-Weekly,0,1,26,75.9,24.1,Low Dependency,1927,Gold,Neutral,0,75.9,26.5,1,0
88,52,Male,Shoes,Footwear,53,Ohio,M,Green,Fall,3.7,Yes,2-Day Shipping,Yes,Yes,44,Debit Card,Fortnightly,0,1,26,72.3,27.7,Low Dependency,2332,Platinum,Neutral,0,72.3,32.9,1,1
89,33,Male,T-shirt,Clothing,47,Wyoming,M,Orange,Fall,3.5,Yes,Free Shipping,Yes,Yes,35,Credit Card,Monthly,0,1,12,50.3,49.7,Moderate Dependency,1645,Gold,Neutral,0,50.3,7.8,0,0
90,47,Male,Jacket,Outerwear,83,California,XL,Pink,Fall,3.6,Yes,Next Day Air,Yes,Yes,15,Cash,Quarterly,0,1,4,19.5,80.5,High Dependency,1245,Silver,Neutral,0,19.5,0.0,0,0
91,25,Male,Hat,Accessories,48,South Carolina,L,Violet,Summer,2.9,Yes,Express,Yes,Yes,29,Credit Card,Monthly,0,1,12,42.9,57.1,Moderate Dependency,1392,Gold,Dissatisfied,0,42.9,0.0,0,0
92,44,Male,Scarf,Accessories,99,South Carolina,S,Green,Winter,4.6,Yes,Standard,Yes,Yes,18,Credit Card,Every 3 Months,0,1,4,23.2,76.8,High Dependency,1782,Gold,Satisfied,1,23.2,0.0,0,0
93,61,Male,Jacket,Outerwear,87,Texas,M,Olive,Winter,4.4,Yes,2-Day Shipping,Yes,Yes,13,Venmo,Every 3 Months,0,1,4,17.0,83.0,High Dependency,1131,Silver,Satisfied,1,17.0,0.0,0,0
94,37,Male,Sweater,Clothing,62,Florida,M,Purple,Fall,4.5,Yes,Standard,Yes,Yes,46,Credit Card,Weekly,0,1,52,95.1,4.9,Low Dependency,2852,Platinum,Satisfied,1,95.1,55.0,1,1
95,58,Male,Skirt,Clothing,76,Nevada,S,Silver,Spring,4.6,Yes,Free Shipping,Yes,Yes,28,Credit Card,Weekly,0,1,52,73.1,26.9,Low Dependency,2128,Gold,Satisfied,1,73.1,29.2,1,0
96,37,Male,Sneakers,Footwear,100,Missouri,L,Pink,Fall,3.8,Yes,Free Shipping,Yes,Yes,48,PayPal,Monthly,0,1,12,66.2,33.8,Moderate Dependency,4800,Platinum,Neutral,0,66.2,79.9,1,1
97,32,Male,Gloves,Accessories,73,Delaware,S,Gold,Spring,3.8,Yes,Express,Yes,Yes,43,Venmo,Every 3 Months,1,1,4,53.8,46.2,Moderate Dependency,3139,Platinum,Neutral,0,53.8,39.9,0,1
98,21,Male,Shoes,Footwear,92,Virginia,M,Teal,Winter,4.8,Yes,Store Pickup,Yes,Yes,37,Cash,Annually,0,1,1,44.1,55.9,Moderate Dependency,3404,Platinum,Satisfied,1,44.1,40.4,0,1
99,20,Male,Jeans,Clothing,67,New York,XL,Teal,Spring,2.6,Yes,Next Day Air,Yes,Yes,20,Bank Transfer,Annually,0,1,1,23.3,76.7,High Dependency,1340,Gold,Dissatisfied,0,23.3,0.0,0,0
100,26,Male,Hoodie,Clothing,40,Missouri,XL,Indigo,Summer,3.7,Yes,Express,Yes,Yes,33,Debit Card,Quarterly,0,1,4,41.5,58.5,Moderate Dependency,1320,Gold,Neutral,0,41.5,0.0,0,0
101,62,Male,Sunglasses,Accessories,98,South Dakota,M,Maroon,Fall,2.7,Yes,Express,Yes,Yes,31,Cash,Fortnightly,0,1,26,56.3,43.7,Moderate Dependency,3038,Platinum,Dissatisfied,0,56.3,39.1,1,1
102,27,Male,Coat,Outerwear,85,North Dakota,XL,White,Spring,4.6,Yes,Express,Yes,Yes,50,Credit Card,Bi-Weekly,0,1,26,79.6,20.4,Low Dependency,4250,Platinum,Satisfied,1,79.6,75.5,1,1
103,51,Male,Socks,Clothing,67,Oklahoma,L,Violet,Winter,4.8,Yes,Next Day Air,Yes,Yes,35,Credit Card,Quarterly,0,1,4,44.0,56.0,Moderate Dependency,2345,Platinum,Satisfied,1,44.0,18.9,0,0
104,54,Male,Boots,Footwear,89,West Virginia,L,Red,Winter,4.0,Yes,Next Day Air,Yes,Yes,22,Venmo,Bi-Weekly,0,1,26,45.3,54.7,Moderate Dependency,1958,Gold,Neutral,0,45.3,11.7,0,0
105,55,Male,Sunglasses,Accessories,24,New Hampshire,L,Pink,Spring,4.4,Yes,2-Day Shipping,Yes,Yes,1,PayPal,Monthly,0,1,12,8.6,91.4,High Dependency,24,Bronze,Satisfied,1,8.6,0.0,0,0
106,69,Male,Backpack,Accessories,96,New York,M,Charcoal,Fall,3.6,Yes,Next Day Air,Yes,Yes,4,Bank Transfer,Annually,0,1,1,3.7,96.3,High Dependency,384,Bronze,Neutral,0,3.7,0.0,0,0
107,64,Male,Jacket,Outerwear,35,Minnesota,L,White,Summer,3.7,Yes,Standard,Yes,Yes,31,Credit Card,Monthly,0,1,12,45.4,54.6,Moderate Dependency,1085,Silver,Neutral,0,45.4,0.0,0,0
108,28,Male,Sneakers,Footwear,67,Maryland,L,Olive,Winter,3.1,Yes,Next Day Air,Yes,Yes,46,PayPal,Fortnightly,0,1,26,74.7,25.3,Low Dependency,3082,Platinum,Dissatisfied,0,74.7,49.3,1,1
109,70,Male,Socks,Clothing,79,Montana,L,Purple,Spring,3.4,Yes,Next Day Air,Yes,Yes,32,Bank Transfer,Bi-Weekly,0,1,26,57.6,42.4,Moderate Dependency,2528,Platinum,Neutral,0,57.6,29.4,1,0
110,58,Male,T-shirt,Clothing,85,Alabama,M,Violet,Spring,2.6,Yes,Next Day Air,Yes,Yes,43,Bank Transfer,Fortnightly,0,1,26,71.0,29.0,Low Dependency,3655,Platinum,Dissatisfied,0,71.0,59.1,1,1
111,56,Male,Backpack,Accessories,26,New York,M,Black,Summer,4.0,Yes,Standard,Yes,Yes,26,Venmo,Fortnightly,0,1,26,50.2,49.8,Moderate Dependency,676,Silver,Neutral,0,50.2,0.0,0,0
112,26,Male,Belt,Accessories,75,Massachusetts,L,Purple,Summer,5.0,Yes,Free Shipping,Yes,Yes,9,Credit Card,Annually,0,1,1,9.8,90.2,High Dependency,675,Silver,Satisfied,1,9.8,0.0,0,0
113,37,Male,Gloves,Accessories,65,Florida,M,Red,Spring,4.3,Yes,Free Shipping,Yes,Yes,28,PayPal,Bi-Weekly,0,1,26,52.7,47.3,Moderate Dependency,1820,Gold,Satisfied,1,52.7,12.6,0,0
114,44,Male,Hat,Accessories,54,New Jersey,L,Maroon,Winter,3.1,Yes,Next Day Air,Yes,Yes,20,PayPal,Quarterly,0,1,4,25.6,74.4,High Dependency,1080,Silver,Dissatisfied,0,25.6,0.0,0,0
115,70,Male,Coat,Outerwear,95,Massachusetts,S,Blue,Summer,3.7,Yes,Store Pickup,Yes,Yes,9,Cash,Weekly,0,1,52,49.8,50.2,Moderate Dependency,855,Silver,Neutral,0,49.8,0.0,0,0
116,53,Male,Skirt,Clothing,94,Wyoming,M,Gray,Spring,3.8,Yes,Standard,Yes,Yes,48,Debit Card,Every 3 Months,0,1,4,59.9,40.1,Moderate Dependency,4512,Platinum,Neutral,0,59.9,70.9,1,1
117,55,Male,Shoes,Footwear,86,Virginia,S,Blue,Spring,3.4,Yes,Free Shipping,Yes,Yes,12,Venmo,Annually,0,1,1,13.5,86.5,High Dependency,1032,Silver,Neutral,0,13.5,0.0,0,0
118,50,Male,Sandals,Footwear,32,South Dakota,L,Yellow,Summer,4.6,Yes,Express,Yes,Yes,29,Cash,Fortnightly,0,1,26,53.9,46.1,Moderate Dependency,928,Silver,Satisfied,1,53.9,0.0,0,0
119,50,Male,Sweater,Clothing,45,Kentucky,L,Orange,Fall,4.8,Yes,2-Day Shipping,Yes,Yes,27,Cash,Bi-Weekly,0,1,26,51.4,48.6,Moderate Dependency,1215,Silver,Satisfied,1,51.4,0.0,0,0
120,38,Male,Coat,Outerwear,76,Wyoming,M,Orange,Fall,4.3,Yes,Express,Yes,Yes,44,Cash,Annually,0,1,1,52.7,47.3,Moderate Dependency,3344,Platinum,Satisfied,1,52.7,43.5,0,1
121,64,Male,Hat,Accessories,84,West Virginia,L,Red,Summer,4.0,Yes,Express,Yes,Yes,32,Bank Transfer,Annually,0,1,1,38.0,62.0,Moderate Dependency,2688,Platinum,Neutral,0,38.0,22.8,0,0
122,19,Male,Shorts,Clothing,72,Virginia,M,Olive,Winter,4.2,Yes,Standard,Yes,Yes,11,Cash,Fortnightly,0,1,26,31.9,68.1,High Dependency,792,Silver,Satisfied,1,31.9,0.0,0,0
123,40,Male,Backpack,Accessories,40,Washington,L,Brown,Spring,4.8,Yes,2-Day Shipping,Yes,Yes,44,Cash,Fortnightly,0,1,26,72.3,27.7,Low Dependency,1760,Gold,Satisfied,1,72.3,21.3,1,0
124,57,Male,Sweater,Clothing,89,Louisiana,L,Brown,Fall,3.1,Yes,Free Shipping,Yes,Yes,46,Cash,Weekly,0,1,52,95.1,4.9,Low Dependency,4094,Platinum,Dissatisfied,0,95.1,80.2,1,1
125,44,Male,Sweater,Clothing,86,Nevada,M,Gray,Spring,3.1,Yes,Next Day Air,Yes,Yes,50,PayPal,Annually,0,1,1,60.0,40.0,Moderate Dependency,4300,Platinum,Dissatisfied,0,60.0,66.6,1,1
126,49,Male,Shorts,Clothing,54,California,M,Indigo,Winter,3.6,Yes,Next Day Air,Yes,Yes,45,Venmo,Every 3 Months,0,1,4,56.2,43.8,Moderate Dependency,2430,Platinum,Neutral,0,56.2,26.8,1,0
127,43,Male,Shorts,Clothing,36,Mississippi,L,Pink,Spring,3.9,Yes,Store Pickup,Yes,Yes,48,Cash,Every 3 Months,0,1,4,59.9,40.1,Moderate Dependency,1728,Gold,Neutral,0,59.9,14.4,1,0
128,24,Male,Sweater,Clothing,89,Mississippi,M,Gray,Winter,4.8,Yes,Next Day Air,Yes,Yes,26,Credit Card,Weekly,0,1,52,70.6,29.4,Low Dependency,2314,Platinum,Satisfied,1,70.6,31.7,1,1
129,20,Male,Scarf,Accessories,32,California,M,Gold,Spring,4.7,Yes,Standard,Yes,Yes,21,Credit Card,Fortnightly,0,1,26,44.1,55.9,Moderate Dependency,672,Silver,Satisfied,1,44.1,0.0,0,0
130,24,Male,Dress,Clothing,67,Pennsylvania,XL,Olive,Summer,4.2,Yes,2-Day Shipping,Yes,Yes,49,PayPal,Bi-Weekly,0,1,26,78.4,21.6,Low Dependency,3283,Platinum,Satisfied,1,78.4,55.3,1,1
131,44,Male,Scarf,Accessories,39,Kentucky,L,Violet,Fall,3.7,Yes,Next Day Air,Yes,Yes,13,PayPal,Fortnightly,0,1,26,34.3,65.7,Moderate Dependency,507,Bronze,Neutral,0,34.3,0.0,0,0
132,28,Male,Skirt,Clothing,29,Maine,L,Indigo,Summer,3.9,Yes,Standard,Yes,Yes,46,Credit Card,Weekly,0,1,52,95.1,4.9,Low Dependency,1334,Gold,Neutral,0,95.1,24.2,1,0
133,30,Male,Backpack,Accessories,58,New Mexico,M,Orange,Fall,4.7,Yes,2-Day Shipping,Yes,Yes,42,PayPal,Weekly,0,1,52,90.2,9.8,Low Dependency,2436,Platinum,Satisfied,1,90.2,44.0,1,1
134,52,Male,Sweater,Clothing,65,Montana,M,Violet,Winter,2.5,Yes,Next Day Air,Yes,Yes,25,Venmo,Annually,0,1,1,29.4,70.6,High Dependency,1625,Gold,Dissatisfied,0,29.4,0.0,0,0
135,43,Male,Hat,Accessories,94,Texas,L,Gray,Fall,4.9,Yes,Store Pickup,Yes,Yes,25,Cash,Monthly,0,1,12,38.0,62.0,Moderate Dependency,2350,Platinum,Satisfied,1,38.0,15.9,0,0
136,43,Male,Sandals,Footwear,81,Kansas,M,Purple,Fall,4.1,Yes,Express,Yes,Yes,12,PayPal,Quarterly,0,1,4,15.8,84.2,High Dependency,972,Silver,Satisfied,1,15.8,0.0,0,0
137,39,Male,Blouse,Clothing,86,South Carolina,M,White,Winter,3.3,Yes,Free Shipping,Yes,Yes,4,Debit Card,Quarterly,0,1,4,6.0,94.0,High Dependency,344,Bronze,Neutral,0,6.0,0.0,0,0
138,68,Male,Sneakers,Footwear,43,Colorado,M,Turquoise,Spring,4.7,Yes,Free Shipping,Yes,Yes,38,PayPal,Weekly,0,1,52,85.3,14.7,Low Dependency,1634,Gold,Satisfied,1,85.3,25.3,1,0
139,68,Male,Skirt,Clothing,29,Georgia,M,Maroon,Winter,4.4,Yes,Store Pickup,Yes,Yes,42,Bank Transfer,Weekly,0,1,52,90.2,9.8,Low Dependency,1218,Silver,Satisfied,1,90.2,19.3,1,0
140,49,Male,Coat,Outerwear,95,Florida,M,White,Fall,3.8,Yes,Store Pickup,Yes,Yes,30,Venmo,Annually,0,1,1,35.5,64.5,Moderate Dependency,2850,Platinum,Neutral,0,35.5,24.8,0,0
141,63,Male,Shirt,Clothing,28,North Carolina,L,Yellow,Fall,3.9,Yes,2-Day Shipping,Yes,Yes,50,Credit Card,Weekly,0,1,52,100.0,0.0,Low Dependency,1400,Gold,Neutral,0,100.0,28.0,1,0
142,56,Male,Gloves,Accessories,46,Virginia,M,Turquoise,Fall,4.9,Yes,Free Shipping,Yes,Yes,45,PayPal,Weekly,0,1,52,93.9,6.1,Low Dependency,2070,Gold,Satisfied,1,93.9,38.5,1,1
143,37,Male,Jacket,Outerwear,58,Nebraska,L,Violet,Fall,3.1,Yes,Free Shipping,Yes,Yes,33,Credit Card,Fortnightly,0,1,26,58.8,41.2,Moderate Dependency,1914,Gold,Dissatisfied,0,58.8,17.6,1,0
144,30,Male,Coat,Outerwear,48,Missouri,M,Beige,Fall,2.7,Yes,Store Pickup,Yes,Yes,25,PayPal,Quarterly,0,1,4,31.7,68.3,High Dependency,1200,Silver,Dissatisfied,0,31.7,0.0,0,0
145,19,Male,Shoes,Footwear,43,New Jersey,M,Silver,Fall,3.2,Yes,Express,Yes,Yes,25,Cash,Monthly,0,1,12,38.0,62.0,Moderate Dependency,1075,Silver,Dissatisfied,0,38.0,0.0,0,0
146,24,Male,Jewelry,Accessories,95,Missouri,M,Teal,Fall,4.5,Yes,Standard,Yes,Yes,44,Debit Card,Quarterly,0,1,4,55.0,45.0,Moderate Dependency,4180,Platinum,Satisfied,1,55.0,61.6,0,1
147,52,Male,Skirt,Clothing,30,Colorado,S,Black,Fall,4.0,Yes,Standard,Yes,Yes,21,Venmo,Fortnightly,0,1,26,44.1,55.9,Moderate Dependency,630,Silver,Neutral,0,44.1,0.0,0,0
148,63,Male,Shoes,Footwear,64,Idaho,M,Purple,Summer,3.5,Yes,2-Day Shipping,Yes,Yes,31,Bank Transfer,Fortnightly,0,1,26,56.3,43.7,Moderate Dependency,1984,Gold,Neutral,0,56.3,17.8,1,0
149,37,Male,Gloves,Accessories,90,Wyoming,M,Gray,Fall,2.6,Yes,Store Pickup,Yes,Yes,47,Debit Card,Annually,0,1,1,56.3,43.7,Moderate Dependency,4230,Platinum,Dissatisfied,0,56.3,63.3,1,1
150,38,Male,Pants,Clothing,76,Delaware,M,White,Summer,3.2,Yes,Free Shipping,Yes,Yes,14,PayPal,Monthly,0,1,12,24.5,75.5,High Dependency,1064,Silver,Dissatisfied,0,24.5,0.0,0,0
151,35,Male,Boots,Footwear,96,California,L,Cyan,Fall,4.9,Yes,Standard,Yes,Yes,17,Debit Card,Every 3 Months,0,1,4,21.9,78.1,High Dependency,1632,Gold,Satisfied,1,21.9,0.0,0,0
152,28,Male,Sunglasses,Accessories,47,North Dakota,L,Turquoise,Fall,4.5,Yes,Next Day Air,Yes,Yes,3,Venmo,Annually,0,1,1,2.4,97.6,High Dependency,141,Bronze,Satisfied,1,2.4,0.0,0,0
153,30,Male,Shirt,Clothing,85,South Carolina,S,Brown,Summer,4.3,Yes,Express,Yes,Yes,42,Venmo,Annually,0,1,1,50.2,49.8,Moderate Dependency,3570,Platinum,Satisfied,1,50.2,46.8,0,1
154,69,Male,Hoodie,Clothing,55,North Carolina,M,Maroon,Winter,3.2,Yes,Standard,Yes,Yes,22,Debit Card,Annually,0,1,1,25.7,74.3,High Dependency,1210,Silver,Dissatisfied,0,25.7,0.0,0,0
155,41,Male,Dress,Clothing,98,Oklahoma,M,Charcoal,Fall,3.6,Yes,Next Day Air,Yes,Yes,21,Venmo,Quarterly,0,1,4,26.8,73.2,High Dependency,2058,Gold,Neutral,0,26.8,4.4,0,0
156,63,Male,Socks,Clothing,77,Maine,S,Olive,Spring,4.3,Yes,Free Shipping,Yes,Yes,21,Bank Transfer,Quarterly,0,1,4,26.8,73.2,High Dependency,1617,Gold,Satisfied,1,26.8,0.0,0,0
157,35,Male,Shorts,Clothing,26,Missouri,M,Lavender,Fall,4.0,Yes,Standard,Yes,Yes,40,Debit Card,Annually,0,1,1,47.8,52.2,Moderate Dependency,1040,Silver,Neutral,0,47.8,0.0,0,0
158,36,Male,Hat,Accessories,68,Vermont,S,Yellow,Fall,3.0,Yes,Next Day Air,Yes,Yes,1,Bank Transfer,Fortnightly,0,1,26,19.6,80.4,High Dependency,68,Bronze,Dissatisfied,0,19.6,0.0,0,0
159,25,Male,Shirt,Clothing,73,Connecticut,XL,Teal,Fall,4.1,Yes,Standard,Yes,Yes,50,Bank Transfer,Monthly,0,1,12,68.6,31.4,Low Dependency,3650,Platinum,Satisfied,1,68.6,57.8,1,1
160,58,Male,Gloves,Accessories,27,New Hampshire,M,Charcoal,Fall,3.8,Yes,Store Pickup,Yes,Yes,39,Bank Transfer,Every 3 Months,0,1,4,48.9,51.1,Moderate Dependency,1053,Silver,Neutral,0,48.9,0.0,0,0
161,27,Male,Gloves,Accessories,23,Texas,M,Orange,Summer,4.6,Yes,Free Shipping,Yes,Yes,34,Venmo,Monthly,0,1,12,49.0,51.0,Moderate Dependency,782,Silver,Satisfied,1,49.0,0.0,0,0
162,65,Male,Backpack,Accessories,49,North Dakota,M,Olive,Fall,3.0,Yes,Express,Yes,Yes,29,Venmo,Fortnightly,0,1,26,53.9,46.1,Moderate Dependency,1421,Gold,Dissatisfied,0,53.9,5.1,0,0
163,54,Male,Sunglasses,Accessories,74,California,M,Turquoise,Summer,3.0,Yes,Store Pickup,Yes,Yes,31,PayPal,Bi-Weekly,0,1,26,56.3,43.7,Moderate Dependency,2294,Platinum,Dissatisfied,0,56.3,24.0,1,0
164,54,Male,Skirt,Clothing,67,Virginia,M,Purple,Summer,3.4,Yes,Standard,Yes,Yes,8,Debit Card,Weekly,0,1,52,48.6,51.4,Moderate Dependency,536,Bronze,Neutral,0,48.6,0.0,0,0
165,59,Male,Handbag,Accessories,65,Delaware,S,Purple,Spring,2.6,Yes,Free Shipping,Yes,Yes,5,Credit Card,Fortnightly,0,1,26,24.5,75.5,High Dependency,325,Bronze,Dissatisfied,0,24.5,0.0,0,0
166,42,Male,Handbag,Accessories,60,Kentucky,S,Yellow,Winter,2.8,Yes,Store Pickup,Yes,Yes,7,Cash,Monthly,0,1,12,16.0,84.0,High Dependency,420,Bronze,Dissatisfied,0,16.0,0.0,0,0
167,46,Male,Sneakers,Footwear,31,Delaware,XL,Indigo,Fall,4.0,Yes,Store Pickup,Yes,Yes,30,Cash,Monthly,0,1,12,44.1,55.9,Moderate Dependency,930,Silver,Neutral,0,44.1,0.0,0,0
168,33,Male,Gloves,Accessories,27,Arkansas,M,Green,Fall,4.0,Yes,Express,Yes,Yes,14,Credit Card,Every 3 Months,0,1,4,18.3,81.7,High Dependency,378,Bronze,Neutral,0,18.3,0.0,0,0
169,34,Male,Shoes,Footwear,80,Louisiana,M,Magenta,Summer,3.0,Yes,Express,Yes,Yes,5,Cash,Fortnightly,0,1,26,24.5,75.5,High Dependency,400,Bronze,Dissatisfied,0,24.5,0.0,0,0
170,27,Male,Jacket,Outerwear,30,Nevada,S,Gold,Summer,3.3,Yes,Standard,Yes,Yes,3,PayPal,Every 3 Months,0,1,4,4.8,95.2,High Dependency,90,Bronze,Neutral,0,4.8,0.0,0,0
171,52,Male,Shirt,Clothing,25,Wyoming,M,Maroon,Fall,2.6,Yes,Store Pickup,Yes,Yes,46,Venmo,Bi-Weekly,0,1,26,74.7,25.3,Low Dependency,1150,Silver,Dissatisfied,0,74.7,10.1,1,0
172,29,Male,Shorts,Clothing,35,Virginia,M,Blue,Summer,3.6,Yes,Store Pickup,Yes,Yes,4,Credit Card,Weekly,0,1,52,43.7,56.3,Moderate Dependency,140,Bronze,Neutral,0,43.7,0.0,0,0
173,54,Male,Jewelry,Accessories,67,Nebraska,M,Violet,Summer,3.9,Yes,Next Day Air,Yes,Yes,42,Credit Card,Bi-Weekly,0,1,26,69.8,30.2,Low Dependency,2814,Platinum,Neutral,0,69.8,41.4,1,1
174,25,Male,Hat,Accessories,46,Hawaii,M,Turquoise,Fall,3.4,Yes,Standard,Yes,Yes,30,Cash,Annually,0,1,1,35.5,64.5,Moderate Dependency,1380,Gold,Neutral,0,35.5,0.0,0,0
175,41,Male,Shoes,Footwear,35,Vermont,L,Brown,Winter,3.5,Yes,Express,Yes,Yes,37,Venmo,Annually,0,1,1,44.1,55.9,Moderate Dependency,1295,Gold,Neutral,0,44.1,0.0,0,0
176,53,Male,Coat,Outerwear,86,Oklahoma,L,Violet,Fall,2.8,Yes,Next Day Air,Yes,Yes,2,Bank Transfer,Annually,0,1,1,1.2,98.8,High Dependency,172,Bronze,Dissatisfied,0,1.2,0.0,0,0
177,53,Male,Backpack,Accessories,81,New Hampshire,L,Black,Spring,2.7,Yes,Next Day Air,Yes,Yes,30,Credit Card,Quarterly,0,1,4,37.9,62.1,Moderate Dependency,2430,Platinum,Dissatisfied,0,37.9,17.5,0,0
178,21,Male,Hoodie,Clothing,42,Kansas,L,Magenta,Fall,3.7,Yes,Next Day Air,Yes,Yes,47,Bank Transfer,Monthly,0,1,12,65.0,35.0,Moderate Dependency,1974,Gold,Neutral,0,65.0,21.9,1,0
179,61,Male,Skirt,Clothing,43,Idaho,L,Lavender,Fall,4.3,Yes,2-Day Shipping,Yes,Yes,21,PayPal,Quarterly,0,1,4,26.8,73.2,High Dependency,903,Silver,Satisfied,1,26.8,0.0,0,0
180,64,Male,Boots,Footwear,31,Illinois,M,Violet,Fall,4.9,Yes,Store Pickup,Yes,Yes,9,Bank Transfer,Fortnightly,0,1,26,29.4,70.6,High Dependency,279,Bronze,Satisfied,1,29.4,0.0,0,0
181,51,Male,Sandals,Footwear,81,South Dakota,L,Green,Fall,3.3,Yes,Store Pickup,Yes,Yes,12,Debit Card,Fortnightly,0,1,26,33.1,66.9,High Dependency,972,Silver,Neutral,0,33.1,0.0,0,0
182,32,Male,Pants,Clothing,61,Massachusetts,M,Beige,Summer,4.7,Yes,Next Day Air,Yes,Yes,4,Bank Transfer,Weekly,0,1,52,43.7,56.3,Moderate Dependency,244,Bronze,Satisfied,1,43.7,0.0,0,0
183,38,Male,Gloves,Accessories,96,Alabama,XL,Purple,Summer,2.8,Yes,Store Pickup,Yes,Yes,10,Debit Card,Annually,0,1,1,11.0,89.0,High Dependency,960,Silver,Dissatisfied,0,11.0,0.0,0,0
184,58,Male,Skirt,Clothing,29,Ohio,XL,Beige,Spring,3.6,Yes,2-Day Shipping,Yes,Yes,26,Credit Card,Weekly,0,1,52,70.6,29.4,Low Dependency,754,Silver,Neutral,0,70.6,0.0,1,0
185,32,Male,Sneakers,Footwear,33,Hawaii,L,Cyan,Spring,3.0,Yes,Express,Yes,Yes,40,Cash,Fortnightly,0,1,26,67.4,32.6,Low Dependency,1320,Gold,Dissatisfied,0,67.4,9.9,1,0
186,46,Male,T-shirt,Clothing,32,Wisconsin,XL,Silver,Summer,4.5,Yes,Store Pickup,Yes,Yes,34,Bank Transfer,Fortnightly,0,1,26,60.0,40.0,Moderate Dependency,1088,Silver,Satisfied,1,60.0,1.4,1,0
187,39,Male,Backpack,Accessories,56,Minnesota,S,Lavender,Summer,2.9,Yes,Standard,Yes,Yes,31,Debit Card,Annually,0,1,1,36.7,63.3,Moderate Dependency,1736,Gold,Dissatisfied,0,36.7,2.8,0,0
188,19,Male,Shoes,Footwear,94,Georgia,S,Purple,Spring,3.3,Yes,Store Pickup,Yes,Yes,1,Bank Transfer,Bi-Weekly,0,1,26,19.6,80.4,High Dependency,94,Bronze,Neutral,0,19.6,0.0,0,0
189,50,Male,Hoodie,Clothing,53,Arkansas,M,Pink,Spring,3.1,Yes,Express,Yes,Yes,5,Bank Transfer,Bi-Weekly,0,1,26,24.5,75.5,High Dependency,265,Bronze,Dissatisfied,0,24.5,0.0,0,0
190,36,Male,Blouse,Clothing,82,West Virginia,M,Maroon,Fall,4.4,Yes,Next Day Air,Yes,Yes,4,Credit Card,Weekly,0,1,52,43.7,56.3,Moderate Dependency,328,Bronze,Satisfied,1,43.7,0.0,0,0
191,65,Male,Coat,Outerwear,70,Indiana,XL,Beige,Fall,3.0,Yes,Free Shipping,Yes,Yes,48,Venmo,Quarterly,0,1,4,59.9,40.1,Moderate Dependency,3360,Platinum,Dissatisfied,0,59.9,47.5,1,1
192,64,Male,Hat,Accessories,76,Utah,M,Gray,Fall,3.9,Yes,Free Shipping,Yes,Yes,29,Cash,Every 3 Months,0,1,4,36.6,63.4,Moderate Dependency,2204,Gold,Neutral,0,36.6,12.3,0,0
193,46,Male,Shoes,Footwear,29,Nebraska,L,Turquoise,Summer,2.9,Yes,Express,Yes,Yes,12,PayPal,Bi-Weekly,0,1,26,33.1,66.9,High Dependency,348,Bronze,Dissatisfied,0,33.1,0.0,0,0
194,36,Male,Belt,Accessories,100,North Dakota,S,Silver,Fall,3.0,Yes,Standard,Yes,Yes,29,Venmo,Annually,0,1,1,34.3,65.7,Moderate Dependency,2900,Platinum,Dissatisfied,0,34.3,25.2,0,0
195,51,Male,Backpack,Accessories,94,Missouri,M,Olive,Spring,3.1,Yes,Express,Yes,Yes,15,Debit Card,Quarterly,0,1,4,19.5,80.5,High Dependency,1410,Gold,Dissatisfied,0,19.5,0.0,0,0
196,51,Male,Jacket,Outerwear,25,New York,M,Magenta,Fall,4.3,Yes,Free Shipping,Yes,Yes,34,Credit Card,Monthly,0,1,12,49.0,51.0,Moderate Dependency,850,Silver,Satisfied,1,49.0,0.0,0,0
197,38,Male,Boots,Footwear,88,Washington,M,Lavender,Summer,3.9,Yes,Next Day Air,Yes,Yes,41,Credit Card,Fortnightly,0,1,26,68.6,31.4,Low Dependency,3608,Platinum,Neutral,0,68.6,56.9,1,1
198,59,Male,Scarf,Accessories,78,South Carolina,M,Black,Fall,3.2,Yes,2-Day Shipping,Yes,Yes,41,Credit Card,Monthly,0,1,12,57.6,42.4,Moderate Dependency,3198,Platinum,Dissatisfied,0,57.6,43.0,1,1
199,57,Male,Jewelry,Accessories,45,Utah,M,Turquoise,Winter,4.8,Yes,Standard,Yes,Yes,39,Credit Card,Fortnightly,0,1,26,66.1,33.9,Moderate Dependency,1755,Gold,Satisfied,1,66.1,18.1,1,0
200,54,Male,Hat,Accessories,73,Idaho,XL,Green,Summer,3.8,Yes,Express,Yes,Yes,32,Cash,Weekly,0,1,52,78.0,22.0,Low Dependency,2336,Platinum,Neutral,0,78.0,35.9,1,1
201,25,Male,Dress,Clothing,61,Pennsylvania,S,Teal,Summer,3.3,Yes,Next Day Air,Yes,Yes,29,Venmo,Monthly,0,1,12,42.9,57.1,Moderate Dependency,1769,Gold,Neutral,0,42.9,6.6,0,0
202,69,Male,Blouse,Clothing,22,Missouri,S,Beige,Fall,4.3,Yes,Free Shipping,Yes,Yes,15,Bank Transfer,Annually,0,1,1,17.1,82.9,High Dependency,330,Bronze,Satisfied,1,17.1,0.0,0,0
203,57,Male,Hat,Accessories,38,Nebraska,L,Magenta,Spring,2.7,Yes,Express,Yes,Yes,33,Venmo,Annually,0,1,1,39.2,60.8,Moderate Dependency,1254,Silver,Dissatisfied,0,39.2,0.0,0,0
204,70,Male,Scarf,Accessories,38,Indiana,S,Yellow,Fall,3.2,Yes,Next Day Air,Yes,Yes,18,Bank Transfer,Weekly,0,1,52,60.8,39.2,Moderate Dependency,684,Silver,Dissatisfied,0,60.8,0.0,1,0
205,24,Male,Sneakers,Footwear,100,Arizona,M,Yellow,Fall,4.0,Yes,Store Pickup,Yes,Yes,35,Cash,Bi-Weekly,0,1,26,61.2,38.8,Moderate Dependency,3500,Platinum,Neutral,0,61.2,51.0,1,1
206,67,Male,Shirt,Clothing,64,Hawaii,M,Silver,Winter,3.0,Yes,Standard,Yes,Yes,25,PayPal,Weekly,0,1,52,69.4,30.6,Low Dependency,1600,Gold,Dissatisfied,0,69.4,16.6,1,0
207,24,Male,T-shirt,Clothing,55,Wisconsin,L,Silver,Summer,4.2,Yes,Free Shipping,Yes,Yes,6,Venmo,Fortnightly,0,1,26,25.7,74.3,High Dependency,330,Bronze,Satisfied,1,25.7,0.0,0,0
208,62,Male,Gloves,Accessories,91,Rhode Island,M,Silver,Summer,2.9,Yes,Express,Yes,Yes,17,Bank Transfer,Bi-Weekly,0,1,26,39.2,60.8,Moderate Dependency,1547,Gold,Dissatisfied,0,39.2,0.3,0,0
209,57,Male,Skirt,Clothing,38,Wisconsin,M,Gold,Spring,4.1,Yes,Store Pickup,Yes,Yes,17,Credit Card,Monthly,0,1,12,28.2,71.8,High Dependency,646,Silver,Satisfied,1,28.2,0.0,0,0
210,55,Male,Sandals,Footwear,97,Minnesota,S,Olive,Winter,3.2,Yes,Store Pickup,Yes,Yes,44,Cash,Every 3 Months,0,1,4,55.0,45.0,Moderate Dependency,4268,Platinum,Dissatisfied,0,55.0,63.4,0,1
211,45,Male,Jacket,Outerwear,22,Vermont,L,Teal,Fall,3.0,Yes,2-Day Shipping,Yes,Yes,6,PayPal,Fortnightly,0,1,26,25.7,74.3,High Dependency,132,Bronze,Dissatisfied,0,25.7,0.0,0,0
212,69,Male,Skirt,Clothing,92,South Dakota,L,Maroon,Fall,4.2,Yes,2-Day Shipping,Yes,Yes,45,Debit Card,Fortnightly,0,1,26,73.5,26.5,Low Dependency,4140,Platinum,Satisfied,1,73.5,70.2,1,1
213,67,Male,Handbag,Accessories,84,Virginia,L,Blue,Fall,4.2,Yes,Express,Yes,Yes,7,Debit Card,Annually,0,1,1,7.3,92.7,High Dependency,588,Bronze,Satisfied,1,7.3,0.0,0,0
214,30,Male,Handbag,Accessories,93,Nevada,L,Peach,Fall,4.4,Yes,Store Pickup,Yes,Yes,11,Debit Card,Every 3 Months,0,1,4,14.6,85.4,High Dependency,1023,Silver,Satisfied,1,14.6,0.0,0,0
215,24,Male,Jacket,Outerwear,50,Hawaii,L,Blue,Summer,4.2,Yes,Next Day Air,Yes,Yes,41,Cash,Every 3 Months,0,1,4,51.3,48.7,Moderate Dependency,2050,Gold,Satisfied,1,51.3,16.6,0,0
216,62,Male,Scarf,Accessories,64,New Jersey,S,Orange,Spring,2.8,Yes,2-Day Shipping,Yes,Yes,24,PayPal,Bi-Weekly,0,1,26,47.8,52.2,Moderate Dependency,1536,Gold,Dissatisfied,0,47.8,4.4,0,0
217,43,Male,Shorts,Clothing,61,Massachusetts,L,Yellow,Spring,3.7,Yes,Free Shipping,Yes,Yes,21,Venmo,Weekly,0,1,52,64.5,35.5,Moderate Dependency,1281,Gold,Neutral,0,64.5,7.6,1,0
218,35,Male,Sunglasses,Accessories,48,Oklahoma,M,Purple,Winter,3.5,Yes,Next Day Air,Yes,Yes,24,Bank Transfer,Annually,0,1,1,28.2,71.8,High Dependency,1152,Silver,Neutral,0,28.2,0.0,0,0
219,28,Male,T-shirt,Clothing,45,California,S,Magenta,Spring,2.9,Yes,Store Pickup,Yes,Yes,8,Credit Card,Quarterly,0,1,4,10.9,89.1,High Dependency,360,Bronze,Dissatisfied,0,10.9,0.0,0,0
220,32,Male,Belt,Accessories,88,Nevada,M,Cyan,Spring,3.0,Yes,Free Shipping,Yes,Yes,12,Cash,Fortnightly,0,1,26,33.1,66.9,High Dependency,1056,Silver,Dissatisfied,0,33.1,0.0,0,0
221,39,Male,Sneakers,Footwear,57,Arizona,S,Indigo,Spring,3.7,Yes,Express,Yes,Yes,48,Debit Card,Fortnightly,0,1,26,77.2,22.8,Low Dependency,2736,Platinum,Neutral,0,77.2,43.6,1,1
222,28,Male,Hat,Accessories,68,North Carolina,XL,Magenta,Summer,4.4,Yes,Store Pickup,Yes,Yes,6,Bank Transfer,Quarterly,0,1,4,8.5,91.5,High Dependency,408,Bronze,Satisfied,1,8.5,0.0,0,0
223,47,Male,Gloves,Accessories,94,New York,XL,Gray,Spring,4.5,Yes,2-Day Shipping,Yes,Yes,14,PayPal,Fortnightly,0,1,26,35.5,64.5,Moderate Dependency,1316,Gold,Satisfied,1,35.5,0.0,0,0
224,20,Male,Pants,Clothing,41,Wyoming,M,Turquoise,Spring,4.8,Yes,Free Shipping,Yes,Yes,34,PayPal,Annually,0,1,1,40.4,59.6,Moderate Dependency,1394,Gold,Satisfied,1,40.4,0.0,0,0
225,63,Male,Socks,Clothing,83,South Dakota,S,Beige,Summer,2.9,Yes,Free Shipping,Yes,Yes,12,Cash,Every 3 Months,0,1,4,15.8,84.2,High Dependency,996,Silver,Dissatisfied,0,15.8,0.0,0,0
226,25,Male,Jacket,Outerwear,22,Arkansas,M,Olive,Spring,3.2,Yes,Next Day Air,Yes,Yes,11,Bank Transfer,Annually,0,1,1,12.2,87.8,High Dependency,242,Bronze,Dissatisfied,0,12.2,0.0,0,0
227,29,Male,Shoes,Footwear,74,Texas,L,Violet,Spring,3.3,Yes,Free Shipping,Yes,Yes,5,PayPal,Monthly,0,1,12,13.5,86.5,High Dependency,370,Bronze,Neutral,0,13.5,0.0,0,0
228,50,Male,Jeans,Clothing,90,Rhode Island,M,Turquoise,Winter,4.2,Yes,Standard,Yes,Yes,25,Venmo,Fortnightly,0,1,26,49.0,51.0,Moderate Dependency,2250,Platinum,Satisfied,1,49.0,19.5,0,0
229,18,Male,Socks,Clothing,79,New Hampshire,M,White,Spring,2.9,Yes,Store Pickup,Yes,Yes,11,Credit Card,Annually,0,1,1,12.2,87.8,High Dependency,869,Silver,Dissatisfied,0,12.2,0.0,0,0
230,70,Male,Sandals,Footwear,28,Ohio,S,Silver,Spring,4.6,Yes,Next Day Air,Yes,Yes,27,PayPal,Every 3 Months,0,1,4,34.2,65.8,Moderate Dependency,756,Silver,Satisfied,1,34.2,0.0,0,0
231,66,Male,Scarf,Accessories,88,Utah,L,Olive,Fall,4.1,Yes,Standard,Yes,Yes,43,Credit Card,Annually,0,1,1,51.4,48.6,Moderate Dependency,3784,Platinum,Satisfied,1,51.4,51.8,0,1
232,28,Male,Blouse,Clothing,26,Tennessee,M,Blue,Spring,3.1,Yes,2-Day Shipping,Yes,Yes,18,Debit Card,Every 3 Months,0,1,4,23.2,76.8,High Dependency,468,Bronze,Dissatisfied,0,23.2,0.0,0,0
233,54,Male,Jewelry,Accessories,27,Hawaii,L,Purple,Winter,4.2,Yes,Express,Yes,Yes,32,Bank Transfer,Bi-Weekly,0,1,26,57.6,42.4,Moderate Dependency,864,Silver,Satisfied,1,57.6,0.0,1,0
234,19,Male,Sweater,Clothing,83,Arizona,XL,Yellow,Fall,4.5,Yes,Next Day Air,Yes,Yes,27,Bank Transfer,Every 3 Months,0,1,4,34.2,65.8,Moderate Dependency,2241,Platinum,Satisfied,1,34.2,11.8,0,0
235,20,Male,Gloves,Accessories,39,South Dakota,S,Silver,Summer,3.7,Yes,Next Day Air,Yes,Yes,24,Credit Card,Weekly,0,1,52,68.2,31.8,Low Dependency,936,Silver,Neutral,0,68.2,2.5,1,0
236,43,Male,Sunglasses,Accessories,89,New Jersey,M,Cyan,Winter,3.7,Yes,Free Shipping,Yes,Yes,31,Debit Card,Quarterly,0,1,4,39.1,60.9,Moderate Dependency,2759,Platinum,Neutral,0,39.1,24.8,0,0
237,38,Male,Coat,Outerwear,68,North Dakota,L,Green,Winter,3.4,Yes,Next Day Air,Yes,Yes,39,PayPal,Fortnightly,0,1,26,66.1,33.9,Moderate Dependency,2652,Platinum,Neutral,0,66.1,36.3,1,1
238,50,Male,Dress,Clothing,90,Iowa,M,Beige,Summer,3.0,Yes,Store Pickup,Yes,Yes,36,Debit Card,Fortnightly,0,1,26,62.5,37.5,Moderate Dependency,3240,Platinum,Dissatisfied,0,62.5,46.4,1,1
239,64,Male,Skirt,Clothing,34,Ohio,M,Peach,Fall,4.2,Yes,Free Shipping,Yes,Yes,5,Cash,Annually,0,1,1,4.9,95.1,High Dependency,170,Bronze,Satisfied,1,4.9,0.0,0,0
240,49,Male,Pants,Clothing,51,Vermont,L,Yellow,Summer,2.9,Yes,Express,Yes,Yes,47,Credit Card,Bi-Weekly,0,1,26,75.9,24.1,Low Dependency,2397,Platinum,Dissatisfied,0,75.9,36.0,1,1
241,47,Male,Sweater,Clothing,45,Montana,XL,Turquoise,Winter,3.5,Yes,Free Shipping,Yes,Yes,29,Bank Transfer,Fortnightly,0,1,26,53.9,46.1,Moderate Dependency,1305,Gold,Neutral,0,53.9,2.8,0,0
242,36,Male,Hoodie,Clothing,88,Delaware,M,Peach,Winter,4.1,Yes,Free Shipping,Yes,Yes,43,Venmo,Bi-Weekly,0,1,26,71.0,29.0,Low Dependency,3784,Platinum,Satisfied,1,71.0,61.7,1,1
243,55,Male,Coat,Outerwear,85,New York,L,Gray,Summer,4.3,Yes,Store Pickup,Yes,Yes,40,Debit Card,Every 3 Months,0,1,4,50.1,49.9,Moderate Dependency,3400,Platinum,Satisfied,1,50.1,43.4,0,1
244,25,Male,Jewelry,Accessories,100,Kentucky,M,Olive,Winter,2.8,Yes,2-Day Shipping,Yes,Yes,4,Debit Card,Monthly,0,1,12,12.3,87.7,High Dependency,400,Bronze,Dissatisfied,0,12.3,0.0,0,0
245,53,Male,Belt,Accessories,42,Oregon,S,Indigo,Spring,4.9,Yes,2-Day Shipping,Yes,Yes,39,PayPal,Weekly,0,1,52,86.5,13.5,Low Dependency,1638,Gold,Satisfied,1,86.5,26.0,1,0
246,49,Male,Sandals,Footwear,53,Rhode Island,L,Charcoal,Summer,3.3,Yes,Next Day Air,Yes,Yes,45,Venmo,Fortnightly,0,1,26,73.5,26.5,Low Dependency,2385,Platinum,Neutral,0,73.5,34.6,1,1
247,35,Male,Sunglasses,Accessories,86,Nevada,XL,Beige,Spring,3.2,Yes,Express,Yes,Yes,20,Venmo,Bi-Weekly,0,1,26,42.9,57.1,Moderate Dependency,1720,Gold,Dissatisfied,0,42.9,5.6,0,0
248,29,Male,Sweater,Clothing,66,Montana,XL,Brown,Spring,4.4,Yes,Standard,Yes,Yes,14,Debit Card,Weekly,0,1,52,55.9,44.1,Moderate Dependency,924,Silver,Satisfied,1,55.9,0.0,1,0
249,47,Male,Belt,Accessories,100,Pennsylvania,M,Blue,Winter,4.8,Yes,Express,Yes,Yes,33,PayPal,Weekly,0,1,52,79.2,20.8,Low Dependency,3300,Platinum,Satisfied,1,79.2,56.0,1,1
250,53,Male,Handbag,Accessories,47,Alaska,S,Teal,Fall,4.2,Yes,Standard,Yes,Yes,18,Credit Card,Annually,0,1,1,20.8,79.2,High Dependency,846,Silver,Satisfied,1,20.8,0.0,0,0
251,33,Male,Skirt,Clothing,25,Mississippi,L,Black,Fall,4.0,Yes,Express,Yes,Yes,9,Bank Transfer,Weekly,0,1,52,49.8,50.2,Moderate Dependency,225,Bronze,Neutral,0,49.8,0.0,0,0
252,21,Male,Handbag,Accessories,51,Wyoming,XL,Gold,Winter,2.5,Yes,Standard,Yes,Yes,34,PayPal,Annually,0,1,1,40.4,59.6,Moderate Dependency,1734,Gold,Dissatisfied,0,40.4,4.7,0,0
253,32,Male,Shorts,Clothing,41,Delaware,M,Violet,Summer,3.9,Yes,Free Shipping,Yes,Yes,33,Venmo,Fortnightly,0,1,26,58.8,41.2,Moderate Dependency,1353,Gold,Neutral,0,58.8,6.2,1,0
254,52,Male,Boots,Footwear,73,Oklahoma,L,Cyan,Winter,4.9,Yes,2-Day Shipping,Yes,Yes,15,Bank Transfer,Bi-Weekly,0,1,26,36.8,63.2,Moderate Dependency,1095,Silver,Satisfied,1,36.8,0.0,0,0
255,67,Male,Sunglasses,Accessories,42,Indiana,M,White,Winter,3.5,Yes,Store Pickup,Yes,Yes,4,PayPal,Bi-Weekly,0,1,26,23.3,76.7,High Dependency,168,Bronze,Neutral,0,23.3,0.0,0,0
256,43,Male,Scarf,Accessories,20,Maryland,M,Charcoal,Spring,4.2,Yes,Free Shipping,Yes,Yes,25,Debit Card,Annually,0,1,1,29.4,70.6,High Dependency,500,Bronze,Satisfied,1,29.4,0.0,0,0
257,58,Male,Jewelry,Accessories,30,South Dakota,XL,Violet,Spring,4.7,Yes,Express,Yes,Yes,20,Credit Card,Every 3 Months,0,1,4,25.6,74.4,High Dependency,600,Bronze,Satisfied,1,25.6,0.0,0,0
258,20,Male,Handbag,Accessories,53,West Virginia,M,Red,Summer,4.5,Yes,Express,Yes,Yes,5,Credit Card,Quarterly,0,1,4,7.3,92.7,High Dependency,265,Bronze,Satisfied,1,7.3,0.0,0,0
259,61,Male,Gloves,Accessories,74,Alabama,S,Lavender,Spring,2.8,Yes,Express,Yes,Yes,16,Cash,Quarterly,0,1,4,20.7,79.3,High Dependency,1184,Silver,Dissatisfied,0,20.7,0.0,0,0
260,32,Male,Jeans,Clothing,57,Louisiana,M,Gold,Fall,2.9,Yes,Standard,Yes,Yes,13,Debit Card,Annually,0,1,1,14.7,85.3,High Dependency,741,Silver,Dissatisfied,0,14.7,0.0,0,0
261,38,Male,Hat,Accessories,57,Montana,S,Red,Winter,3.2,Yes,2-Day Shipping,Yes,Yes,11,Credit Card,Every 3 Months,0,1,4,14.6,85.4,High Dependency,627,Silver,Dissatisfied,0,14.6,0.0,0,0
262,21,Male,Jeans,Clothing,77,California,L,Magenta,Winter,4.9,Yes,Standard,Yes,Yes,21,Credit Card,Annually,0,1,1,24.5,75.5,High Dependency,1617,Gold,Satisfied,1,24.5,0.0,0,0
263,37,Male,Pants,Clothing,40,Hawaii,M,Teal,Summer,3.8,Yes,Next Day Air,Yes,Yes,6,Debit Card,Annually,1,1,1,6.1,93.9,High Dependency,240,Bronze,Neutral,0,6.1,0.0,0,0
264,27,Male,Shorts,Clothing,46,Iowa,M,Purple,Summer,4.3,Yes,Store Pickup,Yes,Yes,29,Venmo,Monthly,0,1,12,42.9,57.1,Moderate Dependency,1334,Gold,Satisfied,1,42.9,0.0,0,0
265,36,Male,Pants,Clothing,78,Colorado,S,Charcoal,Fall,3.9,Yes,Store Pickup,Yes,Yes,15,Cash,Annually,0,1,1,17.1,82.9,High Dependency,1170,Silver,Neutral,0,17.1,0.0,0,0
266,32,Male,Backpack,Accessories,59,Michigan,M,Gray,Spring,3.2,Yes,2-Day Shipping,Yes,Yes,17,Bank Transfer,Bi-Weekly,0,1,26,39.2,60.8,Moderate Dependency,1003,Silver,Dissatisfied,0,39.2,0.0,0,0
267,51,Male,Jewelry,Accessories,75,Louisiana,L,White,Summer,3.1,Yes,Express,Yes,Yes,32,Credit Card,Weekly,0,1,52,78.0,22.0,Low Dependency,2400,Platinum,Dissatisfied,0,78.0,37.2,1,1
268,64,Male,Sweater,Clothing,54,Maryland,M,Olive,Spring,3.9,Yes,2-Day Shipping,Yes,Yes,42,Venmo,Annually,0,1,1,50.2,49.8,Moderate Dependency,2268,Platinum,Neutral,0,50.2,20.4,0,0
269,68,Male,Shoes,Footwear,42,Georgia,M,Charcoal,Spring,2.6,Yes,Store Pickup,Yes,Yes,21,Cash,Monthly,0,1,12,33.1,66.9,High Dependency,882,Silver,Dissatisfied,0,33.1,0.0,0,0
270,68,Male,Blouse,Clothing,44,Georgia,M,Charcoal,Winter,3.3,Yes,Next Day Air,Yes,Yes,9,Cash,Bi-Weekly,0,1,26,29.4,70.6,High Dependency,396,Bronze,Neutral,0,29.4,0.0,0,0
271,33,Male,Jeans,Clothing,52,North Dakota,XL,Orange,Fall,4.6,Yes,Free Shipping,Yes,Yes,16,Bank Transfer,Annually,0,1,1,18.4,81.6,High Dependency,832,Silver,Satisfied,1,18.4,0.0,0,0
272,65,Male,Sunglasses,Accessories,69,Maryland,XL,Yellow,Summer,4.6,Yes,Express,Yes,Yes,42,Credit Card,Fortnightly,0,1,26,69.8,30.2,Low Dependency,2898,Platinum,Satisfied,1,69.8,43.1,1,1
273,48,Male,Jewelry,Accessories,26,Oregon,M,Beige,Summer,4.4,Yes,2-Day Shipping,Yes,Yes,37,Debit Card,Bi-Weekly,0,1,26,63.7,36.3,Moderate Dependency,962,Silver,Satisfied,1,63.7,0.8,1,0
274,69,Male,Coat,Outerwear,33,North Dakota,S,Silver,Spring,4.2,Yes,Express,Yes,Yes,32,Debit Card,Quarterly,0,1,4,40.3,59.7,Moderate Dependency,1056,Silver,Satisfied,1,40.3,0.0,0,0
275,59,Male,Jewelry,Accessories,32,Maryland,M,Indigo,Spring,3.0,Yes,Express,Yes,Yes,28,Cash,Bi-Weekly,0,1,26,52.7,47.3,Moderate Dependency,896,Silver,Dissatisfied,0,52.7,0.0,0,0
276,48,Male,Backpack,Accessories,85,Virginia,XL,Lavender,Winter,4.0,Yes,Express,Yes,Yes,13,Credit Card,Weekly,0,1,52,54.7,45.3,Moderate Dependency,1105,Silver,Neutral,0,54.7,0.0,0,0
277,25,Male,Skirt,Clothing,30,South Dakota,XL,Turquoise,Fall,3.5,Yes,Express,Yes,Yes,11,Bank Transfer,Fortnightly,0,1,26,31.9,68.1,High Dependency,330,Bronze,Neutral,0,31.9,0.0,0,0
278,29,Male,Shirt,Clothing,29,Georgia,M,Green,Winter,3.0,Yes,Store Pickup,Yes,Yes,36,Bank Transfer,Bi-Weekly,0,1,26,62.5,37.5,Moderate Dependency,1044,Silver,Dissatisfied,0,62.5,1.8,1,0
279,57,Male,Sweater,Clothing,95,Hawaii,M,Orange,Spring,3.7,Yes,Express,Yes,Yes,23,Debit Card,Annually,0,1,1,26.9,73.1,High Dependency,2185,Gold,Neutral,0,26.9,7.0,0,0
280,23,Male,Sneakers,Footwear,69,Arkansas,L,Turquoise,Summer,4.0,Yes,Standard,Yes,Yes,37,Bank Transfer,Monthly,0,1,12,52.7,47.3,Moderate Dependency,2553,Platinum,Neutral,0,52.7,27.5,0,0
281,45,Male,Sandals,Footwear,69,Montana,S,Cyan,Fall,4.2,Yes,2-Day Shipping,Yes,Yes,21,Cash,Bi-Weekly,0,1,26,44.1,55.9,Moderate Dependency,1449,Gold,Satisfied,1,44.1,0.7,0,0
282,38,Male,Belt,Accessories,61,Oklahoma,XL,Charcoal,Spring,2.5,Yes,Standard,Yes,Yes,22,Debit Card,Bi-Weekly,0,1,26,45.3,54.7,Moderate Dependency,1342,Gold,Dissatisfied,0,45.3,0.0,0,0
283,21,Male,Skirt,Clothing,94,Minnesota,M,Teal,Summer,3.0,Yes,2-Day Shipping,Yes,Yes,9,Cash,Monthly,0,1,12,18.4,81.6,High Dependency,846,Silver,Dissatisfied,0,18.4,0.0,0,0
284,32,Male,Sweater,Clothing,30,Montana,S,Maroon,Fall,3.2,Yes,Next Day Air,Yes,Yes,16,Venmo,Annually,0,1,1,18.4,81.6,High Dependency,480,Bronze,Dissatisfied,0,18.4,0.0,0,0
285,63,Male,Skirt,Clothing,45,Ohio,M,Red,Summer,3.5,Yes,Standard,Yes,Yes,4,PayPal,Quarterly,0,1,4,6.0,94.0,High Dependency,180,Bronze,Neutral,0,6.0,0.0,0,0
286,29,Male,Handbag,Accessories,39,Kentucky,XL,Yellow,Summer,4.8,Yes,Express,Yes,Yes,3,Debit Card,Bi-Weekly,0,1,26,22.1,77.9,High Dependency,117,Bronze,Satisfied,1,22.1,0.0,0,0
287,27,Male,Jewelry,Accessories,51,Nebraska,L,Gray,Summer,2.6,Yes,Store Pickup,Yes,Yes,6,Debit Card,Annually,0,1,1,6.1,93.9,High Dependency,306,Bronze,Dissatisfied,0,6.1,0.0,0,0
288,56,Male,Scarf,Accessories,37,Delaware,L,Blue,Spring,3.4,Yes,2-Day Shipping,Yes,Yes,18,Venmo,Fortnightly,0,1,26,40.4,59.6,Moderate Dependency,666,Silver,Neutral,0,40.4,0.0,0,0
289,30,Male,T-shirt,Clothing,62,North Carolina,M,Lavender,Winter,3.7,Yes,2-Day Shipping,Yes,Yes,34,Venmo,Bi-Weekly,0,1,26,60.0,40.0,Moderate Dependency,2108,Gold,Neutral,0,60.0,22.1,1,0
290,49,Male,Coat,Outerwear,85,New York,M,Yellow,Fall,4.5,Yes,2-Day Shipping,Yes,Yes,26,Credit Card,Monthly,0,1,12,39.2,60.8,Moderate Dependency,2210,Gold,Satisfied,1,39.2,13.7,0,0
291,58,Male,T-shirt,Clothing,33,Colorado,M,Indigo,Winter,3.7,Yes,Standard,Yes,Yes,50,PayPal,Weekly,0,1,52,100.0,0.0,Low Dependency,1650,Gold,Neutral,0,100.0,33.0,1,1
292,57,Male,Dress,Clothing,26,Delaware,XL,Violet,Fall,3.3,Yes,Next Day Air,Yes,Yes,40,Bank Transfer,Monthly,0,1,12,56.4,43.6,Moderate Dependency,1040,Silver,Neutral,0,56.4,0.0,1,0
293,60,Male,Shoes,Footwear,99,Utah,M,Green,Spring,4.7,Yes,Free Shipping,Yes,Yes,24,Cash,Quarterly,0,1,4,30.5,69.5,High Dependency,2376,Platinum,Satisfied,1,30.5,12.7,0,0
294,69,Male,Handbag,Accessories,39,Connecticut,M,White,Spring,2.7,Yes,Express,Yes,Yes,33,PayPal,Annually,0,1,1,39.2,60.8,Moderate Dependency,1287,Gold,Dissatisfied,0,39.2,0.0,0,0
295,70,Male,Skirt,Clothing,20,New Jersey,M,Gold,Spring,4.6,Yes,Store Pickup,Yes,Yes,19,Credit Card,Every 3 Months,0,1,4,24.4,75.6,High Dependency,380,Bronze,Satisfied,1,24.4,0.0,0,0
296,53,Male,Sunglasses,Accessories,42,West Virginia,M,Indigo,Winter,2.7,Yes,Store Pickup,Yes,Yes,24,Credit Card,Quarterly,0,1,4,30.5,69.5,High Dependency,1008,Silver,Dissatisfied,0,30.5,0.0,0,0
297,25,Male,Sandals,Footwear,74,Indiana,S,Lavender,Spring,4.8,Yes,2-Day Shipping,Yes,Yes,19,Credit Card,Weekly,0,1,52,62.0,38.0,Moderate Dependency,1406,Gold,Satisfied,1,62.0,8.9,1,0
298,48,Male,Shoes,Footwear,26,Delaware,XL,Purple,Summer,4.4,Yes,Standard,Yes,Yes,4,Credit Card,Bi-Weekly,0,1,26,23.3,76.7,High Dependency,104,Bronze,Satisfied,1,23.3,0.0,0,0
299,69,Male,T-shirt,Clothing,53,Maryland,M,Lavender,Winter,4.0,Yes,Standard,Yes,Yes,11,Venmo,Every 3 Months,0,1,4,14.6,85.4,High Dependency,583,Bronze,Neutral,0,14.6,0.0,0,0
300,25,Male,Sneakers,Footwear,80,Pennsylvania,M,Maroon,Summer,3.2,Yes,Next Day Air,Yes,Yes,28,PayPal,Fortnightly,0,1,26,52.7,47.3,Moderate Dependency,2240,Platinum,Dissatisfied,0,52.7,21.1,0,0
301,29,Male,Hat,Accessories,98,Iowa,M,Teal,Spring,4.4,Yes,Store Pickup,Yes,Yes,24,PayPal,Weekly,0,1,52,68.2,31.8,Low Dependency,2352,Platinum,Satisfied,1,68.2,31.2,1,0
302,46,Male,Skirt,Clothing,95,Pennsylvania,M,Green,Spring,3.8,Yes,Standard,Yes,Yes,25,Credit Card,Every 3 Months,0,1,4,31.7,68.3,High Dependency,2375,Platinum,Neutral,0,31.7,13.3,0,0
303,37,Male,Sweater,Clothing,44,Delaware,L,Olive,Summer,3.6,Yes,Express,Yes,Yes,27,Bank Transfer,Every 3 Months,0,1,4,34.2,65.8,Moderate Dependency,1188,Silver,Neutral,0,34.2,0.0,0,0
304,20,Male,Sandals,Footwear,60,Oregon,M,Turquoise,Summer,3.3,Yes,Next Day Air,Yes,Yes,49,Venmo,Weekly,0,1,52,98.8,1.2,Low Dependency,2940,Platinum,Neutral,0,98.8,58.6,1,1
305,40,Male,Dress,Clothing,84,Oregon,M,Green,Winter,3.4,Yes,Next Day Air,Yes,Yes,45,Credit Card,Bi-Weekly,0,1,26,73.5,26.5,Low Dependency,3780,Platinum,Neutral,0,73.5,62.9,1,1
306,60,Male,Sweater,Clothing,59,Utah,M,Teal,Fall,3.5,Yes,2-Day Shipping,Yes,Yes,26,PayPal,Annually,0,1,1,30.6,69.4,High Dependency,1534,Gold,Neutral,0,30.6,0.0,0,0
307,26,Male,Jacket,Outerwear,49,North Dakota,S,White,Summer,3.6,Yes,Express,Yes,Yes,4,Cash,Annually,0,1,1,3.7,96.3,High Dependency,196,Bronze,Neutral,0,3.7,0.0,0,0
308,29,Male,Gloves,Accessories,32,Florida,M,Orange,Winter,3.2,Yes,Free Shipping,Yes,Yes,3,Credit Card,Every 3 Months,0,1,4,4.8,95.2,High Dependency,96,Bronze,Dissatisfied,0,4.8,0.0,0,0
309,66,Male,Handbag,Accessories,29,Maryland,M,Beige,Fall,3.7,Yes,Standard,Yes,Yes,45,Venmo,Bi-Weekly,0,1,26,73.5,26.5,Low Dependency,1305,Gold,Neutral,0,73.5,12.7,1,0
310,66,Male,Dress,Clothing,22,Minnesota,M,Yellow,Spring,4.5,Yes,Standard,Yes,Yes,21,Cash,Fortnightly,0,1,26,44.1,55.9,Moderate Dependency,462,Bronze,Satisfied,1,44.1,0.0,0,0
311,56,Male,Pants,Clothing,85,Montana,M,Charcoal,Winter,4.6,Yes,Standard,Yes,Yes,50,Cash,Fortnightly,0,1,26,79.6,20.4,Low Dependency,4250,Platinum,Satisfied,1,79.6,75.5,1,1
312,69,Male,Jeans,Clothing,52,Rhode Island,L,Silver,Winter,4.1,Yes,Store Pickup,Yes,Yes,19,Bank Transfer,Monthly,0,1,12,30.7,69.3,High Dependency,988,Silver,Satisfied,1,30.7,0.0,0,0
313,38,Male,Pants,Clothing,89,Massachusetts,L,Green,Spring,3.4,Yes,Next Day Air,Yes,Yes,6,PayPal,Annually,0,1,1,6.1,93.9,High Dependency,534,Bronze,Neutral,0,6.1,0.0,0,0
314,42,Male,Dress,Clothing,77,Vermont,M,Pink,Spring,3.7,Yes,Express,Yes,Yes,50,Credit Card,Every 3 Months,0,1,4,62.4,37.6,Moderate Dependency,3850,Platinum,Neutral,0,62.4,58.7,1,1
315,30,Male,Pants,Clothing,24,New Jersey,M,Purple,Summer,3.3,Yes,Store Pickup,Yes,Yes,17,Debit Card,Every 3 Months,0,1,4,21.9,78.1,High Dependency,408,Bronze,Neutral,0,21.9,0.0,0,0
316,66,Male,Jewelry,Accessories,24,Wisconsin,XL,Orange,Spring,4.5,Yes,Express,Yes,Yes,24,Debit Card,Annually,0,1,1,28.2,71.8,High Dependency,576,Bronze,Satisfied,1,28.2,0.0,0,0
317,36,Male,Handbag,Accessories,22,California,M,Charcoal,Fall,3.3,Yes,Free Shipping,Yes,Yes,46,Venmo,Monthly,0,1,12,63.7,36.3,Moderate Dependency,1012,Silver,Neutral,0,63.7,1.8,1,0
318,58,Male,Sweater,Clothing,82,West Virginia,L,Teal,Fall,4.3,Yes,Standard,Yes,Yes,42,Cash,Every 3 Months,0,1,4,52.6,47.4,Moderate Dependency,3444,Platinum,Satisfied,1,52.6,45.5,0,1
319,45,Male,Backpack,Accessories,67,South Dakota,M,Beige,Winter,2.5,Yes,Standard,Yes,Yes,10,Cash,Annually,0,1,1,11.0,89.0,High Dependency,670,Silver,Dissatisfied,0,11.0,0.0,0,0
320,47,Male,Shorts,Clothing,74,Maine,XL,White,Spring,2.6,Yes,Standard,Yes,Yes,1,Cash,Every 3 Months,0,1,4,2.4,97.6,High Dependency,74,Bronze,Dissatisfied,0,2.4,0.0,0,0
321,66,Male,Jewelry,Accessories,72,Kansas,L,White,Summer,4.9,Yes,Standard,Yes,Yes,28,Debit Card,Quarterly,0,1,4,35.4,64.6,Moderate Dependency,2016,Gold,Satisfied,1,35.4,7.8,0,0
322,41,Male,Sneakers,Footwear,36,Vermont,L,Orange,Summer,4.7,Yes,Free Shipping,Yes,Yes,48,Debit Card,Quarterly,0,1,4,59.9,40.1,Moderate Dependency,1728,Gold,Satisfied,1,59.9,14.4,1,0
323,41,Male,Belt,Accessories,95,Tennessee,S,Cyan,Winter,3.0,Yes,Standard,Yes,Yes,47,Credit Card,Monthly,0,1,12,65.0,35.0,Moderate Dependency,4465,Platinum,Dissatisfied,0,65.0,72.5,1,1
324,66,Male,Hoodie,Clothing,78,Tennessee,M,Orange,Winter,3.5,Yes,Next Day Air,Yes,Yes,29,PayPal,Bi-Weekly,0,1,26,53.9,46.1,Moderate Dependency,2262,Platinum,Neutral,0,53.9,22.2,0,0
325,37,Male,Shirt,Clothing,82,Wyoming,M,Olive,Summer,4.8,Yes,Standard,Yes,Yes,37,Venmo,Quarterly,0,1,4,46.4,53.6,Moderate Dependency,3034,Platinum,Satisfied,1,46.4,34.1,0,1
326,70,Male,Pants,Clothing,70,Vermont,M,Charcoal,Winter,4.3,Yes,Free Shipping,Yes,Yes,38,Debit Card,Annually,0,1,1,45.3,54.7,Moderate Dependency,2660,Platinum,Satisfied,1,45.3,25.9,0,0
327,62,Male,Scarf,Accessories,41,New Jersey,M,White,Fall,3.2,Yes,Store Pickup,Yes,Yes,48,Bank Transfer,Weekly,0,1,52,97.6,2.4,Low Dependency,1968,Gold,Dissatisfied,0,97.6,38.3,1,1
328,61,Male,Coat,Outerwear,42,Iowa,M,Teal,Summer,3.1,Yes,Free Shipping,Yes,Yes,36,PayPal,Weekly,0,1,52,82.9,17.1,Low Dependency,1512,Gold,Dissatisfied,0,82.9,21.6,1,0
329,48,Male,Coat,Outerwear,50,Florida,M,Yellow,Fall,2.8,Yes,Free Shipping,Yes,Yes,9,Credit Card,Weekly,0,1,52,49.8,50.2,Moderate Dependency,450,Bronze,Dissatisfied,0,49.8,0.0,0,0
330,70,Male,Socks,Clothing,31,Nevada,S,White,Summer,2.9,Yes,2-Day Shipping,Yes,Yes,34,Bank Transfer,Monthly,0,1,12,49.0,51.0,Moderate Dependency,1054,Silver,Dissatisfied,0,49.0,0.0,0,0
331,46,Male,Sweater,Clothing,51,North Dakota,M,Beige,Winter,3.8,Yes,Express,Yes,Yes,43,Venmo,Bi-Weekly,1,1,26,71.0,29.0,Low Dependency,2193,Gold,Neutral,0,71.0,29.4,1,0
332,31,Male,Shirt,Clothing,98,Florida,L,Beige,Fall,3.3,Yes,Store Pickup,Yes,Yes,46,PayPal,Quarterly,0,1,4,57.5,42.5,Moderate Dependency,4508,Platinum,Neutral,0,57.5,69.6,1,1
333,19,Male,Shirt,Clothing,86,New York,M,Maroon,Winter,2.8,Yes,2-Day Shipping,Yes,Yes,5,Credit Card,Monthly,0,1,12,13.5,86.5,High Dependency,430,Bronze,Dissatisfied,0,13.5,0.0,0,0
334,39,Male,Sweater,Clothing,64,Alaska,M,Teal,Winter,4.5,Yes,Standard,Yes,Yes,15,Bank Transfer,Bi-Weekly,0,1,26,36.8,63.2,Moderate Dependency,960,Silver,Satisfied,1,36.8,0.0,0,0
335,41,Male,Blouse,Clothing,46,Kansas,M,Lavender,Fall,2.6,Yes,Next Day Air,Yes,Yes,30,Credit Card,Annually,0,1,1,35.5,64.5,Moderate Dependency,1380,Gold,Dissatisfied,0,35.5,0.0,0,0
336,20,Male,Sweater,Clothing,85,Oregon,L,Maroon,Spring,3.7,Yes,Standard,Yes,Yes,44,Venmo,Every 3 Months,0,1,4,55.0,45.0,Moderate Dependency,3740,Platinum,Neutral,0,55.0,52.7,0,1
337,36,Male,Hat,Accessories,81,Rhode Island,S,Orange,Fall,4.4,Yes,Express,Yes,Yes,16,PayPal,Annually,0,1,1,18.4,81.6,High Dependency,1296,Gold,Satisfied,1,18.4,0.0,0,0
338,32,Male,Sweater,Clothing,59,New Mexico,M,Cyan,Winter,4.3,Yes,2-Day Shipping,Yes,Yes,16,Bank Transfer,Annually,0,1,1,18.4,81.6,High Dependency,944,Silver,Satisfied,1,18.4,0.0,0,0
339,69,Male,Hoodie,Clothing,79,Massachusetts,M,Silver,Winter,3.5,Yes,Express,Yes,Yes,16,Cash,Weekly,0,1,52,58.4,41.6,Moderate Dependency,1264,Silver,Neutral,0,58.4,4.2,1,0
340,40,Male,Shorts,Clothing,33,Pennsylvania,M,Teal,Spring,3.8,Yes,2-Day Shipping,Yes,Yes,21,Credit Card,Every 3 Months,0,1,4,26.8,73.2,High Dependency,693,Silver,Neutral,0,26.8,0.0,0,0
341,40,Male,Shorts,Clothing,47,New Jersey,L,Blue,Summer,3.5,Yes,Express,Yes,Yes,39,Venmo,Every 3 Months,0,1,4,48.9,51.1,Moderate Dependency,1833,Gold,Neutral,0,48.9,11.0,0,0
342,20,Male,Hat,Accessories,20,Utah,S,Blue,Summer,4.6,Yes,Store Pickup,Yes,Yes,40,Debit Card,Bi-Weekly,0,1,26,67.4,32.6,Low Dependency,800,Silver,Satisfied,1,67.4,0.0,1,0
343,64,Male,Coat,Outerwear,36,Kentucky,M,Olive,Spring,2.6,Yes,Next Day Air,Yes,Yes,48,Credit Card,Every 3 Months,0,1,4,59.9,40.1,Moderate Dependency,1728,Gold,Dissatisfied,0,59.9,14.4,1,0
344,27,Male,Sandals,Footwear,39,Nebraska,M,Purple,Summer,4.4,Yes,Next Day Air,Yes,Yes,26,Venmo,Monthly,0,1,12,39.2,60.8,Moderate Dependency,1014,Silver,Satisfied,1,39.2,0.0,0,0
345,24,Male,Skirt,Clothing,71,Virginia,M,Charcoal,Winter,4.0,Yes,Standard,Yes,Yes,46,Debit Card,Monthly,0,1,12,63.7,36.3,Moderate Dependency,3266,Platinum,Neutral,0,63.7,47.5,1,1
346,48,Male,Shoes,Footwear,59,Wyoming,S,Olive,Winter,4.4,Yes,Next Day Air,Yes,Yes,27,Bank Transfer,Annually,0,1,1,31.8,68.2,High Dependency,1593,Gold,Satisfied,1,31.8,0.0,0,0
347,49,Male,Jeans,Clothing,50,New Mexico,L,Violet,Spring,4.7,Yes,Next Day Air,Yes,Yes,5,Cash,Weekly,0,1,52,44.9,55.1,Moderate Dependency,250,Bronze,Satisfied,1,44.9,0.0,0,0
348,36,Male,Sandals,Footwear,41,Oregon,L,Red,Fall,3.9,Yes,Store Pickup,Yes,Yes,43,PayPal,Fortnightly,0,1,26,71.0,29.0,Low Dependency,1763,Gold,Neutral,0,71.0,20.7,1,0
349,56,Male,Blouse,Clothing,59,South Carolina,M,Beige,Fall,2.7,Yes,Free Shipping,Yes,Yes,17,PayPal,Fortnightly,0,1,26,39.2,60.8,Moderate Dependency,1003,Silver,Dissatisfied,0,39.2,0.0,0,0
350,37,Male,Hat,Accessories,87,Arizona,M,Green,Winter,3.7,Yes,2-Day Shipping,Yes,Yes,3,Bank Transfer,Bi-Weekly,0,1,26,22.1,77.9,High Dependency,261,Bronze,Neutral,0,22.1,0.0,0,0
351,42,Male,Sweater,Clothing,68,Kentucky,M,Violet,Spring,2.6,Yes,2-Day Shipping,Yes,Yes,47,Bank Transfer,Fortnightly,0,1,26,75.9,24.1,Low Dependency,3196,Platinum,Dissatisfied,0,75.9,52.2,1,1
352,28,Male,Skirt,Clothing,90,New York,M,Teal,Winter,3.9,Yes,Standard,Yes,Yes,24,Debit Card,Bi-Weekly,0,1,26,47.8,52.2,Moderate Dependency,2160,Gold,Neutral,0,47.8,17.0,0,0
353,27,Male,Jeans,Clothing,71,Texas,XL,Yellow,Fall,4.9,Yes,Next Day Air,Yes,Yes,12,Cash,Every 3 Months,0,1,4,15.8,84.2,High Dependency,852,Silver,Satisfied,1,15.8,0.0,0,0
354,63,Male,Sneakers,Footwear,64,Missouri,L,Yellow,Fall,4.1,Yes,Store Pickup,Yes,Yes,35,Debit Card,Monthly,0,1,12,50.3,49.7,Moderate Dependency,2240,Platinum,Satisfied,1,50.3,19.9,0,0
355,58,Male,Jewelry,Accessories,76,Pennsylvania,S,Olive,Fall,3.0,Yes,Free Shipping,Yes,Yes,42,Venmo,Weekly,0,1,52,90.2,9.8,Low Dependency,3192,Platinum,Dissatisfied,0,90.2,59.4,1,1
356,37,Male,Jewelry,Accessories,42,Oregon,XL,Magenta,Fall,4.1,Yes,2-Day Shipping,Yes,Yes,1,PayPal,Every 3 Months,0,1,4,2.4,97.6,High Dependency,42,Bronze,Satisfied,1,2.4,0.0,0,0
357,56,Male,Pants,Clothing,80,Nevada,L,Black,Spring,3.8,Yes,Standard,Yes,Yes,27,Cash,Weekly,1,1,52,71.8,28.2,Low Dependency,2160,Gold,Neutral,0,71.8,29.2,1,0
358,18,Male,Belt,Accessories,56,Arkansas,M,Olive,Spring,4.0,Yes,Standard,Yes,Yes,16,Credit Card,Bi-Weekly,0,1,26,38.0,62.0,Moderate Dependency,896,Silver,Neutral,0,38.0,0.0,0,0
359,48,Male,Hat,Accessories,25,Minnesota,XL,Magenta,Summer,3.6,Yes,Express,Yes,Yes,36,Credit Card,Every 3 Months,0,1,4,45.2,54.8,Moderate Dependency,900,Silver,Neutral,0,45.2,0.0,0,0
360,31,Male,Sneakers,Footwear,74,Georgia,M,Olive,Winter,3.0,Yes,Store Pickup,Yes,Yes,30,Credit Card,Every 3 Months,0,1,4,37.9,62.1,Moderate Dependency,2220,Platinum,Dissatisfied,0,37.9,13.2,0,0
361,51,Male,Pants,Clothing,30,Rhode Island,M,Teal,Summer,3.0,Yes,Standard,Yes,Yes,18,Debit Card,Fortnightly,0,1,26,40.4,59.6,Moderate Dependency,540,Bronze,Dissatisfied,0,40.4,0.0,0,0
362,65,Male,T-shirt,Clothing,96,Nevada,M,White,Spring,2.6,Yes,Free Shipping,Yes,Yes,45,Cash,Annually,0,1,1,53.9,46.1,Moderate Dependency,4320,Platinum,Dissatisfied,0,53.9,63.9,0,1
363,53,Male,Sneakers,Footwear,64,Texas,M,Charcoal,Fall,3.4,Yes,Free Shipping,Yes,Yes,1,Venmo,Fortnightly,0,1,26,19.6,80.4,High Dependency,64,Bronze,Neutral,0,19.6,0.0,0,0
364,55,Male,Shorts,Clothing,88,Florida,L,Yellow,Winter,3.1,Yes,Free Shipping,Yes,Yes,42,Bank Transfer,Fortnightly,0,1,26,69.8,30.2,Low Dependency,3696,Platinum,Dissatisfied,0,69.8,59.3,1,1
365,62,Male,Shoes,Footwear,88,North Dakota,L,Charcoal,Summer,3.0,Yes,Free Shipping,Yes,Yes,7,Venmo,Every 3 Months,0,1,4,9.7,90.3,High Dependency,616,Bronze,Dissatisfied,0,9.7,0.0,0,0
366,55,Male,Gloves,Accessories,88,West Virginia,XL,Gray,Summer,3.7,Yes,Standard,Yes,Yes,50,PayPal,Quarterly,0,1,4,62.4,37.6,Moderate Dependency,4400,Platinum,Neutral,0,62.4,69.9,1,1
367,64,Male,Socks,Clothing,36,Nebraska,M,Turquoise,Spring,3.5,Yes,Store Pickup,Yes,Yes,37,Venmo,Fortnightly,0,1,26,63.7,36.3,Moderate Dependency,1332,Gold,Neutral,0,63.7,8.3,1,0
368,52,Male,Dress,Clothing,40,Tennessee,XL,Cyan,Spring,2.8,Yes,Store Pickup,Yes,Yes,18,Bank Transfer,Monthly,0,1,12,29.4,70.6,High Dependency,720,Silver,Dissatisfied,0,29.4,0.0,0,0
369,24,Male,Handbag,Accessories,39,Oklahoma,M,Charcoal,Spring,4.5,Yes,Standard,Yes,Yes,29,Cash,Monthly,0,1,12,42.9,57.1,Moderate Dependency,1131,Silver,Satisfied,1,42.9,0.0,0,0
370,38,Male,Belt,Accessories,40,Wisconsin,M,Silver,Summer,3.3,Yes,Store Pickup,Yes,Yes,45,PayPal,Quarterly,0,1,4,56.2,43.8,Moderate Dependency,1800,Gold,Neutral,0,56.2,14.0,1,0
371,59,Male,Scarf,Accessories,34,Oregon,M,Olive,Winter,3.4,Yes,Express,Yes,Yes,13,PayPal,Weekly,0,1,52,54.7,45.3,Moderate Dependency,442,Bronze,Neutral,0,54.7,0.0,0,0
372,27,Male,Sneakers,Footwear,83,North Carolina,S,Pink,Winter,3.2,Yes,2-Day Shipping,Yes,Yes,47,PayPal,Monthly,0,1,12,65.0,35.0,Moderate Dependency,3901,Platinum,Dissatisfied,0,65.0,61.0,1,1
373,24,Male,Sweater,Clothing,85,Pennsylvania,L,Orange,Summer,3.7,Yes,Standard,Yes,Yes,7,Debit Card,Weekly,0,1,52,47.3,52.7,Moderate Dependency,595,Bronze,Neutral,0,47.3,0.0,0,0
374,23,Male,Coat,Outerwear,27,North Dakota,L,White,Summer,4.6,Yes,Express,Yes,Yes,11,Venmo,Bi-Weekly,0,1,26,31.9,68.1,High Dependency,297,Bronze,Satisfied,1,31.9,0.0,0,0
375,69,Male,Jewelry,Accessories,78,Ohio,S,Purple,Spring,5.0,Yes,Store Pickup,Yes,Yes,39,Bank Transfer,Monthly,0,1,12,55.2,44.8,Moderate Dependency,3042,Platinum,Satisfied,1,55.2,38.7,1,1
376,59,Male,Sunglasses,Accessories,32,Oklahoma,M,Olive,Summer,4.4,Yes,Standard,Yes,Yes,6,Debit Card,Quarterly,0,1,4,8.5,91.5,High Dependency,192,Bronze,Satisfied,1,8.5,0.0,0,0
377,51,Male,Shoes,Footwear,51,South Carolina,S,Gray,Fall,4.9,Yes,Express,Yes,Yes,2,Venmo,Bi-Weekly,0,1,26,20.8,79.2,High Dependency,102,Bronze,Satisfied,1,20.8,0.0,0,0
378,63,Male,Scarf,Accessories,32,Maine,M,Silver,Spring,4.1,Yes,Standard,Yes,Yes,39,Credit Card,Every 3 Months,0,1,4,48.9,51.1,Moderate Dependency,1248,Silver,Satisfied,1,48.9,0.0,0,0
379,54,Male,Dress,Clothing,62,Nevada,L,Orange,Winter,4.9,Yes,Next Day Air,Yes,Yes,23,Credit Card,Monthly,0,1,12,35.6,64.4,Moderate Dependency,1426,Gold,Satisfied,1,35.6,0.0,0,0
380,32,Male,T-shirt,Clothing,29,Montana,S,Magenta,Fall,4.7,Yes,2-Day Shipping,Yes,Yes,46,Debit Card,Bi-Weekly,0,1,26,74.7,25.3,Low Dependency,1334,Gold,Satisfied,1,74.7,13.9,1,0
381,39,Male,Backpack,Accessories,69,New Hampshire,XL,Beige,Fall,3.0,Yes,Store Pickup,Yes,Yes,19,Bank Transfer,Weekly,0,1,52,62.0,38.0,Moderate Dependency,1311,Gold,Dissatisfied,0,62.0,7.0,1,0
382,66,Male,Jewelry,Accessories,25,Maine,L,Lavender,Winter,3.4,Yes,Store Pickup,Yes,Yes,3,Credit Card,Every 3 Months,0,1,4,4.8,95.2,High Dependency,75,Bronze,Neutral,0,4.8,0.0,0,0
383,28,Male,Jeans,Clothing,76,California,M,Peach,Winter,3.2,Yes,Store Pickup,Yes,Yes,47,PayPal,Quarterly,0,1,4,58.7,41.3,Moderate Dependency,3572,Platinum,Dissatisfied,0,58.7,51.2,1,1
384,50,Male,Sunglasses,Accessories,77,West Virginia,S,Magenta,Fall,3.8,Yes,Standard,Yes,Yes,6,PayPal,Quarterly,1,1,4,8.5,91.5,High Dependency,462,Bronze,Neutral,0,8.5,0.0,0,0
385,70,Male,Sweater,Clothing,33,California,M,Beige,Fall,4.5,Yes,2-Day Shipping,Yes,Yes,6,Venmo,Annually,0,1,1,6.1,93.9,High Dependency,198,Bronze,Satisfied,1,6.1,0.0,0,0
386,67,Male,Shorts,Clothing,93,West Virginia,S,Yellow,Fall,2.7,Yes,Next Day Air,Yes,Yes,12,Credit Card,Bi-Weekly,0,1,26,33.1,66.9,High Dependency,1116,Silver,Dissatisfied,0,33.1,0.0,0,0
387,64,Male,Jewelry,Accessories,39,Louisiana,L,Brown,Spring,3.4,Yes,Express,Yes,Yes,40,PayPal,Quarterly,0,1,4,50.1,49.9,Moderate Dependency,1560,Gold,Neutral,0,50.1,6.0,0,0
388,45,Male,Coat,Outerwear,93,Georgia,L,Silver,Summer,4.6,Yes,Store Pickup,Yes,Yes,38,PayPal,Fortnightly,0,1,26,64.9,35.1,Moderate Dependency,3534,Platinum,Satisfied,1,64.9,53.5,1,1
389,22,Male,Handbag,Accessories,82,Washington,M,Orange,Summer,2.7,Yes,Store Pickup,Yes,Yes,10,PayPal,Quarterly,0,1,4,13.4,86.6,High Dependency,820,Silver,Dissatisfied,0,13.4,0.0,0,0
390,27,Male,Boots,Footwear,42,Virginia,L,Purple,Spring,4.2,Yes,Standard,Yes,Yes,28,Bank Transfer,Monthly,0,1,12,41.7,58.3,Moderate Dependency,1176,Silver,Satisfied,1,41.7,0.0,0,0
391,25,Male,Gloves,Accessories,71,Indiana,M,Indigo,Winter,3.2,Yes,2-Day Shipping,Yes,Yes,19,PayPal,Annually,0,1,1,22.0,78.0,High Dependency,1349,Gold,Dissatisfied,0,22.0,0.0,0,0
392,37,Male,Sweater,Clothing,86,Minnesota,L,Gray,Spring,4.8,Yes,Standard,Yes,Yes,25,Cash,Fortnightly,0,1,26,49.0,51.0,Moderate Dependency,2150,Gold,Satisfied,1,49.0,17.4,0,0
393,26,Male,T-shirt,Clothing,82,Idaho,XL,Black,Spring,3.3,Yes,Next Day Air,Yes,Yes,38,Credit Card,Annually,0,1,1,45.3,54.7,Moderate Dependency,3116,Platinum,Neutral,0,45.3,35.2,0,1
394,33,Male,Shoes,Footwear,65,Vermont,L,Maroon,Fall,4.2,Yes,Standard,Yes,Yes,6,PayPal,Fortnightly,0,1,26,25.7,74.3,High Dependency,390,Bronze,Satisfied,1,25.7,0.0,0,0
395,43,Male,Scarf,Accessories,29,North Dakota,M,Beige,Spring,4.8,Yes,Store Pickup,Yes,Yes,7,Debit Card,Bi-Weekly,0,1,26,27.0,73.0,High Dependency,203,Bronze,Satisfied,1,27.0,0.0,0,0
396,37,Male,Sneakers,Footwear,65,Rhode Island,L,Brown,Winter,4.9,Yes,Store Pickup,Yes,Yes,2,PayPal,Annually,0,1,1,1.2,98.8,High Dependency,130,Bronze,Satisfied,1,1.2,0.0,0,0
397,46,Male,Dress,Clothing,88,South Carolina,S,Black,Fall,3.9,Yes,Standard,Yes,Yes,24,Bank Transfer,Annually,0,1,1,28.2,71.8,High Dependency,2112,Gold,Neutral,0,28.2,6.2,0,0
398,22,Male,Belt,Accessories,46,Mississippi,M,Indigo,Fall,3.0,Yes,Free Shipping,Yes,Yes,26,Cash,Annually,0,1,1,30.6,69.4,High Dependency,1196,Silver,Dissatisfied,0,30.6,0.0,0,0
399,20,Male,Boots,Footwear,67,Montana,S,Silver,Winter,4.6,Yes,Free Shipping,Yes,Yes,25,Debit Card,Every 3 Months,0,1,4,31.7,68.3,High Dependency,1675,Gold,Satisfied,1,31.7,0.0,0,0
400,60,Male,Scarf,Accessories,35,Idaho,L,Blue,Fall,3.5,Yes,2-Day Shipping,Yes,Yes,10,Debit Card,Monthly,0,1,12,19.6,80.4,High Dependency,350,Bronze,Neutral,0,19.6,0.0,0,0
401,39,Male,Boots,Footwear,66,Utah,M,Green,Winter,4.8,Yes,Free Shipping,Yes,Yes,14,PayPal,Fortnightly,0,1,26,35.5,64.5,Moderate Dependency,924,Silver,Satisfied,1,35.5,0.0,0,0
402,43,Male,T-shirt,Clothing,91,Oklahoma,L,Orange,Fall,4.8,Yes,Standard,Yes,Yes,21,Cash,Quarterly,0,1,4,26.8,73.2,High Dependency,1911,Gold,Satisfied,1,26.8,1.4,0,0
403,31,Male,Backpack,Accessories,78,California,L,Cyan,Fall,3.0,Yes,Express,Yes,Yes,26,PayPal,Monthly,0,1,12,39.2,60.8,Moderate Dependency,2028,Gold,Dissatisfied,0,39.2,10.0,0,0
404,19,Male,Sneakers,Footwear,45,Nevada,M,Orange,Winter,4.5,Yes,Next Day Air,Yes,Yes,12,Bank Transfer,Annually,0,1,1,13.5,86.5,High Dependency,540,Bronze,Satisfied,1,13.5,0.0,0,0
405,35,Male,T-shirt,Clothing,93,Delaware,M,Indigo,Spring,4.8,Yes,Store Pickup,Yes,Yes,11,Credit Card,Monthly,0,1,12,20.9,79.1,High Dependency,1023,Silver,Satisfied,1,20.9,0.0,0,0
406,41,Male,Jeans,Clothing,74,South Carolina,S,Silver,Summer,3.8,Yes,Standard,Yes,Yes,15,Cash,Annually,0,1,1,17.1,82.9,High Dependency,1110,Silver,Neutral,0,17.1,0.0,0,0
407,52,Male,Gloves,Accessories,55,Maryland,M,Peach,Spring,4.6,Yes,Express,Yes,Yes,13,Cash,Monthly,0,1,12,23.3,76.7,High Dependency,715,Silver,Satisfied,1,23.3,0.0,0,0
408,45,Male,Hoodie,Clothing,76,North Carolina,XL,Teal,Spring,3.1,Yes,Next Day Air,Yes,Yes,5,Credit Card,Bi-Weekly,0,1,26,24.5,75.5,High Dependency,380,Bronze,Dissatisfied,0,24.5,0.0,0,0
409,34,Male,Sneakers,Footwear,66,Alabama,L,White,Spring,3.4,Yes,Express,Yes,Yes,36,Cash,Fortnightly,0,1,26,62.5,37.5,Moderate Dependency,2376,Platinum,Neutral,0,62.5,28.8,1,0
410,35,Male,Shorts,Clothing,51,Minnesota,M,Brown,Winter,3.3,Yes,2-Day Shipping,Yes,Yes,32,Bank Transfer,Monthly,0,1,12,46.6,53.4,Moderate Dependency,1632,Gold,Neutral,0,46.6,5.7,0,0
411,29,Male,Sweater,Clothing,26,Virginia,L,Lavender,Spring,4.8,Yes,2-Day Shipping,Yes,Yes,1,Credit Card,Quarterly,0,1,4,2.4,97.6,High Dependency,26,Bronze,Satisfied,1,2.4,0.0,0,0
412,59,Male,Jeans,Clothing,29,Michigan,M,Indigo,Summer,2.8,Yes,Express,Yes,Yes,15,PayPal,Annually,0,1,1,17.1,82.9,High Dependency,435,Bronze,Dissatisfied,0,17.1,0.0,0,0
413,24,Male,Jacket,Outerwear,74,Maine,M,Yellow,Summer,3.1,Yes,Store Pickup,Yes,Yes,3,Bank Transfer,Weekly,0,1,52,42.4,57.6,Moderate Dependency,222,Bronze,Dissatisfied,0,42.4,0.0,0,0
414,70,Male,Jewelry,Accessories,99,Nevada,S,White,Summer,4.6,Yes,Free Shipping,Yes,Yes,48,Cash,Monthly,0,1,12,66.2,33.8,Moderate Dependency,4752,Platinum,Satisfied,1,66.2,78.9,1,1
415,29,Male,Backpack,Accessories,88,Wyoming,L,Violet,Winter,2.6,Yes,Store Pickup,Yes,Yes,30,Debit Card,Weekly,0,1,52,75.5,24.5,Low Dependency,2640,Platinum,Dissatisfied,0,75.5,40.8,1,1
416,67,Male,Coat,Outerwear,31,Connecticut,M,Lavender,Winter,2.6,Yes,Express,Yes,Yes,40,Bank Transfer,Monthly,0,1,12,56.4,43.6,Moderate Dependency,1240,Silver,Dissatisfied,0,56.4,2.7,1,0
417,36,Male,Belt,Accessories,55,Oregon,L,Olive,Spring,3.8,Yes,Free Shipping,Yes,Yes,24,Bank Transfer,Fortnightly,0,1,26,47.8,52.2,Moderate Dependency,1320,Gold,Neutral,0,47.8,0.0,0,0
418,23,Male,Sandals,Footwear,81,Mississippi,L,Beige,Fall,4.5,Yes,Free Shipping,Yes,Yes,48,Debit Card,Quarterly,0,1,4,59.9,40.1,Moderate Dependency,3888,Platinum,Satisfied,1,59.9,58.2,1,1
419,18,Male,Sweater,Clothing,73,Illinois,L,Purple,Spring,3.0,Yes,Standard,Yes,Yes,27,Venmo,Bi-Weekly,0,1,26,51.4,48.6,Moderate Dependency,1971,Gold,Dissatisfied,0,51.4,15.0,0,0
420,53,Male,Shorts,Clothing,91,Utah,S,Teal,Winter,3.8,Yes,Free Shipping,Yes,Yes,14,Credit Card,Every 3 Months,1,1,4,18.3,81.7,High Dependency,1274,Silver,Neutral,0,18.3,0.0,0,0
421,32,Male,Socks,Clothing,54,North Carolina,S,Peach,Spring,3.8,Yes,Free Shipping,Yes,Yes,18,Debit Card,Bi-Weekly,0,1,26,40.4,59.6,Moderate Dependency,972,Silver,Neutral,0,40.4,0.0,0,0
422,38,Male,Shirt,Clothing,40,Kentucky,M,Violet,Winter,3.5,Yes,Standard,Yes,Yes,48,Cash,Bi-Weekly,0,1,26,77.2,22.8,Low Dependency,1920,Gold,Neutral,0,77.2,27.0,1,0
423,47,Male,Pants,Clothing,59,Minnesota,M,Purple,Fall,3.1,Yes,Store Pickup,Yes,Yes,32,Debit Card,Annually,0,1,1,38.0,62.0,Moderate Dependency,1888,Gold,Dissatisfied,0,38.0,6.6,0,0
424,46,Male,Scarf,Accessories,26,New York,L,Teal,Spring,3.0,Yes,Store Pickup,Yes,Yes,21,Credit Card,Bi-Weekly,0,1,26,44.1,55.9,Moderate Dependency,546,Bronze,Dissatisfied,0,44.1,0.0,0,0
425,66,Male,Sweater,Clothing,23,Illinois,M,Gold,Winter,4.3,Yes,Standard,Yes,Yes,42,PayPal,Fortnightly,0,1,26,69.8,30.2,Low Dependency,966,Silver,Satisfied,1,69.8,3.9,1,0
426,40,Male,Jeans,Clothing,87,North Dakota,S,Teal,Winter,3.3,Yes,Store Pickup,Yes,Yes,4,Credit Card,Quarterly,0,1,4,6.0,94.0,High Dependency,348,Bronze,Neutral,0,6.0,0.0,0,0
427,43,Male,Pants,Clothing,71,Louisiana,M,Violet,Winter,4.7,Yes,Express,Yes,Yes,19,Credit Card,Quarterly,0,1,4,24.4,75.6,High Dependency,1349,Gold,Satisfied,1,24.4,0.0,0,0
428,58,Male,Backpack,Accessories,91,Illinois,L,Black,Winter,4.5,Yes,Store Pickup,Yes,Yes,6,Credit Card,Quarterly,0,1,4,8.5,91.5,High Dependency,546,Bronze,Satisfied,1,8.5,0.0,0,0
429,21,Male,Coat,Outerwear,64,Wyoming,XL,Gold,Winter,2.9,Yes,Free Shipping,Yes,Yes,2,Debit Card,Fortnightly,0,1,26,20.8,79.2,High Dependency,128,Bronze,Dissatisfied,0,20.8,0.0,0,0
430,42,Male,Sandals,Footwear,94,Washington,M,Gold,Winter,4.1,Yes,2-Day Shipping,Yes,Yes,21,Cash,Fortnightly,0,1,26,44.1,55.9,Moderate Dependency,1974,Gold,Satisfied,1,44.1,11.4,0,0
431,24,Male,Shirt,Clothing,40,Texas,M,Brown,Summer,3.5,Yes,Store Pickup,Yes,Yes,40,Debit Card,Annually,0,1,1,47.8,52.2,Moderate Dependency,1600,Gold,Neutral,0,47.8,5.7,0,0
432,43,Male,Hat,Accessories,76,New Hampshire,L,Cyan,Winter,3.4,Yes,Store Pickup,Yes,Yes,33,Cash,Fortnightly,0,1,26,58.8,41.2,Moderate Dependency,2508,Platinum,Neutral,0,58.8,29.6,1,0
433,47,Male,Shirt,Clothing,86,Indiana,S,Indigo,Fall,3.3,Yes,Free Shipping,Yes,Yes,26,Venmo,Weekly,0,1,52,70.6,29.4,Low Dependency,2236,Platinum,Neutral,0,70.6,30.1,1,0
434,49,Male,Skirt,Clothing,92,Alabama,M,Orange,Fall,3.2,Yes,Store Pickup,Yes,Yes,23,Credit Card,Fortnightly,0,1,26,46.5,53.5,Moderate Dependency,2116,Gold,Dissatisfied,0,46.5,15.5,0,0
435,50,Male,Shoes,Footwear,52,Oklahoma,L,Pink,Spring,4.0,Yes,Store Pickup,Yes,Yes,39,PayPal,Every 3 Months,0,1,4,48.9,51.1,Moderate Dependency,2028,Gold,Neutral,0,48.9,14.9,0,0
436,51,Male,Coat,Outerwear,28,Montana,XL,Olive,Winter,3.6,Yes,Next Day Air,Yes,Yes,42,Bank Transfer,Monthly,0,1,12,58.8,41.2,Moderate Dependency,1176,Silver,Neutral,0,58.8,2.6,1,0
437,40,Male,Pants,Clothing,46,Tennessee,L,Cyan,Summer,4.6,Yes,Free Shipping,Yes,Yes,41,Bank Transfer,Weekly,0,1,52,89.0,11.0,Low Dependency,1886,Gold,Satisfied,1,89.0,32.3,1,1
438,45,Male,Jewelry,Accessories,50,New Mexico,M,Peach,Summer,2.6,Yes,Next Day Air,Yes,Yes,41,PayPal,Annually,0,1,1,49.0,51.0,Moderate Dependency,2050,Gold,Dissatisfied,0,49.0,15.4,0,0
439,52,Male,Belt,Accessories,23,Iowa,M,Turquoise,Winter,4.3,Yes,Express,Yes,Yes,12,Credit Card,Fortnightly,0,1,26,33.1,66.9,High Dependency,276,Bronze,Satisfied,1,33.1,0.0,0,0
440,62,Male,Jacket,Outerwear,50,Idaho,M,Turquoise,Summer,3.4,Yes,Free Shipping,Yes,Yes,31,Cash,Monthly,0,1,12,45.4,54.6,Moderate Dependency,1550,Gold,Neutral,0,45.4,3.4,0,0
441,20,Male,Shirt,Clothing,89,Oklahoma,XL,Maroon,Winter,3.5,Yes,Store Pickup,Yes,Yes,34,Debit Card,Fortnightly,0,1,26,60.0,40.0,Moderate Dependency,3026,Platinum,Neutral,0,60.0,40.8,1,1
442,43,Male,Hoodie,Clothing,81,Florida,M,Maroon,Winter,4.2,Yes,Standard,Yes,Yes,32,Credit Card,Annually,0,1,1,38.0,62.0,Moderate Dependency,2592,Platinum,Satisfied,1,38.0,20.8,0,0
443,29,Male,Sunglasses,Accessories,69,Michigan,M,Olive,Fall,3.8,Yes,Store Pickup,Yes,Yes,31,Credit Card,Quarterly,1,1,4,39.1,60.9,Moderate Dependency,2139,Gold,Neutral,0,39.1,12.2,0,0
444,22,Male,Sunglasses,Accessories,67,Hawaii,M,Magenta,Summer,3.6,Yes,Free Shipping,Yes,Yes,24,PayPal,Annually,0,1,1,28.2,71.8,High Dependency,1608,Gold,Neutral,0,28.2,0.0,0,0
445,48,Male,Dress,Clothing,20,California,M,Red,Summer,4.3,Yes,Store Pickup,Yes,Yes,31,Debit Card,Annually,0,1,1,36.7,63.3,Moderate Dependency,620,Silver,Satisfied,1,36.7,0.0,0,0
446,42,Male,Boots,Footwear,29,Iowa,M,Olive,Fall,4.9,Yes,Standard,Yes,Yes,18,Venmo,Annually,0,1,1,20.8,79.2,High Dependency,522,Bronze,Satisfied,1,20.8,0.0,0,0
447,19,Male,Shirt,Clothing,74,West Virginia,M,Silver,Summer,4.1,Yes,Store Pickup,Yes,Yes,15,Venmo,Monthly,0,1,12,25.8,74.2,High Dependency,1110,Silver,Satisfied,1,25.8,0.0,0,0
448,60,Male,Shorts,Clothing,82,Washington,S,Turquoise,Spring,3.6,Yes,Standard,Yes,Yes,7,Bank Transfer,Every 3 Months,0,1,4,9.7,90.3,High Dependency,574,Bronze,Neutral,0,9.7,0.0,0,0
449,32,Male,Gloves,Accessories,23,Missouri,M,Yellow,Summer,3.4,Yes,Next Day Air,Yes,Yes,35,Bank Transfer,Fortnightly,0,1,26,61.2,38.8,Moderate Dependency,805,Silver,Neutral,0,61.2,0.0,1,0
450,26,Male,Jewelry,Accessories,45,New York,L,Peach,Summer,2.9,Yes,2-Day Shipping,Yes,Yes,35,Bank Transfer,Monthly,0,1,12,50.3,49.7,Moderate Dependency,1575,Gold,Dissatisfied,0,50.3,6.4,0,0
451,25,Male,Boots,Footwear,21,Connecticut,L,Beige,Summer,2.7,Yes,Store Pickup,Yes,Yes,19,Credit Card,Monthly,0,1,12,30.7,69.3,High Dependency,399,Bronze,Dissatisfied,0,30.7,0.0,0,0
452,66,Male,Jewelry,Accessories,31,Virginia,M,Pink,Summer,4.3,Yes,Express,Yes,Yes,26,Credit Card,Fortnightly,0,1,26,50.2,49.8,Moderate Dependency,806,Silver,Satisfied,1,50.2,0.0,0,0
453,45,Male,Pants,Clothing,45,Missouri,M,Violet,Summer,3.8,Yes,Express,Yes,Yes,39,PayPal,Fortnightly,1,1,26,66.1,33.9,Moderate Dependency,1755,Gold,Neutral,0,66.1,18.1,1,0
454,54,Male,Jewelry,Accessories,56,Nebraska,XL,Peach,Winter,2.8,Yes,Next Day Air,Yes,Yes,22,Credit Card,Weekly,0,1,52,65.7,34.3,Moderate Dependency,1232,Silver,Dissatisfied,0,65.7,7.2,1,0
455,37,Male,Jacket,Outerwear,97,New Jersey,S,Gold,Summer,3.2,Yes,Next Day Air,Yes,Yes,14,Cash,Bi-Weekly,0,1,26,35.5,64.5,Moderate Dependency,1358,Gold,Dissatisfied,0,35.5,0.0,0,0
456,54,Male,Blouse,Clothing,100,Utah,XL,Gold,Fall,3.6,Yes,Store Pickup,Yes,Yes,50,Debit Card,Fortnightly,0,1,26,79.6,20.4,Low Dependency,5000,Platinum,Neutral,0,79.6,90.7,1,1
457,50,Male,Blouse,Clothing,96,North Carolina,S,Indigo,Fall,4.0,Yes,2-Day Shipping,Yes,Yes,33,Credit Card,Quarterly,0,1,4,41.5,58.5,Moderate Dependency,3168,Platinum,Neutral,0,41.5,34.3,0,1
458,25,Male,Gloves,Accessories,99,Rhode Island,M,Blue,Spring,4.9,Yes,Next Day Air,Yes,Yes,48,Debit Card,Every 3 Months,0,1,4,59.9,40.1,Moderate Dependency,4752,Platinum,Satisfied,1,59.9,75.7,1,1
459,47,Male,Shorts,Clothing,91,Arkansas,L,Black,Winter,4.0,Yes,2-Day Shipping,Yes,Yes,48,PayPal,Monthly,0,1,12,66.2,33.8,Moderate Dependency,4368,Platinum,Neutral,0,66.2,71.1,1,1
460,63,Male,Hat,Accessories,30,Maryland,L,Black,Winter,3.8,Yes,Standard,Yes,Yes,27,PayPal,Fortnightly,0,1,26,51.4,48.6,Moderate Dependency,810,Silver,Neutral,0,51.4,0.0,0,0
461,64,Male,Shoes,Footwear,65,South Carolina,L,Teal,Summer,3.8,Yes,Store Pickup,Yes,Yes,27,Bank Transfer,Weekly,1,1,52,71.8,28.2,Low Dependency,1755,Gold,Neutral,0,71.8,20.9,1,0
462,18,Male,Boots,Footwear,93,Ohio,M,Yellow,Winter,3.9,Yes,Express,Yes,Yes,20,Venmo,Weekly,0,1,52,63.3,36.7,Moderate Dependency,1860,Gold,Neutral,0,63.3,18.8,1,0
463,59,Male,Jacket,Outerwear,81,Illinois,M,White,Fall,3.3,Yes,Express,Yes,Yes,48,Venmo,Every 3 Months,0,1,4,59.9,40.1,Moderate Dependency,3888,Platinum,Neutral,0,59.9,58.2,1,1
464,37,Male,Jewelry,Accessories,81,Georgia,S,Orange,Summer,2.7,Yes,Standard,Yes,Yes,29,Venmo,Weekly,0,1,52,74.3,25.7,Low Dependency,2349,Platinum,Dissatisfied,0,74.3,34.3,1,1
465,23,Male,Sunglasses,Accessories,52,Alabama,M,Silver,Winter,4.7,Yes,Next Day Air,Yes,Yes,45,PayPal,Monthly,0,1,12,62.5,37.5,Moderate Dependency,2340,Platinum,Satisfied,1,62.5,28.1,1,0
466,54,Male,Skirt,Clothing,88,Oklahoma,M,Pink,Summer,2.8,Yes,Next Day Air,Yes,Yes,25,Cash,Quarterly,0,1,4,31.7,68.3,High Dependency,2200,Gold,Dissatisfied,0,31.7,9.7,0,0
467,38,Male,Jeans,Clothing,24,Vermont,L,Turquoise,Winter,4.6,Yes,Free Shipping,Yes,Yes,25,PayPal,Weekly,0,1,52,69.4,30.6,Low Dependency,600,Bronze,Satisfied,1,69.4,0.0,1,0
468,19,Male,Backpack,Accessories,51,Nebraska,S,Orange,Spring,4.5,Yes,2-Day Shipping,Yes,Yes,37,Debit Card,Every 3 Months,0,1,4,46.4,53.6,Moderate Dependency,1887,Gold,Satisfied,1,46.4,10.8,0,0
469,34,Male,Backpack,Accessories,38,Georgia,S,Peach,Fall,5.0,Yes,Free Shipping,Yes,Yes,16,Cash,Quarterly,0,1,4,20.7,79.3,High Dependency,608,Bronze,Satisfied,1,20.7,0.0,0,0
470,21,Male,Shorts,Clothing,46,Alabama,L,Pink,Fall,4.1,Yes,2-Day Shipping,Yes,Yes,30,Debit Card,Bi-Weekly,0,1,26,55.1,44.9,Moderate Dependency,1380,Gold,Satisfied,1,55.1,4.9,1,0
471,50,Male,Dress,Clothing,63,Minnesota,L,Teal,Summer,4.6,Yes,Express,Yes,Yes,6,Cash,Every 3 Months,0,1,4,8.5,91.5,High Dependency,378,Bronze,Satisfied,1,8.5,0.0,0,0
472,55,Male,Scarf,Accessories,72,Missouri,XL,White,Winter,4.9,Yes,2-Day Shipping,Yes,Yes,36,Bank Transfer,Quarterly,0,1,4,45.2,54.8,Moderate Dependency,2592,Platinum,Satisfied,1,45.2,24.5,0,0
473,20,Male,Jeans,Clothing,39,Georgia,L,Gray,Winter,3.9,Yes,Free Shipping,Yes,Yes,3,Bank Transfer,Quarterly,0,1,4,4.8,95.2,High Dependency,117,Bronze,Neutral,0,4.8,0.0,0,0
474,34,Male,Coat,Outerwear,42,West Virginia,L,Olive,Spring,3.9,Yes,Store Pickup,Yes,Yes,29,PayPal,Every 3 Months,0,1,4,36.6,63.4,Moderate Dependency,1218,Silver,Neutral,0,36.6,0.0,0,0
475,62,Male,Sweater,Clothing,76,Arkansas,XL,Maroon,Summer,2.6,Yes,2-Day Shipping,Yes,Yes,15,Cash,Quarterly,0,1,4,19.5,80.5,High Dependency,1140,Silver,Dissatisfied,0,19.5,0.0,0,0
476,21,Male,Sneakers,Footwear,66,Ohio,L,Magenta,Summer,2.7,Yes,Free Shipping,Yes,Yes,18,Debit Card,Annually,0,1,1,20.8,79.2,High Dependency,1188,Silver,Dissatisfied,0,20.8,0.0,0,0
477,21,Male,Scarf,Accessories,90,Connecticut,M,Magenta,Spring,3.5,Yes,Free Shipping,Yes,Yes,2,Debit Card,Fortnightly,0,1,26,20.8,79.2,High Dependency,180,Bronze,Neutral,0,20.8,0.0,0,0
478,42,Male,Sweater,Clothing,56,North Dakota,M,Green,Summer,3.7,Yes,Free Shipping,Yes,Yes,49,Debit Card,Weekly,0,1,52,98.8,1.2,Low Dependency,2744,Platinum,Neutral,0,98.8,54.6,1,1
479,35,Male,Jewelry,Accessories,43,Kansas,XL,Turquoise,Winter,3.2,Yes,Free Shipping,Yes,Yes,48,Venmo,Annually,0,1,1,57.6,42.4,Moderate Dependency,2064,Gold,Dissatisfied,0,57.6,20.0,1,0
480,39,Male,Handbag,Accessories,84,Iowa,L,Yellow,Winter,3.3,Yes,Store Pickup,Yes,Yes,43,Venmo,Monthly,0,1,12,60.1,39.9,Moderate Dependency,3612,Platinum,Neutral,0,60.1,52.7,1,1
481,68,Male,Hoodie,Clothing,88,Vermont,M,Gray,Summer,4.8,Yes,Standard,Yes,Yes,30,Debit Card,Bi-Weekly,0,1,26,55.1,44.9,Moderate Dependency,2640,Platinum,Satisfied,1,55.1,30.5,1,0
482,46,Male,Hat,Accessories,88,Wisconsin,L,Peach,Fall,3.2,Yes,2-Day Shipping,Yes,Yes,10,PayPal,Fortnightly,0,1,26,30.6,69.4,High Dependency,880,Silver,Dissatisfied,0,30.6,0.0,0,0
483,41,Male,Belt,Accessories,42,Connecticut,M,Yellow,Winter,2.5,Yes,2-Day Shipping,Yes,Yes,11,Venmo,Annually,0,1,1,12.2,87.8,High Dependency,462,Bronze,Dissatisfied,0,12.2,0.0,0,0
484,23,Male,Hoodie,Clothing,73,Oklahoma,M,White,Fall,3.9,Yes,Store Pickup,Yes,Yes,12,Debit Card,Weekly,0,1,52,53.5,46.5,Moderate Dependency,876,Silver,Neutral,0,53.5,0.0,0,0
485,68,Male,Hat,Accessories,73,Missouri,L,Lavender,Summer,4.7,Yes,Free Shipping,Yes,Yes,28,Bank Transfer,Quarterly,0,1,4,35.4,64.6,Moderate Dependency,2044,Gold,Satisfied,1,35.4,8.4,0,0
486,48,Male,Shoes,Footwear,44,Tennessee,S,Blue,Spring,2.6,Yes,Next Day Air,Yes,Yes,36,Debit Card,Fortnightly,0,1,26,62.5,37.5,Moderate Dependency,1584,Gold,Dissatisfied,0,62.5,12.8,1,0
487,38,Male,Sandals,Footwear,63,New Mexico,M,Charcoal,Fall,2.8,Yes,Store Pickup,Yes,Yes,37,Venmo,Every 3 Months,0,1,4,46.4,53.6,Moderate Dependency,2331,Platinum,Dissatisfied,0,46.4,19.8,0,0
488,41,Male,Jacket,Outerwear,68,Iowa,L,Red,Winter,4.4,Yes,Store Pickup,Yes,Yes,22,Credit Card,Quarterly,0,1,4,28.1,71.9,High Dependency,1496,Gold,Satisfied,1,28.1,0.0,0,0
489,58,Male,Sweater,Clothing,29,Maine,L,Olive,Spring,4.6,Yes,Standard,Yes,Yes,32,Venmo,Weekly,0,1,52,78.0,22.0,Low Dependency,928,Silver,Satisfied,1,78.0,7.3,1,0
490,49,Male,Socks,Clothing,85,South Dakota,M,Green,Summer,3.2,Yes,Standard,Yes,Yes,40,PayPal,Annually,0,1,1,47.8,52.2,Moderate Dependency,3400,Platinum,Dissatisfied,0,47.8,42.2,0,1
491,57,Male,Sneakers,Footwear,42,Colorado,M,Silver,Winter,4.2,Yes,2-Day Shipping,Yes,Yes,47,Cash,Monthly,0,1,12,65.0,35.0,Moderate Dependency,1974,Gold,Satisfied,1,65.0,21.9,1,0
492,49,Male,Coat,Outerwear,69,Vermont,M,Silver,Summer,3.8,Yes,2-Day Shipping,Yes,Yes,24,Credit Card,Bi-Weekly,1,1,26,47.8,52.2,Moderate Dependency,1656,Gold,Neutral,0,47.8,6.8,0,0
493,50,Male,Shirt,Clothing,62,Michigan,M,Black,Fall,3.9,Yes,Standard,Yes,Yes,11,Debit Card,Weekly,0,1,52,52.2,47.8,Moderate Dependency,682,Silver,Neutral,0,52.2,0.0,0,0
494,28,Male,Backpack,Accessories,48,Nevada,XL,Red,Summer,4.7,Yes,Store Pickup,Yes,Yes,19,Cash,Bi-Weekly,0,1,26,41.6,58.4,Moderate Dependency,912,Silver,Satisfied,1,41.6,0.0,0,0
495,38,Male,Boots,Footwear,68,Indiana,M,Indigo,Winter,4.5,Yes,Express,Yes,Yes,42,Debit Card,Weekly,0,1,52,90.2,9.8,Low Dependency,2856,Platinum,Satisfied,1,90.2,52.6,1,1
496,33,Male,Handbag,Accessories,36,Michigan,XL,Cyan,Fall,3.3,Yes,Free Shipping,Yes,Yes,6,Debit Card,Fortnightly,0,1,26,25.7,74.3,High Dependency,216,Bronze,Neutral,0,25.7,0.0,0,0
497,30,Male,Dress,Clothing,63,California,S,Maroon,Fall,3.3,Yes,Express,Yes,Yes,31,Venmo,Fortnightly,0,1,26,56.3,43.7,Moderate Dependency,1953,Gold,Neutral,0,56.3,17.1,1,0
498,43,Male,Sneakers,Footwear,39,Oklahoma,S,Silver,Winter,4.6,Yes,Free Shipping,Yes,Yes,31,Cash,Weekly,0,1,52,76.7,23.3,Low Dependency,1209,Silver,Satisfied,1,76.7,12.3,1,0
499,43,Male,Boots,Footwear,78,Iowa,M,Lavender,Spring,3.6,Yes,Free Shipping,Yes,Yes,27,Bank Transfer,Monthly,0,1,12,40.5,59.5,Moderate Dependency,2106,Gold,Neutral,0,40.5,12.2,0,0
500,36,Male,Shoes,Footwear,99,Rhode Island,L,Silver,Winter,4.8,Yes,Express,Yes,Yes,24,PayPal,Monthly,0,1,12,36.8,63.2,Moderate Dependency,2376,Platinum,Satisfied,1,36.8,15.9,0,0
501,36,Male,T-shirt,Clothing,31,Washington,L,Purple,Fall,4.8,Yes,Next Day Air,Yes,Yes,35,Venmo,Every 3 Months,0,1,4,44.0,56.0,Moderate Dependency,1085,Silver,Satisfied,1,44.0,0.0,0,0
502,64,Male,Boots,Footwear,45,Florida,M,Cyan,Spring,2.9,Yes,Next Day Air,Yes,Yes,21,Venmo,Annually,0,1,1,24.5,75.5,High Dependency,945,Silver,Dissatisfied,0,24.5,0.0,0,0
503,59,Male,Pants,Clothing,30,South Carolina,S,Cyan,Fall,2.8,Yes,Express,Yes,Yes,8,PayPal,Fortnightly,0,1,26,28.2,71.8,High Dependency,240,Bronze,Dissatisfied,0,28.2,0.0,0,0
504,55,Male,Shoes,Footwear,24,West Virginia,M,Lavender,Summer,3.2,Yes,Next Day Air,Yes,Yes,26,Bank Transfer,Quarterly,0,1,4,33.0,67.0,High Dependency,624,Silver,Dissatisfied,0,33.0,0.0,0,0
505,42,Male,Shoes,Footwear,22,Missouri,M,Maroon,Winter,3.9,Yes,Free Shipping,Yes,Yes,26,PayPal,Annually,0,1,1,30.6,69.4,High Dependency,572,Bronze,Neutral,0,30.6,0.0,0,0
506,61,Male,T-shirt,Clothing,63,Maine,L,Gray,Spring,4.3,Yes,Express,Yes,Yes,9,Cash,Bi-Weekly,0,1,26,29.4,70.6,High Dependency,567,Bronze,Satisfied,1,29.4,0.0,0,0
507,28,Male,Scarf,Accessories,40,Georgia,M,Olive,Fall,2.7,Yes,2-Day Shipping,Yes,Yes,48,Debit Card,Annually,0,1,1,57.6,42.4,Moderate Dependency,1920,Gold,Dissatisfied,0,57.6,17.1,1,0
508,65,Male,Shorts,Clothing,20,Maine,M,Magenta,Spring,5.0,Yes,Store Pickup,Yes,Yes,33,Debit Card,Fortnightly,0,1,26,58.8,41.2,Moderate Dependency,660,Silver,Satisfied,1,58.8,0.0,1,0
509,27,Male,Jewelry,Accessories,20,Illinois,S,Yellow,Winter,3.7,Yes,Store Pickup,Yes,Yes,31,PayPal,Quarterly,0,1,4,39.1,60.9,Moderate Dependency,620,Silver,Neutral,0,39.1,0.0,0,0
510,41,Male,T-shirt,Clothing,80,Delaware,L,Cyan,Summer,3.9,Yes,Free Shipping,Yes,Yes,17,Debit Card,Weekly,0,1,52,59.6,40.4,Moderate Dependency,1360,Gold,Neutral,0,59.6,6.8,1,0
511,21,Male,Shirt,Clothing,87,West Virginia,M,Teal,Fall,3.9,Yes,2-Day Shipping,Yes,Yes,22,Venmo,Annually,0,1,1,25.7,74.3,High Dependency,1914,Gold,Neutral,0,25.7,0.9,0,0
512,61,Male,Shirt,Clothing,46,Hawaii,L,Yellow,Fall,3.1,Yes,Free Shipping,Yes,Yes,8,PayPal,Annually,0,1,1,8.6,91.4,High Dependency,368,Bronze,Dissatisfied,0,8.6,0.0,0,0
513,19,Male,Gloves,Accessories,49,New York,L,Peach,Winter,3.8,Yes,Next Day Air,Yes,Yes,2,Bank Transfer,Monthly,1,1,12,9.9,90.1,High Dependency,98,Bronze,Neutral,0,9.9,0.0,0,0
514,22,Male,Scarf,Accessories,65,New Mexico,M,Peach,Fall,3.6,Yes,Store Pickup,Yes,Yes,45,Venmo,Annually,0,1,1,53.9,46.1,Moderate Dependency,2925,Platinum,Neutral,0,53.9,35.6,0,1
515,64,Male,Skirt,Clothing,62,Indiana,S,Olive,Winter,4.3,Yes,Standard,Yes,Yes,47,PayPal,Quarterly,0,1,4,58.7,41.3,Moderate Dependency,2914,Platinum,Satisfied,1,58.7,37.8,1,1
516,28,Male,Hat,Accessories,67,Kentucky,L,Charcoal,Spring,4.5,Yes,Next Day Air,Yes,Yes,7,Cash,Monthly,0,1,12,16.0,84.0,High Dependency,469,Bronze,Satisfied,1,16.0,0.0,0,0
517,34,Male,Hoodie,Clothing,41,West Virginia,L,Indigo,Fall,2.8,Yes,2-Day Shipping,Yes,Yes,19,Debit Card,Bi-Weekly,0,1,26,41.6,58.4,Moderate Dependency,779,Silver,Dissatisfied,0,41.6,0.0,0,0
518,61,Male,Boots,Footwear,49,North Dakota,L,Silver,Fall,2.7,Yes,Free Shipping,Yes,Yes,44,Cash,Every 3 Months,0,1,4,55.0,45.0,Moderate Dependency,2156,Gold,Dissatisfied,0,55.0,20.6,0,0
519,24,Male,Blouse,Clothing,100,Oregon,M,Beige,Fall,2.9,Yes,Next Day Air,Yes,Yes,16,Venmo,Every 3 Months,0,1,4,20.7,79.3,High Dependency,1600,Gold,Dissatisfied,0,20.7,0.0,0,0
520,19,Male,Belt,Accessories,54,Minnesota,L,Blue,Summer,4.4,Yes,2-Day Shipping,Yes,Yes,17,Bank Transfer,Quarterly,0,1,4,21.9,78.1,High Dependency,918,Silver,Satisfied,1,21.9,0.0,0,0
521,51,Male,Sunglasses,Accessories,84,South Carolina,M,White,Spring,3.9,Yes,Free Shipping,Yes,Yes,20,Debit Card,Quarterly,0,1,4,25.6,74.4,High Dependency,1680,Gold,Neutral,0,25.6,0.0,0,0
522,36,Male,Shorts,Clothing,41,Vermont,L,Gold,Winter,3.5,Yes,Standard,Yes,Yes,50,Bank Transfer,Annually,0,1,1,60.0,40.0,Moderate Dependency,2050,Gold,Neutral,0,60.0,21.0,1,0
523,65,Male,Gloves,Accessories,88,Minnesota,M,Blue,Spring,2.5,Yes,Store Pickup,Yes,Yes,37,Cash,Quarterly,0,1,4,46.4,53.6,Moderate Dependency,3256,Platinum,Dissatisfied,0,46.4,38.6,0,1
524,46,Male,Sandals,Footwear,40,Delaware,M,Orange,Spring,4.9,Yes,Express,Yes,Yes,5,PayPal,Quarterly,0,1,4,7.3,92.7,High Dependency,200,Bronze,Satisfied,1,7.3,0.0,0,0
525,59,Male,Shirt,Clothing,39,Pennsylvania,M,Gold,Summer,4.8,Yes,Free Shipping,Yes,Yes,44,PayPal,Annually,0,1,1,52.7,47.3,Moderate Dependency,1716,Gold,Satisfied,1,52.7,10.5,0,0
526,51,Male,Coat,Outerwear,37,Iowa,M,Cyan,Spring,3.2,Yes,Next Day Air,Yes,Yes,41,Debit Card,Monthly,0,1,12,57.6,42.4,Moderate Dependency,1517,Gold,Dissatisfied,0,57.6,8.9,1,0
527,51,Male,Pants,Clothing,52,New Jersey,S,Red,Winter,4.9,Yes,Standard,Yes,Yes,19,Cash,Monthly,0,1,12,30.7,69.3,High Dependency,988,Silver,Satisfied,1,30.7,0.0,0,0
528,21,Male,T-shirt,Clothing,23,South Carolina,L,Yellow,Winter,4.3,Yes,Next Day Air,Yes,Yes,47,Bank Transfer,Every 3 Months,0,1,4,58.7,41.3,Moderate Dependency,1081,Silver,Satisfied,1,58.7,0.6,1,0
529,34,Male,Sneakers,Footwear,88,Maryland,S,Beige,Winter,3.2,Yes,Express,Yes,Yes,40,Cash,Annually,0,1,1,47.8,52.2,Moderate Dependency,3520,Platinum,Dissatisfied,0,47.8,44.6,0,1
530,32,Male,Shorts,Clothing,84,California,M,Orange,Fall,3.7,Yes,Standard,Yes,Yes,6,Credit Card,Monthly,0,1,12,14.7,85.3,High Dependency,504,Bronze,Neutral,0,14.7,0.0,0,0
531,48,Male,Coat,Outerwear,37,Montana,XL,Magenta,Winter,3.2,Yes,Store Pickup,Yes,Yes,25,Credit Card,Bi-Weekly,0,1,26,49.0,51.0,Moderate Dependency,925,Silver,Dissatisfied,0,49.0,0.0,0,0
532,50,Male,Sandals,Footwear,51,Vermont,L,Purple,Fall,3.4,Yes,Next Day Air,Yes,Yes,42,Cash,Weekly,0,1,52,90.2,9.8,Low Dependency,2142,Gold,Neutral,0,90.2,38.1,1,1
533,26,Male,Pants,Clothing,76,Texas,L,Black,Winter,4.1,Yes,Express,Yes,Yes,35,Bank Transfer,Every 3 Months,0,1,4,44.0,56.0,Moderate Dependency,2660,Platinum,Satisfied,1,44.0,25.3,0,0
534,57,Male,Sandals,Footwear,60,North Carolina,L,Pink,Spring,4.5,Yes,Next Day Air,Yes,Yes,17,Debit Card,Weekly,0,1,52,59.6,40.4,Moderate Dependency,1020,Silver,Satisfied,1,59.6,0.0,1,0
535,65,Male,Gloves,Accessories,72,Florida,L,Pink,Fall,4.5,Yes,Next Day Air,Yes,Yes,4,PayPal,Quarterly,0,1,4,6.0,94.0,High Dependency,288,Bronze,Satisfied,1,6.0,0.0,0,0
536,56,Male,T-shirt,Clothing,45,West Virginia,L,Maroon,Spring,3.2,Yes,Free Shipping,Yes,Yes,24,Bank Transfer,Weekly,0,1,52,68.2,31.8,Low Dependency,1080,Silver,Dissatisfied,0,68.2,5.4,1,0
537,44,Male,Jacket,Outerwear,84,Illinois,S,Maroon,Fall,4.4,Yes,Store Pickup,Yes,Yes,16,Debit Card,Every 3 Months,0,1,4,20.7,79.3,High Dependency,1344,Gold,Satisfied,1,20.7,0.0,0,0
538,50,Male,Blouse,Clothing,49,Virginia,S,Turquoise,Summer,3.0,Yes,Store Pickup,Yes,Yes,14,Debit Card,Annually,0,1,1,15.9,84.1,High Dependency,686,Silver,Dissatisfied,0,15.9,0.0,0,0
539,27,Male,Socks,Clothing,22,Virginia,XL,Green,Spring,3.2,Yes,Free Shipping,Yes,Yes,43,Cash,Weekly,0,1,52,91.4,8.6,Low Dependency,946,Silver,Dissatisfied,0,91.4,14.4,1,0
540,49,Male,Coat,Outerwear,48,Wyoming,M,Violet,Winter,4.0,Yes,Store Pickup,Yes,Yes,49,Debit Card,Weekly,0,1,52,98.8,1.2,Low Dependency,2352,Platinum,Neutral,0,98.8,46.7,1,1
541,49,Male,Dress,Clothing,37,South Carolina,M,Lavender,Spring,3.1,Yes,Next Day Air,Yes,Yes,33,Cash,Every 3 Months,0,1,4,41.5,58.5,Moderate Dependency,1221,Silver,Dissatisfied,0,41.5,0.0,0,0
542,52,Male,Jacket,Outerwear,27,Connecticut,L,Gray,Fall,2.8,Yes,Next Day Air,Yes,Yes,45,Cash,Bi-Weekly,0,1,26,73.5,26.5,Low Dependency,1215,Silver,Dissatisfied,0,73.5,10.8,1,0
543,27,Male,Boots,Footwear,79,Illinois,XL,Teal,Spring,4.6,Yes,Next Day Air,Yes,Yes,35,Cash,Bi-Weekly,0,1,26,61.2,38.8,Moderate Dependency,2765,Platinum,Satisfied,1,61.2,36.1,1,1
544,53,Male,Skirt,Clothing,98,Alabama,S,Red,Spring,4.3,Yes,Express,Yes,Yes,11,Credit Card,Monthly,0,1,12,20.9,79.1,High Dependency,1078,Silver,Satisfied,1,20.9,0.0,0,0
545,34,Male,Sandals,Footwear,64,Washington,S,Yellow,Summer,3.3,Yes,Standard,Yes,Yes,30,Bank Transfer,Every 3 Months,0,1,4,37.9,62.1,Moderate Dependency,1920,Gold,Neutral,0,37.9,7.2,0,0
546,33,Male,Coat,Outerwear,32,Alabama,L,Magenta,Summer,3.5,Yes,2-Day Shipping,Yes,Yes,48,Debit Card,Annually,0,1,1,57.6,42.4,Moderate Dependency,1536,Gold,Neutral,0,57.6,9.3,1,0
547,62,Male,Hoodie,Clothing,74,New Mexico,M,Brown,Winter,3.4,Yes,Free Shipping,Yes,Yes,45,Venmo,Bi-Weekly,0,1,26,73.5,26.5,Low Dependency,3330,Platinum,Neutral,0,73.5,53.7,1,1
548,38,Male,Jacket,Outerwear,50,Nevada,M,Blue,Winter,2.8,Yes,Free Shipping,Yes,Yes,26,Venmo,Weekly,0,1,52,70.6,29.4,Low Dependency,1300,Gold,Dissatisfied,0,70.6,11.1,1,0
549,36,Male,Backpack,Accessories,64,Nebraska,M,Black,Winter,4.6,Yes,Store Pickup,Yes,Yes,41,Debit Card,Every 3 Months,0,1,4,51.3,48.7,Moderate Dependency,2624,Platinum,Satisfied,1,51.3,28.2,0,0
550,31,Male,Backpack,Accessories,29,Arizona,S,Olive,Fall,3.6,Yes,Express,Yes,Yes,37,Venmo,Bi-Weekly,0,1,26,63.7,36.3,Moderate Dependency,1073,Silver,Neutral,0,63.7,3.0,1,0
551,62,Male,Belt,Accessories,62,Georgia,M,Olive,Summer,3.3,Yes,Store Pickup,Yes,Yes,12,PayPal,Weekly,0,1,52,53.5,46.5,Moderate Dependency,744,Silver,Neutral,0,53.5,0.0,0,0
552,29,Male,Coat,Outerwear,78,Idaho,XL,Green,Fall,3.1,Yes,2-Day Shipping,Yes,Yes,27,Cash,Bi-Weekly,0,1,26,51.4,48.6,Moderate Dependency,2106,Gold,Dissatisfied,0,51.4,17.8,0,0
553,24,Male,T-shirt,Clothing,94,Missouri,M,Peach,Fall,3.5,Yes,Express,Yes,Yes,18,Bank Transfer,Weekly,0,1,52,60.8,39.2,Moderate Dependency,1692,Gold,Neutral,0,60.8,14.1,1,0
554,63,Male,Sunglasses,Accessories,59,Florida,M,White,Winter,3.2,Yes,Express,Yes,Yes,15,Credit Card,Quarterly,0,1,4,19.5,80.5,High Dependency,885,Silver,Dissatisfied,0,19.5,0.0,0,0
555,56,Male,Sneakers,Footwear,47,Minnesota,M,Red,Summer,3.0,Yes,Express,Yes,Yes,34,Bank Transfer,Weekly,0,1,52,80.4,19.6,Low Dependency,1598,Gold,Dissatisfied,0,80.4,22.1,1,0
556,63,Male,Gloves,Accessories,57,Maine,M,White,Fall,4.8,Yes,Express,Yes,Yes,37,Venmo,Annually,0,1,1,44.1,55.9,Moderate Dependency,2109,Gold,Satisfied,1,44.1,14.1,0,0
557,40,Male,Coat,Outerwear,90,Montana,L,Indigo,Winter,5.0,Yes,Store Pickup,Yes,Yes,21,Cash,Fortnightly,0,1,26,44.1,55.9,Moderate Dependency,1890,Gold,Satisfied,1,44.1,9.7,0,0
558,18,Male,Shirt,Clothing,60,Alaska,M,White,Spring,2.9,Yes,Free Shipping,Yes,Yes,31,Debit Card,Weekly,0,1,52,76.7,23.3,Low Dependency,1860,Gold,Dissatisfied,0,76.7,25.5,1,0
559,50,Male,Sneakers,Footwear,77,Iowa,L,Teal,Fall,3.2,Yes,Express,Yes,Yes,43,Debit Card,Every 3 Months,0,1,4,53.8,46.2,Moderate Dependency,3311,Platinum,Dissatisfied,0,53.8,43.4,0,1
560,66,Male,Scarf,Accessories,41,Arizona,M,Indigo,Fall,2.9,Yes,Store Pickup,Yes,Yes,22,Bank Transfer,Monthly,0,1,12,34.3,65.7,Moderate Dependency,902,Silver,Dissatisfied,0,34.3,0.0,0,0
561,25,Male,Jewelry,Accessories,48,Louisiana,L,Red,Fall,3.8,Yes,Free Shipping,Yes,Yes,12,Debit Card,Annually,1,1,1,13.5,86.5,High Dependency,576,Bronze,Neutral,0,13.5,0.0,0,0
562,65,Male,Jacket,Outerwear,65,Alabama,M,Blue,Fall,2.6,Yes,Next Day Air,Yes,Yes,25,PayPal,Fortnightly,0,1,26,49.0,51.0,Moderate Dependency,1625,Gold,Dissatisfied,0,49.0,6.8,0,0
563,53,Male,Jeans,Clothing,62,Missouri,M,Blue,Summer,3.5,Yes,Standard,Yes,Yes,40,Debit Card,Annually,0,1,1,47.8,52.2,Moderate Dependency,2480,Platinum,Neutral,0,47.8,23.5,0,0
564,61,Male,Shoes,Footwear,99,Idaho,M,Black,Fall,4.4,Yes,Standard,Yes,Yes,16,Debit Card,Quarterly,0,1,4,20.7,79.3,High Dependency,1584,Gold,Satisfied,1,20.7,0.0,0,0
565,67,Male,Hoodie,Clothing,58,Florida,M,Olive,Winter,3.4,Yes,Next Day Air,Yes,Yes,30,Bank Transfer,Weekly,0,1,52,75.5,24.5,Low Dependency,1740,Gold,Neutral,0,75.5,22.5,1,0
566,59,Male,Backpack,Accessories,43,Idaho,L,Lavender,Fall,4.2,Yes,Store Pickup,Yes,Yes,10,Venmo,Weekly,0,1,52,51.0,49.0,Moderate Dependency,430,Bronze,Satisfied,1,51.0,0.0,0,0
567,55,Male,Sneakers,Footwear,93,Alabama,M,Indigo,Spring,3.6,Yes,Store Pickup,Yes,Yes,1,Debit Card,Fortnightly,0,1,26,19.6,80.4,High Dependency,93,Bronze,Neutral,0,19.6,0.0,0,0
568,21,Male,Blouse,Clothing,50,New Hampshire,S,Red,Winter,3.0,Yes,Next Day Air,Yes,Yes,24,Venmo,Fortnightly,0,1,26,47.8,52.2,Moderate Dependency,1200,Silver,Dissatisfied,0,47.8,0.0,0,0
569,44,Male,Pants,Clothing,88,Utah,L,Red,Summer,4.0,Yes,Free Shipping,Yes,Yes,36,PayPal,Monthly,0,1,12,51.5,48.5,Moderate Dependency,3168,Platinum,Neutral,0,51.5,39.4,0,1
570,65,Male,Skirt,Clothing,33,Alabama,M,Pink,Fall,4.4,Yes,Express,Yes,Yes,46,Credit Card,Every 3 Months,0,1,4,57.5,42.5,Moderate Dependency,1518,Gold,Satisfied,1,57.5,8.9,1,0
571,65,Male,T-shirt,Clothing,99,Iowa,XL,Purple,Fall,4.1,Yes,Standard,Yes,Yes,20,Cash,Annually,0,1,1,23.3,76.7,High Dependency,1980,Gold,Satisfied,1,23.3,1.0,0,0
572,54,Male,Jacket,Outerwear,76,Kentucky,XL,Cyan,Spring,3.6,Yes,Free Shipping,Yes,Yes,37,Venmo,Weekly,0,1,52,84.1,15.9,Low Dependency,2812,Platinum,Neutral,0,84.1,48.6,1,1
573,56,Male,Scarf,Accessories,97,South Carolina,XL,Cyan,Summer,4.6,Yes,Next Day Air,Yes,Yes,26,Bank Transfer,Annually,0,1,1,30.6,69.4,High Dependency,2522,Platinum,Satisfied,1,30.6,15.7,0,0
574,58,Male,Pants,Clothing,68,California,M,Charcoal,Summer,3.2,Yes,2-Day Shipping,Yes,Yes,23,Credit Card,Bi-Weekly,0,1,26,46.5,53.5,Moderate Dependency,1564,Gold,Dissatisfied,0,46.5,4.3,0,0
575,54,Male,Sneakers,Footwear,79,Maine,L,Red,Fall,4.8,Yes,Free Shipping,Yes,Yes,20,Bank Transfer,Bi-Weekly,0,1,26,42.9,57.1,Moderate Dependency,1580,Gold,Satisfied,1,42.9,2.8,0,0
576,58,Male,Jeans,Clothing,86,Nebraska,M,Peach,Fall,4.8,Yes,Express,Yes,Yes,38,PayPal,Monthly,0,1,12,53.9,46.1,Moderate Dependency,3268,Platinum,Satisfied,1,53.9,42.6,0,1
577,48,Male,Hat,Accessories,68,Washington,M,Black,Winter,5.0,Yes,2-Day Shipping,Yes,Yes,5,Credit Card,Every 3 Months,0,1,4,7.3,92.7,High Dependency,340,Bronze,Satisfied,1,7.3,0.0,0,0
578,19,Male,Skirt,Clothing,52,Alabama,M,Black,Fall,3.7,Yes,Store Pickup,Yes,Yes,41,Venmo,Annually,0,1,1,49.0,51.0,Moderate Dependency,2132,Gold,Neutral,0,49.0,17.1,0,0
579,69,Male,Sandals,Footwear,90,Maine,M,Purple,Fall,4.6,Yes,Next Day Air,Yes,Yes,22,Credit Card,Fortnightly,0,1,26,45.3,54.7,Moderate Dependency,1980,Gold,Satisfied,1,45.3,12.1,0,0
580,58,Male,Sandals,Footwear,41,California,M,Violet,Winter,3.7,Yes,Free Shipping,Yes,Yes,48,Credit Card,Annually,0,1,1,57.6,42.4,Moderate Dependency,1968,Gold,Neutral,0,57.6,18.1,1,0
581,49,Male,Sweater,Clothing,80,Iowa,M,Orange,Spring,4.1,Yes,Free Shipping,Yes,Yes,10,PayPal,Weekly,0,1,52,51.0,49.0,Moderate Dependency,800,Silver,Satisfied,1,51.0,0.0,0,0
582,32,Male,Sweater,Clothing,100,Iowa,XL,Charcoal,Winter,2.7,Yes,Store Pickup,Yes,Yes,12,Bank Transfer,Every 3 Months,0,1,4,15.8,84.2,High Dependency,1200,Silver,Dissatisfied,0,15.8,0.0,0,0
583,40,Male,Jacket,Outerwear,77,Colorado,L,Turquoise,Spring,4.9,Yes,Store Pickup,Yes,Yes,2,Bank Transfer,Quarterly,0,1,4,3.6,96.4,High Dependency,154,Bronze,Satisfied,1,3.6,0.0,0,0
584,25,Male,Shorts,Clothing,78,California,L,Yellow,Spring,4.0,Yes,Store Pickup,Yes,Yes,38,PayPal,Monthly,0,1,12,53.9,46.1,Moderate Dependency,2964,Platinum,Neutral,0,53.9,36.4,0,1
585,70,Male,Socks,Clothing,94,Indiana,M,White,Spring,4.7,Yes,Free Shipping,Yes,Yes,20,Debit Card,Monthly,0,1,12,31.9,68.1,High Dependency,1880,Gold,Satisfied,1,31.9,3.3,0,0
586,69,Male,Socks,Clothing,23,South Carolina,M,Gray,Fall,2.8,Yes,Next Day Air,Yes,Yes,5,Cash,Every 3 Months,0,1,4,7.3,92.7,High Dependency,115,Bronze,Dissatisfied,0,7.3,0.0,0,0
587,45,Male,Hoodie,Clothing,20,Wisconsin,S,Blue,Winter,4.9,Yes,2-Day Shipping,Yes,Yes,9,Venmo,Annually,0,1,1,9.8,90.2,High Dependency,180,Bronze,Satisfied,1,9.8,0.0,0,0
588,29,Male,Socks,Clothing,86,Washington,S,Maroon,Fall,4.2,Yes,Express,Yes,Yes,48,Debit Card,Every 3 Months,0,1,4,59.9,40.1,Moderate Dependency,4128,Platinum,Satisfied,1,59.9,63.1,1,1
589,47,Male,Boots,Footwear,60,South Dakota,M,Violet,Fall,3.0,Yes,Standard,Yes,Yes,9,Debit Card,Quarterly,0,1,4,12.1,87.9,High Dependency,540,Bronze,Dissatisfied,0,12.1,0.0,0,0
590,28,Male,Shirt,Clothing,70,Minnesota,M,Orange,Fall,3.4,Yes,2-Day Shipping,Yes,Yes,40,PayPal,Annually,0,1,1,47.8,52.2,Moderate Dependency,2800,Platinum,Neutral,0,47.8,30.0,0,0
591,64,Male,Belt,Accessories,39,Alaska,S,Turquoise,Fall,4.6,Yes,Standard,Yes,Yes,30,Venmo,Fortnightly,0,1,26,55.1,44.9,Moderate Dependency,1170,Silver,Satisfied,1,55.1,0.6,1,0
592,47,Male,Backpack,Accessories,37,Kentucky,L,Olive,Fall,4.2,Yes,Store Pickup,Yes,Yes,6,Debit Card,Bi-Weekly,0,1,26,25.7,74.3,High Dependency,222,Bronze,Satisfied,1,25.7,0.0,0,0
593,60,Male,Boots,Footwear,29,North Dakota,M,Brown,Fall,3.2,Yes,Free Shipping,Yes,Yes,42,Venmo,Every 3 Months,0,1,4,52.6,47.4,Moderate Dependency,1218,Silver,Dissatisfied,0,52.6,0.3,0,0
594,67,Male,Coat,Outerwear,35,Alaska,S,Green,Winter,4.4,Yes,Store Pickup,Yes,Yes,9,PayPal,Every 3 Months,0,1,4,12.1,87.9,High Dependency,315,Bronze,Satisfied,1,12.1,0.0,0,0
595,35,Male,Hoodie,Clothing,83,Oklahoma,S,Brown,Winter,2.5,Yes,Next Day Air,Yes,Yes,6,Debit Card,Monthly,0,1,12,14.7,85.3,High Dependency,498,Bronze,Dissatisfied,0,14.7,0.0,0,0
596,30,Male,Shoes,Footwear,77,Delaware,M,Silver,Summer,3.6,Yes,Next Day Air,Yes,Yes,47,PayPal,Quarterly,0,1,4,58.7,41.3,Moderate Dependency,3619,Platinum,Neutral,0,58.7,52.1,1,1
597,23,Male,Shoes,Footwear,37,Montana,XL,White,Summer,4.5,Yes,Store Pickup,Yes,Yes,36,Venmo,Annually,0,1,1,42.9,57.1,Moderate Dependency,1332,Gold,Satisfied,1,42.9,0.0,0,0
598,70,Male,Jewelry,Accessories,69,Alaska,L,Gold,Summer,3.4,Yes,Standard,Yes,Yes,19,Bank Transfer,Fortnightly,0,1,26,41.6,58.4,Moderate Dependency,1311,Gold,Neutral,0,41.6,0.0,0,0
599,21,Male,Dress,Clothing,66,California,L,Green,Winter,3.2,Yes,2-Day Shipping,Yes,Yes,30,Cash,Every 3 Months,0,1,4,37.9,62.1,Moderate Dependency,1980,Gold,Dissatisfied,0,37.9,8.4,0,0
600,51,Male,Boots,Footwear,26,Massachusetts,L,Teal,Spring,4.2,Yes,Standard,Yes,Yes,27,Debit Card,Every 3 Months,0,1,4,34.2,65.8,Moderate Dependency,702,Silver,Satisfied,1,34.2,0.0,0,0
601,22,Male,Hat,Accessories,63,South Carolina,M,Charcoal,Spring,5.0,Yes,2-Day Shipping,Yes,Yes,25,Venmo,Monthly,0,1,12,38.0,62.0,Moderate Dependency,1575,Gold,Satisfied,1,38.0,0.2,0,0
602,32,Male,Backpack,Accessories,38,West Virginia,M,Maroon,Summer,4.7,Yes,Store Pickup,Yes,Yes,5,Cash,Fortnightly,0,1,26,24.5,75.5,High Dependency,190,Bronze,Satisfied,1,24.5,0.0,0,0
603,37,Male,Shoes,Footwear,58,Oregon,L,Lavender,Summer,4.2,Yes,Next Day Air,Yes,Yes,10,Cash,Every 3 Months,0,1,4,13.4,86.6,High Dependency,580,Bronze,Satisfied,1,13.4,0.0,0,0
604,31,Male,Handbag,Accessories,46,Massachusetts,L,Green,Winter,3.4,Yes,2-Day Shipping,Yes,Yes,26,PayPal,Every 3 Months,0,1,4,33.0,67.0,High Dependency,1196,Silver,Neutral,0,33.0,0.0,0,0
605,44,Male,Sunglasses,Accessories,92,West Virginia,S,Pink,Fall,4.4,Yes,Store Pickup,Yes,Yes,11,Credit Card,Every 3 Months,0,1,4,14.6,85.4,High Dependency,1012,Silver,Satisfied,1,14.6,0.0,0,0
606,40,Male,Hat,Accessories,32,California,XL,Charcoal,Winter,4.2,Yes,Standard,Yes,Yes,17,Bank Transfer,Weekly,0,1,52,59.6,40.4,Moderate Dependency,544,Bronze,Satisfied,1,59.6,0.0,1,0
607,27,Male,Scarf,Accessories,90,Colorado,M,Blue,Spring,4.5,Yes,Standard,Yes,Yes,44,PayPal,Monthly,0,1,12,61.3,38.7,Moderate Dependency,3960,Platinum,Satisfied,1,61.3,60.4,1,1
608,47,Male,Hoodie,Clothing,23,Indiana,L,Purple,Fall,2.8,Yes,Next Day Air,Yes,Yes,44,Cash,Monthly,0,1,12,61.3,38.7,Moderate Dependency,1012,Silver,Dissatisfied,0,61.3,0.6,1,0
609,41,Male,Backpack,Accessories,25,Delaware,S,Gold,Fall,3.3,Yes,Next Day Air,Yes,Yes,21,Venmo,Every 3 Months,0,1,4,26.8,73.2,High Dependency,525,Bronze,Neutral,0,26.8,0.0,0,0
610,51,Male,Sweater,Clothing,54,Ohio,L,Purple,Fall,4.6,Yes,Next Day Air,Yes,Yes,49,Credit Card,Fortnightly,0,1,26,78.4,21.6,Low Dependency,2646,Platinum,Satisfied,1,78.4,42.3,1,1
611,53,Male,Shorts,Clothing,72,Oklahoma,M,Charcoal,Summer,2.5,Yes,Free Shipping,Yes,Yes,27,Bank Transfer,Every 3 Months,0,1,4,34.2,65.8,Moderate Dependency,1944,Gold,Dissatisfied,0,34.2,5.8,0,0
612,43,Male,Scarf,Accessories,33,California,M,Black,Winter,4.7,Yes,Store Pickup,Yes,Yes,19,Cash,Monthly,0,1,12,30.7,69.3,High Dependency,627,Silver,Satisfied,1,30.7,0.0,0,0
613,67,Male,Hat,Accessories,43,New Hampshire,L,Lavender,Fall,4.6,Yes,Express,Yes,Yes,33,Credit Card,Quarterly,0,1,4,41.5,58.5,Moderate Dependency,1419,Gold,Satisfied,1,41.5,0.0,0,0
614,61,Male,Coat,Outerwear,51,Pennsylvania,L,Lavender,Fall,2.6,Yes,Standard,Yes,Yes,46,Cash,Bi-Weekly,0,1,26,74.7,25.3,Low Dependency,2346,Platinum,Dissatisfied,0,74.7,34.4,1,1
615,68,Male,Jewelry,Accessories,85,Idaho,M,Lavender,Winter,4.0,Yes,Standard,Yes,Yes,21,Credit Card,Bi-Weekly,0,1,26,44.1,55.9,Moderate Dependency,1785,Gold,Neutral,0,44.1,7.6,0,0
616,67,Male,Sandals,Footwear,100,Maryland,L,Olive,Summer,2.6,Yes,Next Day Air,Yes,Yes,23,Venmo,Annually,0,1,1,26.9,73.1,High Dependency,2300,Platinum,Dissatisfied,0,26.9,9.3,0,0
617,29,Male,Gloves,Accessories,72,Pennsylvania,L,Teal,Spring,4.6,Yes,Free Shipping,Yes,Yes,38,Credit Card,Every 3 Months,0,1,4,47.7,52.3,Moderate Dependency,2736,Platinum,Satisfied,1,47.7,28.7,0,0
618,50,Male,Backpack,Accessories,57,Colorado,M,Maroon,Fall,2.6,Yes,Standard,Yes,Yes,2,Bank Transfer,Quarterly,0,1,4,3.6,96.4,High Dependency,114,Bronze,Dissatisfied,0,3.6,0.0,0,0
619,61,Male,Jacket,Outerwear,94,Indiana,L,Cyan,Spring,4.0,Yes,Express,Yes,Yes,21,Debit Card,Bi-Weekly,0,1,26,44.1,55.9,Moderate Dependency,1974,Gold,Neutral,0,44.1,11.4,0,0
620,19,Male,Backpack,Accessories,34,Nebraska,M,Charcoal,Summer,4.6,Yes,Store Pickup,Yes,Yes,1,Debit Card,Every 3 Months,0,1,4,2.4,97.6,High Dependency,34,Bronze,Satisfied,1,2.4,0.0,0,0
621,33,Male,Backpack,Accessories,89,Rhode Island,M,Black,Fall,3.7,Yes,2-Day Shipping,Yes,Yes,10,Venmo,Every 3 Months,0,1,4,13.4,86.6,High Dependency,890,Silver,Neutral,0,13.4,0.0,0,0
622,51,Male,Sunglasses,Accessories,27,Kansas,S,Red,Fall,4.4,Yes,Store Pickup,Yes,Yes,45,Credit Card,Weekly,0,1,52,93.9,6.1,Low Dependency,1215,Silver,Satisfied,1,93.9,21.1,1,0
623,69,Male,Socks,Clothing,63,Georgia,S,Peach,Spring,4.0,Yes,Next Day Air,Yes,Yes,44,Bank Transfer,Fortnightly,0,1,26,72.3,27.7,Low Dependency,2772,Platinum,Neutral,0,72.3,41.8,1,1
624,19,Male,Shoes,Footwear,70,Nevada,M,White,Fall,4.7,Yes,Standard,Yes,Yes,48,PayPal,Bi-Weekly,0,1,26,77.2,22.8,Low Dependency,3360,Platinum,Satisfied,1,77.2,56.2,1,1
625,55,Male,Pants,Clothing,87,South Carolina,XL,Pink,Fall,3.4,Yes,Express,Yes,Yes,21,PayPal,Annually,0,1,1,24.5,75.5,High Dependency,1827,Gold,Neutral,0,24.5,0.0,0,0
626,49,Male,Jewelry,Accessories,79,Delaware,M,Red,Fall,4.0,Yes,Next Day Air,Yes,Yes,1,Venmo,Weekly,0,1,52,40.0,60.0,Moderate Dependency,79,Bronze,Neutral,0,40.0,0.0,0,0
627,31,Male,Sunglasses,Accessories,79,New Hampshire,M,Indigo,Spring,3.9,Yes,Standard,Yes,Yes,10,Venmo,Annually,0,1,1,11.0,89.0,High Dependency,790,Silver,Neutral,0,11.0,0.0,0,0
628,42,Male,Sandals,Footwear,44,Oregon,L,Black,Winter,4.1,Yes,Express,Yes,Yes,24,PayPal,Monthly,0,1,12,36.8,63.2,Moderate Dependency,1056,Silver,Satisfied,1,36.8,0.0,0,0
629,69,Male,Sweater,Clothing,85,Massachusetts,M,White,Fall,3.8,Yes,2-Day Shipping,Yes,Yes,29,Credit Card,Monthly,1,1,12,42.9,57.1,Moderate Dependency,2465,Platinum,Neutral,0,42.9,20.7,0,0
630,26,Male,Shoes,Footwear,90,Vermont,L,Beige,Spring,4.7,Yes,Standard,Yes,Yes,11,Debit Card,Annually,0,1,1,12.2,87.8,High Dependency,990,Silver,Satisfied,1,12.2,0.0,0,0
631,41,Male,Jewelry,Accessories,94,Mississippi,S,Silver,Fall,4.3,Yes,2-Day Shipping,Yes,Yes,33,Debit Card,Annually,0,1,1,39.2,60.8,Moderate Dependency,3102,Platinum,Satisfied,1,39.2,31.8,0,1
632,55,Male,Boots,Footwear,68,Washington,S,Violet,Summer,4.1,Yes,Store Pickup,Yes,Yes,27,Cash,Fortnightly,0,1,26,51.4,48.6,Moderate Dependency,1836,Gold,Satisfied,1,51.4,12.3,0,0
633,35,Male,Backpack,Accessories,51,Wyoming,M,Red,Winter,3.9,Yes,Next Day Air,Yes,Yes,19,Venmo,Fortnightly,0,1,26,41.6,58.4,Moderate Dependency,969,Silver,Neutral,0,41.6,0.0,0,0
634,66,Male,Sandals,Footwear,33,Minnesota,M,Orange,Spring,2.9,Yes,Express,Yes,Yes,50,Debit Card,Quarterly,0,1,4,62.4,37.6,Moderate Dependency,1650,Gold,Dissatisfied,0,62.4,14.1,1,0
635,36,Male,Sneakers,Footwear,60,Ohio,M,Teal,Summer,3.9,Yes,Standard,Yes,Yes,46,PayPal,Weekly,0,1,52,95.1,4.9,Low Dependency,2760,Platinum,Neutral,0,95.1,53.1,1,1
636,27,Male,Hoodie,Clothing,59,South Carolina,M,Brown,Fall,4.3,Yes,2-Day Shipping,Yes,Yes,28,Cash,Quarterly,0,1,4,35.4,64.6,Moderate Dependency,1652,Gold,Satisfied,1,35.4,0.5,0,0
637,41,Male,Handbag,Accessories,30,Wisconsin,M,Indigo,Summer,2.8,Yes,Store Pickup,Yes,Yes,14,Bank Transfer,Every 3 Months,0,1,4,18.3,81.7,High Dependency,420,Bronze,Dissatisfied,0,18.3,0.0,0,0
638,21,Male,Sweater,Clothing,20,Tennessee,M,Cyan,Winter,3.4,Yes,2-Day Shipping,Yes,Yes,46,Cash,Fortnightly,0,1,26,74.7,25.3,Low Dependency,920,Silver,Neutral,0,74.7,5.5,1,0
639,53,Male,Sandals,Footwear,20,Maryland,S,Blue,Summer,2.7,Yes,Express,Yes,Yes,41,PayPal,Monthly,0,1,12,57.6,42.4,Moderate Dependency,820,Silver,Dissatisfied,0,57.6,0.0,1,0
640,54,Male,Dress,Clothing,24,Mississippi,L,Olive,Spring,4.0,Yes,2-Day Shipping,Yes,Yes,50,Credit Card,Annually,0,1,1,60.0,40.0,Moderate Dependency,1200,Silver,Neutral,0,60.0,3.7,1,0
641,53,Male,Skirt,Clothing,88,Minnesota,M,Gray,Summer,4.4,Yes,Store Pickup,Yes,Yes,28,Debit Card,Fortnightly,0,1,26,52.7,47.3,Moderate Dependency,2464,Platinum,Satisfied,1,52.7,25.7,0,0
642,47,Male,Blouse,Clothing,78,Alaska,M,Red,Winter,3.9,Yes,2-Day Shipping,Yes,Yes,23,Credit Card,Every 3 Months,0,1,4,29.3,70.7,High Dependency,1794,Gold,Neutral,0,29.3,0.3,0,0
643,64,Male,Skirt,Clothing,25,Arkansas,L,Red,Spring,2.8,Yes,2-Day Shipping,Yes,Yes,14,Debit Card,Bi-Weekly,0,1,26,35.5,64.5,Moderate Dependency,350,Bronze,Dissatisfied,0,35.5,0.0,0,0
644,18,Male,Sweater,Clothing,57,Oregon,XL,Green,Winter,3.2,Yes,Next Day Air,Yes,Yes,10,Bank Transfer,Every 3 Months,0,1,4,13.4,86.6,High Dependency,570,Bronze,Dissatisfied,0,13.4,0.0,0,0
645,68,Male,Backpack,Accessories,93,Louisiana,S,Blue,Summer,4.3,Yes,Next Day Air,Yes,Yes,37,Cash,Weekly,0,1,52,84.1,15.9,Low Dependency,3441,Platinum,Satisfied,1,84.1,61.4,1,1
646,62,Male,Hoodie,Clothing,42,Oklahoma,S,Purple,Summer,4.2,Yes,Express,Yes,Yes,15,Venmo,Bi-Weekly,0,1,26,36.8,63.2,Moderate Dependency,630,Silver,Satisfied,1,36.8,0.0,0,0
647,51,Male,Boots,Footwear,54,Indiana,XL,Pink,Spring,4.9,Yes,Standard,Yes,Yes,19,Venmo,Bi-Weekly,0,1,26,41.6,58.4,Moderate Dependency,1026,Silver,Satisfied,1,41.6,0.0,0,0
648,54,Male,Blouse,Clothing,70,Mississippi,XL,Charcoal,Summer,3.7,Yes,Express,Yes,Yes,23,Credit Card,Fortnightly,0,1,26,46.5,53.5,Moderate Dependency,1610,Gold,Neutral,0,46.5,5.2,0,0
649,22,Male,Hoodie,Clothing,31,Michigan,M,Brown,Winter,4.1,Yes,Store Pickup,Yes,Yes,35,Credit Card,Weekly,0,1,52,81.6,18.4,Low Dependency,1085,Silver,Satisfied,1,81.6,12.3,1,0
650,53,Male,Pants,Clothing,93,Delaware,L,Orange,Spring,4.2,Yes,Store Pickup,Yes,Yes,33,PayPal,Every 3 Months,0,1,4,41.5,58.5,Moderate Dependency,3069,Platinum,Satisfied,1,41.5,32.3,0,1
651,34,Male,Gloves,Accessories,40,Florida,M,Magenta,Spring,3.9,Yes,Next Day Air,Yes,Yes,12,Bank Transfer,Annually,0,1,1,13.5,86.5,High Dependency,480,Bronze,Neutral,0,13.5,0.0,0,0
652,32,Male,Hat,Accessories,32,Arkansas,L,Yellow,Summer,2.9,Yes,Next Day Air,Yes,Yes,41,Venmo,Fortnightly,0,1,26,68.6,31.4,Low Dependency,1312,Gold,Dissatisfied,0,68.6,10.3,1,0
653,64,Male,Sunglasses,Accessories,27,Minnesota,M,Beige,Winter,3.1,Yes,Free Shipping,Yes,Yes,27,Venmo,Weekly,0,1,52,71.8,28.2,Low Dependency,729,Silver,Dissatisfied,0,71.8,0.1,1,0
654,20,Male,Scarf,Accessories,68,North Dakota,M,Olive,Winter,3.6,Yes,2-Day Shipping,Yes,Yes,45,Cash,Fortnightly,0,1,26,73.5,26.5,Low Dependency,3060,Platinum,Neutral,0,73.5,48.3,1,1
655,24,Male,Handbag,Accessories,59,California,L,Gray,Summer,4.4,Yes,2-Day Shipping,Yes,Yes,23,Venmo,Annually,0,1,1,26.9,73.1,High Dependency,1357,Gold,Satisfied,1,26.9,0.0,0,0
656,20,Male,Handbag,Accessories,36,Mississippi,S,Purple,Fall,3.1,Yes,Free Shipping,Yes,Yes,19,Venmo,Monthly,0,1,12,30.7,69.3,High Dependency,684,Silver,Dissatisfied,0,30.7,0.0,0,0
657,42,Male,Jeans,Clothing,23,Pennsylvania,M,Beige,Summer,3.9,Yes,Standard,Yes,Yes,6,PayPal,Quarterly,0,1,4,8.5,91.5,High Dependency,138,Bronze,Neutral,0,8.5,0.0,0,0
658,48,Male,Jacket,Outerwear,80,Arizona,M,White,Winter,4.3,Yes,Free Shipping,Yes,Yes,6,PayPal,Quarterly,0,1,4,8.5,91.5,High Dependency,480,Bronze,Satisfied,1,8.5,0.0,0,0
659,62,Male,Backpack,Accessories,37,Louisiana,S,White,Fall,4.9,Yes,Store Pickup,Yes,Yes,20,Venmo,Weekly,0,1,52,63.3,36.7,Moderate Dependency,740,Silver,Satisfied,1,63.3,0.0,1,0
660,62,Male,Shorts,Clothing,52,Virginia,S,Gold,Spring,3.6,Yes,2-Day Shipping,Yes,Yes,8,Cash,Weekly,0,1,52,48.6,51.4,Moderate Dependency,416,Bronze,Neutral,0,48.6,0.0,0,0
661,50,Male,Coat,Outerwear,79,Montana,M,Olive,Fall,5.0,Yes,2-Day Shipping,Yes,Yes,39,Credit Card,Quarterly,0,1,4,48.9,51.1,Moderate Dependency,3081,Platinum,Satisfied,1,48.9,36.3,0,1
662,57,Male,Shirt,Clothing,68,Iowa,XL,Green,Fall,4.1,Yes,Store Pickup,Yes,Yes,39,Credit Card,Quarterly,0,1,4,48.9,51.1,Moderate Dependency,2652,Platinum,Satisfied,1,48.9,27.6,0,0
663,24,Male,Gloves,Accessories,98,Illinois,L,Magenta,Fall,2.8,Yes,Express,Yes,Yes,39,Venmo,Bi-Weekly,0,1,26,66.1,33.9,Moderate Dependency,3822,Platinum,Dissatisfied,0,66.1,60.0,1,1
664,59,Male,Dress,Clothing,83,Alaska,M,Charcoal,Fall,4.7,Yes,Express,Yes,Yes,23,Credit Card,Monthly,0,1,12,35.6,64.4,Moderate Dependency,1909,Gold,Satisfied,1,35.6,5.8,0,0
665,63,Male,Pants,Clothing,83,Colorado,M,Indigo,Winter,4.4,Yes,Express,Yes,Yes,41,PayPal,Bi-Weekly,0,1,26,68.6,31.4,Low Dependency,3403,Platinum,Satisfied,1,68.6,52.8,1,1
666,41,Male,Pants,Clothing,55,New Mexico,M,Peach,Spring,4.9,Yes,2-Day Shipping,Yes,Yes,50,Credit Card,Annually,0,1,1,60.0,40.0,Moderate Dependency,2750,Platinum,Satisfied,1,60.0,35.2,1,1
667,35,Male,Hoodie,Clothing,26,Colorado,L,Turquoise,Winter,3.1,Yes,Free Shipping,Yes,Yes,30,Debit Card,Quarterly,0,1,4,37.9,62.1,Moderate Dependency,780,Silver,Dissatisfied,0,37.9,0.0,0,0
668,34,Male,Sunglasses,Accessories,76,Arizona,S,Blue,Winter,2.6,Yes,Standard,Yes,Yes,32,Bank Transfer,Quarterly,0,1,4,40.3,59.7,Moderate Dependency,2432,Platinum,Dissatisfied,0,40.3,18.8,0,0
669,49,Male,T-shirt,Clothing,85,Hawaii,S,Turquoise,Fall,2.9,Yes,Express,Yes,Yes,35,Bank Transfer,Monthly,0,1,12,50.3,49.7,Moderate Dependency,2975,Platinum,Dissatisfied,0,50.3,34.8,0,1
670,43,Male,Jacket,Outerwear,89,Illinois,M,Gray,Spring,3.3,Yes,Free Shipping,Yes,Yes,45,Venmo,Bi-Weekly,0,1,26,73.5,26.5,Low Dependency,4005,Platinum,Neutral,0,73.5,67.4,1,1
671,63,Male,Sweater,Clothing,41,Louisiana,XL,Purple,Spring,4.8,Yes,Next Day Air,Yes,Yes,37,Cash,Bi-Weekly,0,1,26,63.7,36.3,Moderate Dependency,1517,Gold,Satisfied,1,63.7,12.0,1,0
672,38,Male,Jacket,Outerwear,30,Iowa,L,Black,Winter,4.7,Yes,Express,Yes,Yes,45,Cash,Weekly,0,1,52,93.9,6.1,Low Dependency,1350,Gold,Satisfied,1,93.9,23.9,1,0
673,59,Male,Socks,Clothing,53,Washington,M,Peach,Winter,3.3,Yes,2-Day Shipping,Yes,Yes,29,Cash,Quarterly,0,1,4,36.6,63.4,Moderate Dependency,1537,Gold,Neutral,0,36.6,0.0,0,0
674,35,Male,Shirt,Clothing,66,Oklahoma,M,Indigo,Spring,4.2,Yes,Free Shipping,Yes,Yes,27,Venmo,Bi-Weekly,0,1,26,51.4,48.6,Moderate Dependency,1782,Gold,Satisfied,1,51.4,11.2,0,0
675,48,Male,Jewelry,Accessories,33,Washington,XL,Beige,Winter,4.7,Yes,Store Pickup,Yes,Yes,36,Bank Transfer,Annually,0,1,1,42.9,57.1,Moderate Dependency,1188,Silver,Satisfied,1,42.9,0.0,0,0
676,64,Male,Sunglasses,Accessories,86,Arkansas,M,Yellow,Spring,2.6,Yes,2-Day Shipping,Yes,Yes,9,Cash,Annually,0,1,1,9.8,90.2,High Dependency,774,Silver,Dissatisfied,0,9.8,0.0,0,0
677,28,Male,Pants,Clothing,60,Connecticut,M,Peach,Winter,2.9,Yes,2-Day Shipping,Yes,Yes,38,Venmo,Bi-Weekly,0,1,26,64.9,35.1,Moderate Dependency,2280,Platinum,Dissatisfied,0,64.9,28.1,1,0
678,60,Male,Socks,Clothing,62,Washington,S,Turquoise,Summer,2.7,Yes,Express,Yes,Yes,41,PayPal,Annually,0,1,1,49.0,51.0,Moderate Dependency,2542,Platinum,Dissatisfied,0,49.0,25.4,0,0
679,27,Male,Blouse,Clothing,74,Maine,M,Teal,Fall,3.3,Yes,Store Pickup,Yes,Yes,25,Debit Card,Every 3 Months,0,1,4,31.7,68.3,High Dependency,1850,Gold,Neutral,0,31.7,2.6,0,0
680,56,Male,Sandals,Footwear,95,Michigan,M,Turquoise,Fall,3.4,Yes,Express,Yes,Yes,37,Venmo,Fortnightly,0,1,26,63.7,36.3,Moderate Dependency,3515,Platinum,Neutral,0,63.7,52.6,1,1
681,58,Male,Sneakers,Footwear,25,Tennessee,M,Magenta,Spring,4.2,Yes,Express,Yes,Yes,3,PayPal,Annually,0,1,1,2.4,97.6,High Dependency,75,Bronze,Satisfied,1,2.4,0.0,0,0
682,30,Male,Shirt,Clothing,59,Louisiana,XL,Purple,Winter,3.8,Yes,2-Day Shipping,Yes,Yes,24,Credit Card,Every 3 Months,0,1,4,30.5,69.5,High Dependency,1416,Gold,Neutral,0,30.5,0.0,0,0
683,23,Male,Jacket,Outerwear,29,Missouri,M,Brown,Summer,4.0,Yes,Standard,Yes,Yes,49,Credit Card,Bi-Weekly,0,1,26,78.4,21.6,Low Dependency,1421,Gold,Neutral,0,78.4,17.5,1,0
684,33,Male,Sandals,Footwear,36,Michigan,S,Violet,Winter,2.7,Yes,Free Shipping,Yes,Yes,3,Bank Transfer,Monthly,0,1,12,11.1,88.9,High Dependency,108,Bronze,Dissatisfied,0,11.1,0.0,0,0
685,63,Male,Hat,Accessories,82,Alabama,M,Yellow,Summer,4.7,Yes,Express,Yes,Yes,42,Debit Card,Monthly,0,1,12,58.8,41.2,Moderate Dependency,3444,Platinum,Satisfied,1,58.8,48.6,1,1
686,70,Male,Blouse,Clothing,71,Massachusetts,XL,Magenta,Winter,3.5,Yes,Standard,Yes,Yes,32,Cash,Fortnightly,0,1,26,57.6,42.4,Moderate Dependency,2272,Platinum,Neutral,0,57.6,24.3,1,0
687,70,Male,Sweater,Clothing,35,Indiana,L,Beige,Fall,3.0,Yes,2-Day Shipping,Yes,Yes,33,Venmo,Fortnightly,0,1,26,58.8,41.2,Moderate Dependency,1155,Silver,Dissatisfied,0,58.8,2.2,1,0
688,19,Male,Gloves,Accessories,38,West Virginia,XL,Turquoise,Winter,3.3,Yes,Free Shipping,Yes,Yes,46,Bank Transfer,Quarterly,0,1,4,57.5,42.5,Moderate Dependency,1748,Gold,Neutral,0,57.5,13.6,1,0
689,25,Male,Scarf,Accessories,59,Michigan,S,Peach,Summer,4.7,Yes,Store Pickup,Yes,Yes,44,Venmo,Monthly,0,1,12,61.3,38.7,Moderate Dependency,2596,Platinum,Satisfied,1,61.3,32.7,1,1
690,19,Male,Hoodie,Clothing,91,Pennsylvania,M,Orange,Summer,4.7,Yes,Express,Yes,Yes,35,Credit Card,Every 3 Months,0,1,4,44.0,56.0,Moderate Dependency,3185,Platinum,Satisfied,1,44.0,35.9,0,1
691,25,Male,Shorts,Clothing,68,Alaska,XL,Red,Spring,4.8,Yes,Standard,Yes,Yes,45,Bank Transfer,Weekly,0,1,52,93.9,6.1,Low Dependency,3060,Platinum,Satisfied,1,93.9,58.6,1,1
692,60,Male,Backpack,Accessories,21,Massachusetts,L,Silver,Summer,2.9,Yes,Standard,Yes,Yes,37,PayPal,Bi-Weekly,0,1,26,63.7,36.3,Moderate Dependency,777,Silver,Dissatisfied,0,63.7,0.0,1,0
693,35,Male,Sunglasses,Accessories,95,North Dakota,M,Cyan,Spring,4.0,Yes,2-Day Shipping,Yes,Yes,40,Debit Card,Every 3 Months,0,1,4,50.1,49.9,Moderate Dependency,3800,Platinum,Neutral,0,50.1,51.5,0,1
694,46,Male,Shorts,Clothing,52,Vermont,L,Turquoise,Spring,3.1,Yes,Free Shipping,Yes,Yes,30,Cash,Every 3 Months,0,1,4,37.9,62.1,Moderate Dependency,1560,Gold,Dissatisfied,0,37.9,0.0,0,0
695,41,Male,Dress,Clothing,21,Kentucky,S,Charcoal,Fall,3.5,Yes,2-Day Shipping,Yes,Yes,38,Venmo,Every 3 Months,0,1,4,47.7,52.3,Moderate Dependency,798,Silver,Neutral,0,47.7,0.0,0,0
696,30,Male,Shorts,Clothing,67,Nevada,XL,Peach,Summer,3.7,Yes,Next Day Air,Yes,Yes,15,Debit Card,Every 3 Months,0,1,4,19.5,80.5,High Dependency,1005,Silver,Neutral,0,19.5,0.0,0,0
697,44,Male,Belt,Accessories,42,Utah,L,Green,Fall,2.8,Yes,Standard,Yes,Yes,49,Cash,Monthly,0,1,12,67.4,32.6,Low Dependency,2058,Gold,Dissatisfied,0,67.4,24.9,1,0
698,61,Male,Scarf,Accessories,63,North Dakota,XL,Brown,Summer,4.6,Yes,Free Shipping,Yes,Yes,40,Debit Card,Quarterly,0,1,4,50.1,49.9,Moderate Dependency,2520,Platinum,Satisfied,1,50.1,25.5,0,0
699,55,Male,Boots,Footwear,41,Iowa,M,Yellow,Winter,3.8,Yes,Standard,Yes,Yes,40,Debit Card,Weekly,0,1,52,87.8,12.2,Low Dependency,1640,Gold,Neutral,0,87.8,26.7,1,0
700,50,Male,Handbag,Accessories,46,Connecticut,M,Charcoal,Fall,2.6,Yes,2-Day Shipping,Yes,Yes,5,PayPal,Weekly,0,1,52,44.9,55.1,Moderate Dependency,230,Bronze,Dissatisfied,0,44.9,0.0,0,0
701,57,Male,Pants,Clothing,79,Wisconsin,L,Olive,Winter,4.1,Yes,Standard,Yes,Yes,5,PayPal,Monthly,0,1,12,13.5,86.5,High Dependency,395,Bronze,Satisfied,1,13.5,0.0,0,0
702,51,Male,Boots,Footwear,90,Idaho,L,Red,Fall,3.3,Yes,Next Day Air,Yes,Yes,5,Debit Card,Every 3 Months,0,1,4,7.3,92.7,High Dependency,450,Bronze,Neutral,0,7.3,0.0,0,0
703,18,Male,Shirt,Clothing,71,Montana,M,White,Winter,3.4,Yes,Store Pickup,Yes,Yes,1,Cash,Weekly,0,1,52,40.0,60.0,Moderate Dependency,71,Bronze,Neutral,0,40.0,0.0,0,0
704,63,Male,Dress,Clothing,87,Connecticut,L,Pink,Summer,3.0,Yes,Standard,Yes,Yes,21,Venmo,Weekly,0,1,52,64.5,35.5,Moderate Dependency,1827,Gold,Dissatisfied,0,64.5,18.7,1,0
705,34,Male,Hoodie,Clothing,66,Idaho,S,Black,Spring,3.2,Yes,Express,Yes,Yes,18,PayPal,Annually,0,1,1,20.8,79.2,High Dependency,1188,Silver,Dissatisfied,0,20.8,0.0,0,0
706,25,Male,Pants,Clothing,90,Arkansas,XL,Indigo,Summer,4.5,Yes,Free Shipping,Yes,Yes,49,Cash,Quarterly,0,1,4,61.1,38.9,Moderate Dependency,4410,Platinum,Satisfied,1,61.1,69.4,1,1
707,46,Male,Jeans,Clothing,47,Iowa,L,Turquoise,Summer,4.8,Yes,Express,Yes,Yes,27,Debit Card,Weekly,0,1,52,71.8,28.2,Low Dependency,1269,Silver,Satisfied,1,71.8,11.1,1,0
708,59,Male,Shirt,Clothing,38,Louisiana,L,Purple,Spring,3.7,Yes,Next Day Air,Yes,Yes,21,Venmo,Annually,0,1,1,24.5,75.5,High Dependency,798,Silver,Neutral,0,24.5,0.0,0,0
709,37,Male,Backpack,Accessories,50,Kentucky,L,Beige,Summer,3.4,Yes,Store Pickup,Yes,Yes,19,Cash,Fortnightly,0,1,26,41.6,58.4,Moderate Dependency,950,Silver,Neutral,0,41.6,0.0,0,0
710,49,Male,Jacket,Outerwear,79,Massachusetts,L,Charcoal,Summer,4.6,Yes,Standard,Yes,Yes,23,Debit Card,Monthly,0,1,12,35.6,64.4,Moderate Dependency,1817,Gold,Satisfied,1,35.6,3.9,0,0
711,22,Male,Scarf,Accessories,91,Virginia,L,Turquoise,Spring,4.1,Yes,Standard,Yes,Yes,26,PayPal,Fortnightly,0,1,26,50.2,49.8,Moderate Dependency,2366,Platinum,Satisfied,1,50.2,22.4,0,0
712,64,Male,Boots,Footwear,60,New Hampshire,M,Maroon,Spring,3.5,Yes,2-Day Shipping,Yes,Yes,13,Bank Transfer,Bi-Weekly,0,1,26,34.3,65.7,Moderate Dependency,780,Silver,Neutral,0,34.3,0.0,0,0
713,42,Male,Blouse,Clothing,81,New Hampshire,XL,Black,Summer,3.8,Yes,Next Day Air,Yes,Yes,36,Bank Transfer,Quarterly,0,1,4,45.2,54.8,Moderate Dependency,2916,Platinum,Neutral,0,45.2,31.1,0,0
714,37,Male,Hoodie,Clothing,90,Oregon,M,Lavender,Summer,2.6,Yes,Express,Yes,Yes,39,Bank Transfer,Bi-Weekly,0,1,26,66.1,33.9,Moderate Dependency,3510,Platinum,Dissatisfied,0,66.1,53.7,1,1
715,26,Male,Jacket,Outerwear,70,South Dakota,M,Magenta,Fall,4.4,Yes,Store Pickup,Yes,Yes,40,Debit Card,Fortnightly,0,1,26,67.4,32.6,Low Dependency,2800,Platinum,Satisfied,1,67.4,39.9,1,1
716,33,Male,Jeans,Clothing,63,Delaware,L,Green,Spring,2.6,Yes,Express,Yes,Yes,37,Debit Card,Quarterly,0,1,4,46.4,53.6,Moderate Dependency,2331,Platinum,Dissatisfied,0,46.4,19.8,0,0
717,30,Male,Jewelry,Accessories,29,Missouri,M,Olive,Spring,3.6,Yes,Express,Yes,Yes,9,Venmo,Bi-Weekly,0,1,26,29.4,70.6,High Dependency,261,Bronze,Neutral,0,29.4,0.0,0,0
718,21,Male,Socks,Clothing,90,Alaska,L,Green,Spring,4.2,Yes,Express,Yes,Yes,7,Venmo,Every 3 Months,0,1,4,9.7,90.3,High Dependency,630,Silver,Satisfied,1,9.7,0.0,0,0
719,22,Male,Shirt,Clothing,22,Florida,M,Peach,Summer,4.6,Yes,Standard,Yes,Yes,25,Bank Transfer,Annually,0,1,1,29.4,70.6,High Dependency,550,Bronze,Satisfied,1,29.4,0.0,0,0
720,63,Male,Shorts,Clothing,22,Mississippi,L,Turquoise,Summer,3.3,Yes,Next Day Air,Yes,Yes,42,Venmo,Bi-Weekly,0,1,26,69.8,30.2,Low Dependency,924,Silver,Neutral,0,69.8,3.1,1,0
721,33,Male,Jewelry,Accessories,62,New Mexico,L,Orange,Fall,3.4,Yes,Free Shipping,Yes,Yes,19,Debit Card,Weekly,0,1,52,62.0,38.0,Moderate Dependency,1178,Silver,Neutral,0,62.0,4.3,1,0
722,43,Male,Blouse,Clothing,57,California,L,Silver,Summer,4.4,Yes,Next Day Air,Yes,Yes,41,Debit Card,Every 3 Months,0,1,4,51.3,48.7,Moderate Dependency,2337,Platinum,Satisfied,1,51.3,22.4,0,0
723,27,Male,Sweater,Clothing,32,Wyoming,S,Blue,Summer,4.3,Yes,Store Pickup,Yes,Yes,50,Cash,Bi-Weekly,0,1,26,79.6,20.4,Low Dependency,1600,Gold,Satisfied,1,79.6,21.7,1,0
724,35,Male,Jewelry,Accessories,53,Missouri,L,Cyan,Fall,3.5,Yes,Express,Yes,Yes,43,PayPal,Monthly,0,1,12,60.1,39.9,Moderate Dependency,2279,Platinum,Neutral,0,60.1,25.7,1,0
725,37,Male,T-shirt,Clothing,79,New Hampshire,XL,Green,Fall,4.7,Yes,Store Pickup,Yes,Yes,36,Venmo,Every 3 Months,0,1,4,45.2,54.8,Moderate Dependency,2844,Platinum,Satisfied,1,45.2,29.6,0,0
726,61,Male,Hat,Accessories,61,Texas,L,Silver,Winter,3.1,Yes,Standard,Yes,Yes,33,Debit Card,Fortnightly,0,1,26,58.8,41.2,Moderate Dependency,2013,Gold,Dissatisfied,0,58.8,19.6,1,0
727,32,Male,Shorts,Clothing,78,North Dakota,L,Yellow,Summer,3.6,Yes,Next Day Air,Yes,Yes,20,Bank Transfer,Every 3 Months,0,1,4,25.6,74.4,High Dependency,1560,Gold,Neutral,0,25.6,0.0,0,0
728,62,Male,Sweater,Clothing,97,Arkansas,S,Gray,Winter,4.8,Yes,Next Day Air,Yes,Yes,37,Venmo,Every 3 Months,0,1,4,46.4,53.6,Moderate Dependency,3589,Platinum,Satisfied,1,46.4,45.3,0,1
729,29,Male,Jeans,Clothing,78,Nebraska,M,Pink,Winter,3.7,Yes,Next Day Air,Yes,Yes,12,PayPal,Every 3 Months,0,1,4,15.8,84.2,High Dependency,936,Silver,Neutral,0,15.8,0.0,0,0
730,41,Male,Sunglasses,Accessories,56,Minnesota,L,Beige,Summer,3.2,Yes,Express,Yes,Yes,46,PayPal,Every 3 Months,0,1,4,57.5,42.5,Moderate Dependency,2576,Platinum,Dissatisfied,0,57.5,30.4,1,0
731,48,Male,Boots,Footwear,25,Massachusetts,M,Indigo,Summer,3.9,Yes,Standard,Yes,Yes,28,Venmo,Fortnightly,0,1,26,52.7,47.3,Moderate Dependency,700,Silver,Neutral,0,52.7,0.0,0,0
732,43,Male,Coat,Outerwear,28,Arkansas,M,Red,Spring,3.5,Yes,Free Shipping,Yes,Yes,30,PayPal,Fortnightly,0,1,26,55.1,44.9,Moderate Dependency,840,Silver,Neutral,0,55.1,0.0,1,0
733,34,Male,Shirt,Clothing,57,New Hampshire,L,Blue,Spring,2.8,Yes,Express,Yes,Yes,28,Cash,Bi-Weekly,0,1,26,52.7,47.3,Moderate Dependency,1596,Gold,Dissatisfied,0,52.7,8.1,0,0
734,45,Male,Dress,Clothing,36,Rhode Island,L,Cyan,Fall,2.7,Yes,2-Day Shipping,Yes,Yes,20,Debit Card,Bi-Weekly,0,1,26,42.9,57.1,Moderate Dependency,720,Silver,Dissatisfied,0,42.9,0.0,0,0
735,65,Male,Shirt,Clothing,69,New Jersey,S,Violet,Winter,3.1,Yes,Express,Yes,Yes,39,Bank Transfer,Every 3 Months,0,1,4,48.9,51.1,Moderate Dependency,2691,Platinum,Dissatisfied,0,48.9,28.4,0,0
736,61,Male,Sunglasses,Accessories,48,Montana,M,Orange,Fall,3.6,Yes,2-Day Shipping,Yes,Yes,48,Cash,Bi-Weekly,0,1,26,77.2,22.8,Low Dependency,2304,Platinum,Neutral,0,77.2,34.8,1,1
737,18,Male,Dress,Clothing,58,Colorado,L,Maroon,Spring,2.9,Yes,2-Day Shipping,Yes,Yes,32,Credit Card,Every 3 Months,0,1,4,40.3,59.7,Moderate Dependency,1856,Gold,Dissatisfied,0,40.3,7.1,0,0
738,47,Male,Sunglasses,Accessories,24,Nebraska,M,Teal,Spring,3.6,Yes,Store Pickup,Yes,Yes,28,PayPal,Annually,0,1,1,33.1,66.9,High Dependency,672,Silver,Neutral,0,33.1,0.0,0,0
739,56,Male,Sunglasses,Accessories,31,Minnesota,L,Orange,Winter,3.5,Yes,2-Day Shipping,Yes,Yes,27,Venmo,Quarterly,0,1,4,34.2,65.8,Moderate Dependency,837,Silver,Neutral,0,34.2,0.0,0,0
740,64,Male,Shorts,Clothing,29,Minnesota,S,Purple,Summer,3.5,Yes,Free Shipping,Yes,Yes,26,Venmo,Bi-Weekly,0,1,26,50.2,49.8,Moderate Dependency,754,Silver,Neutral,0,50.2,0.0,0,0
741,26,Male,Jeans,Clothing,69,South Dakota,M,Orange,Summer,2.8,Yes,Next Day Air,Yes,Yes,22,Credit Card,Fortnightly,0,1,26,45.3,54.7,Moderate Dependency,1518,Gold,Dissatisfied,0,45.3,2.7,0,0
742,22,Male,T-shirt,Clothing,79,West Virginia,XL,Yellow,Summer,4.7,Yes,Free Shipping,Yes,Yes,23,Bank Transfer,Every 3 Months,0,1,4,29.3,70.7,High Dependency,1817,Gold,Satisfied,1,29.3,0.7,0,0
743,64,Male,Pants,Clothing,39,Nevada,M,Charcoal,Summer,3.1,Yes,Express,Yes,Yes,21,Debit Card,Quarterly,0,1,4,26.8,73.2,High Dependency,819,Silver,Dissatisfied,0,26.8,0.0,0,0
744,21,Male,Sunglasses,Accessories,84,North Carolina,L,Gray,Fall,4.9,Yes,Free Shipping,Yes,Yes,36,Cash,Weekly,0,1,52,82.9,17.1,Low Dependency,3024,Platinum,Satisfied,1,82.9,52.3,1,1
745,67,Male,Boots,Footwear,66,Illinois,S,Charcoal,Spring,4.1,Yes,Next Day Air,Yes,Yes,42,Debit Card,Bi-Weekly,0,1,26,69.8,30.2,Low Dependency,2772,Platinum,Satisfied,1,69.8,40.6,1,1
746,46,Male,T-shirt,Clothing,92,Michigan,L,Orange,Fall,4.7,Yes,Standard,Yes,Yes,4,Venmo,Monthly,0,1,12,12.3,87.7,High Dependency,368,Bronze,Satisfied,1,12.3,0.0,0,0
747,40,Male,Sandals,Footwear,45,Michigan,M,Red,Winter,2.5,Yes,Free Shipping,Yes,Yes,47,Credit Card,Annually,0,1,1,56.3,43.7,Moderate Dependency,2115,Gold,Dissatisfied,0,56.3,20.4,1,0
748,51,Male,Shorts,Clothing,74,Oklahoma,L,Gold,Spring,4.4,Yes,Next Day Air,Yes,Yes,13,Bank Transfer,Weekly,0,1,52,54.7,45.3,Moderate Dependency,962,Silver,Satisfied,1,54.7,0.0,0,0
749,35,Male,Hat,Accessories,39,South Dakota,L,Brown,Fall,3.9,Yes,Free Shipping,Yes,Yes,8,Bank Transfer,Quarterly,0,1,4,10.9,89.1,High Dependency,312,Bronze,Neutral,0,10.9,0.0,0,0
750,56,Male,Scarf,Accessories,71,Oklahoma,M,Olive,Winter,3.7,Yes,Standard,Yes,Yes,11,Debit Card,Quarterly,0,1,4,14.6,85.4,High Dependency,781,Silver,Neutral,0,14.6,0.0,0,0
751,25,Male,T-shirt,Clothing,95,Maryland,L,Violet,Fall,3.4,Yes,Free Shipping,Yes,Yes,5,Venmo,Annually,0,1,1,4.9,95.1,High Dependency,475,Bronze,Neutral,0,4.9,0.0,0,0
752,65,Male,Gloves,Accessories,72,Ohio,L,Indigo,Fall,4.8,Yes,Free Shipping,Yes,Yes,1,Credit Card,Monthly,0,1,12,8.6,91.4,High Dependency,72,Bronze,Satisfied,1,8.6,0.0,0,0
753,39,Male,Scarf,Accessories,85,Ohio,L,Yellow,Fall,4.2,Yes,2-Day Shipping,Yes,Yes,17,PayPal,Every 3 Months,0,1,4,21.9,78.1,High Dependency,1445,Gold,Satisfied,1,21.9,0.0,0,0
754,47,Male,Boots,Footwear,54,Massachusetts,M,Teal,Fall,3.4,Yes,Store Pickup,Yes,Yes,27,Venmo,Quarterly,0,1,4,34.2,65.8,Moderate Dependency,1458,Gold,Neutral,0,34.2,0.0,0,0
755,36,Male,Gloves,Accessories,41,North Carolina,L,Pink,Spring,2.9,Yes,Store Pickup,Yes,Yes,3,Debit Card,Quarterly,0,1,4,4.8,95.2,High Dependency,123,Bronze,Dissatisfied,0,4.8,0.0,0,0
756,66,Male,Coat,Outerwear,24,Florida,M,Violet,Spring,3.3,Yes,Free Shipping,Yes,Yes,22,PayPal,Weekly,0,1,52,65.7,34.3,Moderate Dependency,528,Bronze,Neutral,0,65.7,0.0,1,0
757,62,Male,Belt,Accessories,99,Montana,S,Orange,Summer,4.8,Yes,Standard,Yes,Yes,24,Cash,Fortnightly,0,1,26,47.8,52.2,Moderate Dependency,2376,Platinum,Satisfied,1,47.8,21.4,0,0
758,41,Male,Hoodie,Clothing,32,Minnesota,M,Red,Fall,3.8,Yes,Store Pickup,Yes,Yes,18,Debit Card,Quarterly,0,1,4,23.2,76.8,High Dependency,576,Bronze,Neutral,0,23.2,0.0,0,0
759,66,Male,Shoes,Footwear,71,Massachusetts,L,Peach,Summer,4.6,Yes,2-Day Shipping,Yes,Yes,39,Bank Transfer,Every 3 Months,0,1,4,48.9,51.1,Moderate Dependency,2769,Platinum,Satisfied,1,48.9,29.9,0,0
760,51,Male,Dress,Clothing,49,Rhode Island,XL,Green,Winter,2.6,Yes,Next Day Air,Yes,Yes,25,Credit Card,Fortnightly,0,1,26,49.0,51.0,Moderate Dependency,1225,Silver,Dissatisfied,0,49.0,0.0,0,0
761,33,Male,Gloves,Accessories,50,Minnesota,XL,Violet,Fall,3.4,Yes,Free Shipping,Yes,Yes,6,Cash,Annually,0,1,1,6.1,93.9,High Dependency,300,Bronze,Neutral,0,6.1,0.0,0,0
762,57,Male,Jewelry,Accessories,91,Nevada,L,Yellow,Fall,4.2,Yes,Express,Yes,Yes,26,Bank Transfer,Weekly,0,1,52,70.6,29.4,Low Dependency,2366,Platinum,Satisfied,1,70.6,32.7,1,1
763,45,Male,Belt,Accessories,46,New Mexico,M,Pink,Fall,3.9,Yes,Standard,Yes,Yes,43,Debit Card,Fortnightly,0,1,26,71.0,29.0,Low Dependency,1978,Gold,Neutral,0,71.0,25.1,1,0
764,61,Male,Sweater,Clothing,50,North Carolina,M,Brown,Spring,2.9,Yes,2-Day Shipping,Yes,Yes,6,Credit Card,Monthly,0,1,12,14.7,85.3,High Dependency,300,Bronze,Dissatisfied,0,14.7,0.0,0,0
765,55,Male,Skirt,Clothing,39,Virginia,XL,Silver,Fall,4.2,Yes,Free Shipping,Yes,Yes,6,Debit Card,Quarterly,0,1,4,8.5,91.5,High Dependency,234,Bronze,Satisfied,1,8.5,0.0,0,0
766,54,Male,Sneakers,Footwear,99,Alaska,M,Pink,Summer,3.0,Yes,Store Pickup,Yes,Yes,13,Cash,Quarterly,0,1,4,17.0,83.0,High Dependency,1287,Gold,Dissatisfied,0,17.0,0.0,0,0
767,57,Male,Gloves,Accessories,48,Nevada,M,Cyan,Winter,3.6,Yes,Next Day Air,Yes,Yes,13,PayPal,Monthly,0,1,12,23.3,76.7,High Dependency,624,Silver,Neutral,0,23.3,0.0,0,0
768,27,Male,Coat,Outerwear,77,Pennsylvania,M,Brown,Fall,2.5,Yes,Next Day Air,Yes,Yes,11,Cash,Annually,0,1,1,12.2,87.8,High Dependency,847,Silver,Dissatisfied,0,12.2,0.0,0,0
769,64,Male,Backpack,Accessories,95,Illinois,XL,Red,Spring,2.6,Yes,Express,Yes,Yes,45,Venmo,Weekly,0,1,52,93.9,6.1,Low Dependency,4275,Platinum,Dissatisfied,0,93.9,83.2,1,1
770,52,Male,Socks,Clothing,100,Delaware,M,Silver,Spring,4.3,Yes,Store Pickup,Yes,Yes,8,PayPal,Monthly,0,1,12,17.2,82.8,High Dependency,800,Silver,Satisfied,1,17.2,0.0,0,0
771,19,Male,Sneakers,Footwear,54,Vermont,M,Gray,Spring,3.3,Yes,Express,Yes,Yes,8,Credit Card,Annually,0,1,1,8.6,91.4,High Dependency,432,Bronze,Neutral,0,8.6,0.0,0,0
772,22,Male,Sweater,Clothing,68,Hawaii,L,Cyan,Fall,2.6,Yes,Next Day Air,Yes,Yes,34,Bank Transfer,Fortnightly,0,1,26,60.0,40.0,Moderate Dependency,2312,Platinum,Dissatisfied,0,60.0,26.3,1,0
773,18,Male,Jeans,Clothing,22,Illinois,L,Teal,Fall,3.6,Yes,Free Shipping,Yes,Yes,40,Debit Card,Bi-Weekly,0,1,26,67.4,32.6,Low Dependency,880,Silver,Neutral,0,67.4,1.0,1,0
774,29,Male,Hat,Accessories,84,California,L,Indigo,Winter,2.6,Yes,Express,Yes,Yes,14,Debit Card,Bi-Weekly,0,1,26,35.5,64.5,Moderate Dependency,1176,Silver,Dissatisfied,0,35.5,0.0,0,0
775,42,Male,Hat,Accessories,46,Nevada,M,Yellow,Summer,3.5,Yes,Standard,Yes,Yes,11,Credit Card,Quarterly,0,1,4,14.6,85.4,High Dependency,506,Bronze,Neutral,0,14.6,0.0,0,0
776,49,Male,Handbag,Accessories,53,Kentucky,S,Gold,Winter,3.0,Yes,Store Pickup,Yes,Yes,8,PayPal,Monthly,0,1,12,17.2,82.8,High Dependency,424,Bronze,Dissatisfied,0,17.2,0.0,0,0
777,49,Male,Shirt,Clothing,60,Alabama,M,Maroon,Spring,5.0,Yes,Standard,Yes,Yes,8,Venmo,Every 3 Months,0,1,4,10.9,89.1,High Dependency,480,Bronze,Satisfied,1,10.9,0.0,0,0
778,55,Male,Socks,Clothing,32,Wyoming,XL,Silver,Spring,2.5,Yes,Express,Yes,Yes,37,Venmo,Weekly,0,1,52,84.1,15.9,Low Dependency,1184,Silver,Dissatisfied,0,84.1,15.6,1,0
779,29,Male,Socks,Clothing,50,Massachusetts,M,Yellow,Summer,2.9,Yes,Store Pickup,Yes,Yes,23,Debit Card,Annually,0,1,1,26.9,73.1,High Dependency,1150,Silver,Dissatisfied,0,26.9,0.0,0,0
780,60,Male,Dress,Clothing,94,Utah,M,Blue,Spring,4.6,Yes,Express,Yes,Yes,38,Cash,Annually,0,1,1,45.3,54.7,Moderate Dependency,3572,Platinum,Satisfied,1,45.3,44.4,0,1
781,34,Male,Shoes,Footwear,26,New York,M,Turquoise,Spring,3.6,Yes,Free Shipping,Yes,Yes,38,Cash,Quarterly,0,1,4,47.7,52.3,Moderate Dependency,988,Silver,Neutral,0,47.7,0.0,0,0
782,30,Male,Scarf,Accessories,44,Vermont,L,Indigo,Winter,3.0,Yes,Store Pickup,Yes,Yes,12,Credit Card,Fortnightly,0,1,26,33.1,66.9,High Dependency,528,Bronze,Dissatisfied,0,33.1,0.0,0,0
783,28,Male,Hoodie,Clothing,57,Hawaii,M,Green,Summer,4.5,Yes,Standard,Yes,Yes,15,Cash,Weekly,0,1,52,57.1,42.9,Moderate Dependency,855,Silver,Satisfied,1,57.1,0.0,1,0
784,63,Male,T-shirt,Clothing,65,Louisiana,L,Purple,Winter,4.5,Yes,Next Day Air,Yes,Yes,38,PayPal,Fortnightly,0,1,26,64.9,35.1,Moderate Dependency,2470,Platinum,Satisfied,1,64.9,32.0,1,1
785,31,Male,Jeans,Clothing,72,Alabama,M,Peach,Winter,3.2,Yes,Store Pickup,Yes,Yes,41,Bank Transfer,Every 3 Months,0,1,4,51.3,48.7,Moderate Dependency,2952,Platinum,Dissatisfied,0,51.3,34.9,0,1
786,46,Male,Shorts,Clothing,62,Louisiana,S,Purple,Spring,4.0,Yes,Next Day Air,Yes,Yes,37,PayPal,Fortnightly,0,1,26,63.7,36.3,Moderate Dependency,2294,Platinum,Neutral,0,63.7,27.8,1,0
787,70,Male,Hat,Accessories,21,Indiana,S,Teal,Winter,4.8,Yes,Express,Yes,Yes,16,Bank Transfer,Every 3 Months,0,1,4,20.7,79.3,High Dependency,336,Bronze,Satisfied,1,20.7,0.0,0,0
788,53,Male,Handbag,Accessories,85,Michigan,S,Green,Spring,3.7,Yes,Free Shipping,Yes,Yes,25,Venmo,Weekly,0,1,52,69.4,30.6,Low Dependency,2125,Gold,Neutral,0,69.4,27.2,1,0
789,50,Male,Pants,Clothing,51,Rhode Island,XL,Yellow,Summer,3.8,Yes,Store Pickup,Yes,Yes,18,Bank Transfer,Quarterly,0,1,4,23.2,76.8,High Dependency,918,Silver,Neutral,0,23.2,0.0,0,0
790,33,Male,Handbag,Accessories,84,Idaho,S,Purple,Fall,2.7,Yes,Standard,Yes,Yes,4,Credit Card,Bi-Weekly,0,1,26,23.3,76.7,High Dependency,336,Bronze,Dissatisfied,0,23.3,0.0,0,0
791,22,Male,Sweater,Clothing,37,Louisiana,M,Indigo,Summer,4.9,Yes,Store Pickup,Yes,Yes,12,Bank Transfer,Quarterly,0,1,4,15.8,84.2,High Dependency,444,Bronze,Satisfied,1,15.8,0.0,0,0
792,50,Male,Scarf,Accessories,44,North Carolina,S,Magenta,Summer,3.1,Yes,2-Day Shipping,Yes,Yes,35,PayPal,Fortnightly,0,1,26,61.2,38.8,Moderate Dependency,1540,Gold,Dissatisfied,0,61.2,11.2,1,0
793,34,Male,Sneakers,Footwear,45,New Jersey,M,Violet,Spring,4.2,Yes,Next Day Air,Yes,Yes,45,Venmo,Weekly,0,1,52,93.9,6.1,Low Dependency,2025,Gold,Satisfied,1,93.9,37.6,1,1
794,24,Male,Pants,Clothing,35,Alabama,L,Maroon,Summer,3.8,Yes,Free Shipping,Yes,Yes,16,Credit Card,Monthly,0,1,12,27.0,73.0,High Dependency,560,Bronze,Neutral,0,27.0,0.0,0,0
795,69,Male,Backpack,Accessories,50,Kentucky,XL,Yellow,Winter,4.2,Yes,Store Pickup,Yes,Yes,10,Debit Card,Fortnightly,0,1,26,30.6,69.4,High Dependency,500,Bronze,Satisfied,1,30.6,0.0,0,0
796,39,Male,Sandals,Footwear,26,New York,M,Beige,Summer,4.6,Yes,Store Pickup,Yes,Yes,34,Venmo,Annually,0,1,1,40.4,59.6,Moderate Dependency,884,Silver,Satisfied,1,40.4,0.0,0,0
797,42,Male,Socks,Clothing,78,Arizona,XL,Black,Fall,4.0,Yes,2-Day Shipping,Yes,Yes,43,Credit Card,Annually,0,1,1,51.4,48.6,Moderate Dependency,3354,Platinum,Neutral,0,51.4,43.1,0,1
798,42,Male,Coat,Outerwear,82,Maryland,M,Violet,Fall,4.0,Yes,2-Day Shipping,Yes,Yes,38,Debit Card,Weekly,0,1,52,85.3,14.7,Low Dependency,3116,Platinum,Neutral,0,85.3,55.4,1,1
799,29,Male,Socks,Clothing,39,Alaska,M,Violet,Spring,3.8,Yes,2-Day Shipping,Yes,Yes,48,PayPal,Every 3 Months,0,1,4,59.9,40.1,Moderate Dependency,1872,Gold,Neutral,0,59.9,17.3,1,0
800,55,Male,Belt,Accessories,55,Nevada,L,Brown,Summer,3.8,Yes,Free Shipping,Yes,Yes,31,PayPal,Annually,1,1,1,36.7,63.3,Moderate Dependency,1705,Gold,Neutral,0,36.7,2.2,0,0
801,32,Male,Socks,Clothing,20,Utah,S,Gold,Summer,2.6,Yes,Free Shipping,Yes,Yes,20,Cash,Every 3 Months,0,1,4,25.6,74.4,High Dependency,400,Bronze,Dissatisfied,0,25.6,0.0,0,0
802,25,Male,Belt,Accessories,29,New Mexico,L,Blue,Fall,4.9,Yes,Express,Yes,Yes,12,Credit Card,Fortnightly,0,1,26,33.1,66.9,High Dependency,348,Bronze,Satisfied,1,33.1,0.0,0,0
803,38,Male,Pants,Clothing,41,Delaware,M,Teal,Winter,3.5,Yes,Next Day Air,Yes,Yes,2,Bank Transfer,Weekly,0,1,52,41.2,58.8,Moderate Dependency,82,Bronze,Neutral,0,41.2,0.0,0,0
804,32,Male,Shorts,Clothing,38,Connecticut,L,Silver,Winter,2.8,Yes,Express,Yes,Yes,30,Venmo,Every 3 Months,0,1,4,37.9,62.1,Moderate Dependency,1140,Silver,Dissatisfied,0,37.9,0.0,0,0
805,43,Male,Boots,Footwear,47,Mississippi,M,Maroon,Summer,2.6,Yes,Store Pickup,Yes,Yes,28,Venmo,Quarterly,0,1,4,35.4,64.6,Moderate Dependency,1316,Gold,Dissatisfied,0,35.4,0.0,0,0
806,41,Male,Dress,Clothing,30,Connecticut,L,White,Summer,3.7,Yes,Next Day Air,Yes,Yes,40,Debit Card,Monthly,0,1,12,56.4,43.6,Moderate Dependency,1200,Silver,Neutral,0,56.4,1.9,1,0
807,56,Male,Jeans,Clothing,56,Florida,L,Charcoal,Summer,2.7,Yes,Standard,Yes,Yes,46,PayPal,Quarterly,0,1,4,57.5,42.5,Moderate Dependency,2576,Platinum,Dissatisfied,0,57.5,30.4,1,0
808,27,Male,T-shirt,Clothing,89,New York,S,Brown,Winter,3.3,Yes,Express,Yes,Yes,15,Credit Card,Weekly,0,1,52,57.1,42.9,Moderate Dependency,1335,Gold,Neutral,0,57.1,5.0,1,0
809,46,Male,Shoes,Footwear,96,Wisconsin,L,Lavender,Fall,4.6,Yes,Next Day Air,Yes,Yes,38,Cash,Every 3 Months,0,1,4,47.7,52.3,Moderate Dependency,3648,Platinum,Satisfied,1,47.7,47.2,0,1
810,48,Male,Boots,Footwear,81,South Carolina,M,Violet,Fall,4.9,Yes,Next Day Air,Yes,Yes,30,PayPal,Bi-Weekly,0,1,26,55.1,44.9,Moderate Dependency,2430,Platinum,Satisfied,1,55.1,26.2,1,0
811,52,Male,Scarf,Accessories,83,South Dakota,S,Lavender,Fall,4.9,Yes,Store Pickup,Yes,Yes,32,Debit Card,Bi-Weekly,0,1,26,57.6,42.4,Moderate Dependency,2656,Platinum,Satisfied,1,57.6,32.0,1,1
812,18,Male,Sneakers,Footwear,35,Illinois,M,Green,Winter,2.7,Yes,Free Shipping,Yes,Yes,36,Venmo,Quarterly,0,1,4,45.2,54.8,Moderate Dependency,1260,Silver,Dissatisfied,0,45.2,0.0,0,0
813,64,Male,Boots,Footwear,56,Alaska,M,Olive,Summer,3.2,Yes,Standard,Yes,Yes,32,Credit Card,Weekly,0,1,52,78.0,22.0,Low Dependency,1792,Gold,Dissatisfied,0,78.0,24.8,1,0
814,54,Male,Handbag,Accessories,45,Montana,S,Olive,Summer,2.9,Yes,Store Pickup,Yes,Yes,14,Debit Card,Annually,0,1,1,15.9,84.1,High Dependency,630,Silver,Dissatisfied,0,15.9,0.0,0,0
815,31,Male,Shirt,Clothing,62,Minnesota,M,Pink,Winter,3.8,Yes,Express,Yes,Yes,8,PayPal,Monthly,0,1,12,17.2,82.8,High Dependency,496,Bronze,Neutral,0,17.2,0.0,0,0
816,30,Male,Hat,Accessories,84,West Virginia,L,Teal,Spring,3.0,Yes,Next Day Air,Yes,Yes,27,Venmo,Bi-Weekly,0,1,26,51.4,48.6,Moderate Dependency,2268,Platinum,Dissatisfied,0,51.4,21.0,0,0
817,26,Male,Sweater,Clothing,24,Illinois,L,Cyan,Summer,3.9,Yes,Store Pickup,Yes,Yes,24,Debit Card,Monthly,0,1,12,36.8,63.2,Moderate Dependency,576,Bronze,Neutral,0,36.8,0.0,0,0
818,25,Male,Handbag,Accessories,21,Nevada,S,Gray,Spring,4.7,Yes,Store Pickup,Yes,Yes,30,PayPal,Fortnightly,0,1,26,55.1,44.9,Moderate Dependency,630,Silver,Satisfied,1,55.1,0.0,1,0
819,59,Male,Shirt,Clothing,91,Idaho,M,Peach,Winter,4.9,Yes,Store Pickup,Yes,Yes,34,Debit Card,Monthly,0,1,12,49.0,51.0,Moderate Dependency,3094,Platinum,Satisfied,1,49.0,36.6,0,1
820,55,Male,Sunglasses,Accessories,36,Colorado,S,Teal,Winter,4.8,Yes,Next Day Air,Yes,Yes,28,Debit Card,Quarterly,0,1,4,35.4,64.6,Moderate Dependency,1008,Silver,Satisfied,1,35.4,0.0,0,0
821,56,Male,Sneakers,Footwear,39,Louisiana,M,Turquoise,Spring,2.5,Yes,2-Day Shipping,Yes,Yes,27,Debit Card,Monthly,0,1,12,40.5,59.5,Moderate Dependency,1053,Silver,Dissatisfied,0,40.5,0.0,0,0
822,62,Male,Hoodie,Clothing,39,Vermont,M,Green,Spring,3.9,Yes,Standard,Yes,Yes,31,Credit Card,Bi-Weekly,0,1,26,56.3,43.7,Moderate Dependency,1209,Silver,Neutral,0,56.3,2.0,1,0
823,35,Male,Shirt,Clothing,59,Mississippi,L,Magenta,Winter,3.4,Yes,Standard,Yes,Yes,23,Bank Transfer,Annually,0,1,1,26.9,73.1,High Dependency,1357,Gold,Neutral,0,26.9,0.0,0,0
824,51,Male,Sunglasses,Accessories,27,Georgia,M,Green,Winter,2.5,Yes,Free Shipping,Yes,Yes,11,Credit Card,Quarterly,0,1,4,14.6,85.4,High Dependency,297,Bronze,Dissatisfied,0,14.6,0.0,0,0
825,61,Male,Blouse,Clothing,94,Georgia,M,White,Spring,3.0,Yes,Store Pickup,Yes,Yes,48,Cash,Quarterly,0,1,4,59.9,40.1,Moderate Dependency,4512,Platinum,Dissatisfied,0,59.9,70.9,1,1
826,27,Male,Belt,Accessories,94,Nebraska,XL,Brown,Fall,3.6,Yes,Next Day Air,Yes,Yes,17,Cash,Monthly,0,1,12,28.2,71.8,High Dependency,1598,Gold,Neutral,0,28.2,0.0,0,0
827,54,Male,Dress,Clothing,94,Massachusetts,M,Purple,Winter,3.6,Yes,Standard,Yes,Yes,36,PayPal,Weekly,0,1,52,82.9,17.1,Low Dependency,3384,Platinum,Neutral,0,82.9,59.6,1,1
828,31,Male,Shoes,Footwear,51,Colorado,S,Green,Fall,4.1,Yes,Free Shipping,Yes,Yes,33,Bank Transfer,Fortnightly,0,1,26,58.8,41.2,Moderate Dependency,1683,Gold,Satisfied,1,58.8,12.9,1,0
829,24,Male,Socks,Clothing,62,Nevada,M,Peach,Fall,3.7,Yes,2-Day Shipping,Yes,Yes,27,PayPal,Bi-Weekly,0,1,26,51.4,48.6,Moderate Dependency,1674,Gold,Neutral,0,51.4,9.0,0,0
830,42,Male,Socks,Clothing,57,Idaho,S,Silver,Spring,3.8,Yes,2-Day Shipping,Yes,Yes,14,Credit Card,Fortnightly,1,1,26,35.5,64.5,Moderate Dependency,798,Silver,Neutral,0,35.5,0.0,0,0
831,41,Male,Shorts,Clothing,76,Wyoming,M,Maroon,Fall,4.2,Yes,Express,Yes,Yes,5,Credit Card,Annually,0,1,1,4.9,95.1,High Dependency,380,Bronze,Satisfied,1,4.9,0.0,0,0
832,66,Male,Gloves,Accessories,63,Washington,M,Red,Summer,4.3,Yes,Express,Yes,Yes,47,Cash,Every 3 Months,0,1,4,58.7,41.3,Moderate Dependency,2961,Platinum,Satisfied,1,58.7,38.8,1,1
833,58,Male,Jacket,Outerwear,80,California,L,Blue,Fall,2.5,Yes,Express,Yes,Yes,28,Cash,Bi-Weekly,0,1,26,52.7,47.3,Moderate Dependency,2240,Platinum,Dissatisfied,0,52.7,21.1,0,0
834,43,Male,Handbag,Accessories,68,Oklahoma,M,Purple,Fall,3.5,Yes,Standard,Yes,Yes,11,Credit Card,Annually,0,1,1,12.2,87.8,High Dependency,748,Silver,Neutral,0,12.2,0.0,0,0
835,52,Male,Backpack,Accessories,89,Nevada,M,Indigo,Summer,3.1,Yes,Free Shipping,Yes,Yes,18,Credit Card,Weekly,0,1,52,60.8,39.2,Moderate Dependency,1602,Gold,Dissatisfied,0,60.8,12.3,1,0
836,35,Male,Boots,Footwear,26,Maryland,L,Indigo,Summer,2.5,Yes,Next Day Air,Yes,Yes,21,Debit Card,Weekly,0,1,52,64.5,35.5,Moderate Dependency,546,Bronze,Dissatisfied,0,64.5,0.0,1,0
837,23,Male,Gloves,Accessories,90,West Virginia,L,Violet,Winter,3.9,Yes,Store Pickup,Yes,Yes,22,Cash,Bi-Weekly,0,1,26,45.3,54.7,Moderate Dependency,1980,Gold,Neutral,0,45.3,12.1,0,0
838,25,Male,Hoodie,Clothing,28,Illinois,L,Brown,Spring,4.9,Yes,Express,Yes,Yes,33,Cash,Every 3 Months,0,1,4,41.5,58.5,Moderate Dependency,924,Silver,Satisfied,1,41.5,0.0,0,0
839,33,Male,Coat,Outerwear,29,Kentucky,M,Gray,Spring,4.3,Yes,Express,Yes,Yes,49,Credit Card,Annually,0,1,1,58.8,41.2,Moderate Dependency,1421,Gold,Satisfied,1,58.8,7.6,1,0
840,48,Male,Shirt,Clothing,31,Illinois,L,Teal,Spring,2.6,Yes,Free Shipping,Yes,Yes,10,Debit Card,Every 3 Months,0,1,4,13.4,86.6,High Dependency,310,Bronze,Dissatisfied,0,13.4,0.0,0,0
841,42,Male,Shirt,Clothing,24,Alabama,L,Teal,Summer,4.2,Yes,2-Day Shipping,Yes,Yes,18,PayPal,Weekly,0,1,52,60.8,39.2,Moderate Dependency,432,Bronze,Satisfied,1,60.8,0.0,1,0
842,55,Male,Sweater,Clothing,88,Texas,M,Beige,Summer,2.6,Yes,Store Pickup,Yes,Yes,28,PayPal,Fortnightly,0,1,26,52.7,47.3,Moderate Dependency,2464,Platinum,Dissatisfied,0,52.7,25.7,0,0
843,59,Male,Shirt,Clothing,87,Missouri,M,Violet,Spring,3.6,Yes,Express,Yes,Yes,25,PayPal,Weekly,0,1,52,69.4,30.6,Low Dependency,2175,Gold,Neutral,0,69.4,28.2,1,0
844,65,Male,Hoodie,Clothing,80,Pennsylvania,S,Beige,Summer,3.2,Yes,Express,Yes,Yes,6,PayPal,Weekly,0,1,52,46.1,53.9,Moderate Dependency,480,Bronze,Dissatisfied,0,46.1,0.0,0,0
845,59,Male,Sandals,Footwear,48,Missouri,L,Purple,Winter,4.4,Yes,Express,Yes,Yes,44,Venmo,Bi-Weekly,0,1,26,72.3,27.7,Low Dependency,2112,Gold,Satisfied,1,72.3,28.4,1,0
846,31,Male,Belt,Accessories,21,Michigan,XL,Charcoal,Winter,3.7,Yes,Standard,Yes,Yes,30,Venmo,Monthly,0,1,12,44.1,55.9,Moderate Dependency,630,Silver,Neutral,0,44.1,0.0,0,0
847,49,Male,Boots,Footwear,72,Kentucky,M,Pink,Spring,3.7,Yes,Express,Yes,Yes,42,Debit Card,Quarterly,0,1,4,52.6,47.4,Moderate Dependency,3024,Platinum,Neutral,0,52.6,37.0,0,1
848,53,Male,Hoodie,Clothing,44,New Jersey,L,Blue,Fall,4.1,Yes,Standard,Yes,Yes,30,PayPal,Monthly,0,1,12,44.1,55.9,Moderate Dependency,1320,Gold,Satisfied,1,44.1,0.0,0,0
849,48,Male,Sandals,Footwear,73,Delaware,M,Lavender,Fall,3.6,Yes,Store Pickup,Yes,Yes,33,Credit Card,Bi-Weekly,0,1,26,58.8,41.2,Moderate Dependency,2409,Platinum,Neutral,0,58.8,27.6,1,0
850,23,Male,Jeans,Clothing,61,Missouri,S,Charcoal,Spring,4.3,Yes,Express,Yes,Yes,24,PayPal,Quarterly,0,1,4,30.5,69.5,High Dependency,1464,Gold,Satisfied,1,30.5,0.0,0,0
851,68,Male,Shoes,Footwear,20,Connecticut,L,Turquoise,Winter,2.6,Yes,Store Pickup,Yes,Yes,13,Venmo,Monthly,0,1,12,23.3,76.7,High Dependency,260,Bronze,Dissatisfied,0,23.3,0.0,0,0
852,35,Male,Sandals,Footwear,86,Massachusetts,M,Red,Summer,2.9,Yes,Express,Yes,Yes,19,Debit Card,Monthly,0,1,12,30.7,69.3,High Dependency,1634,Gold,Dissatisfied,0,30.7,0.0,0,0
853,34,Male,Dress,Clothing,60,Florida,L,Yellow,Spring,4.2,Yes,Next Day Air,Yes,Yes,23,Debit Card,Every 3 Months,0,1,4,29.3,70.7,High Dependency,1380,Gold,Satisfied,1,29.3,0.0,0,0
854,62,Male,Hat,Accessories,43,Delaware,L,Orange,Winter,4.0,Yes,Free Shipping,Yes,Yes,35,Cash,Monthly,0,1,12,50.3,49.7,Moderate Dependency,1505,Gold,Neutral,0,50.3,5.0,0,0
855,21,Male,Pants,Clothing,44,California,L,Blue,Spring,4.3,Yes,Free Shipping,Yes,Yes,22,Venmo,Monthly,0,1,12,34.3,65.7,Moderate Dependency,968,Silver,Satisfied,1,34.3,0.0,0,0
856,70,Male,Socks,Clothing,76,Oregon,L,Gold,Spring,3.0,Yes,2-Day Shipping,Yes,Yes,14,Credit Card,Quarterly,0,1,4,18.3,81.7,High Dependency,1064,Silver,Dissatisfied,0,18.3,0.0,0,0
857,55,Male,Shirt,Clothing,33,Alaska,M,Gold,Summer,3.5,Yes,Express,Yes,Yes,47,Debit Card,Fortnightly,0,1,26,75.9,24.1,Low Dependency,1551,Gold,Neutral,0,75.9,18.9,1,0
858,43,Male,Shorts,Clothing,60,Missouri,L,Cyan,Fall,3.0,Yes,Standard,Yes,Yes,50,Debit Card,Every 3 Months,0,1,4,62.4,37.6,Moderate Dependency,3000,Platinum,Dissatisfied,0,62.4,41.4,1,1
859,19,Male,Jacket,Outerwear,26,Oklahoma,L,Olive,Fall,3.1,Yes,Free Shipping,Yes,Yes,33,PayPal,Weekly,0,1,52,79.2,20.8,Low Dependency,858,Silver,Dissatisfied,0,79.2,6.5,1,0
860,47,Male,Hoodie,Clothing,73,Wisconsin,M,Teal,Winter,4.0,Yes,Next Day Air,Yes,Yes,7,Debit Card,Monthly,0,1,12,16.0,84.0,High Dependency,511,Bronze,Neutral,0,16.0,0.0,0,0
861,26,Male,Shoes,Footwear,87,South Carolina,M,Maroon,Spring,4.1,Yes,Standard,Yes,Yes,3,Cash,Monthly,0,1,12,11.1,88.9,High Dependency,261,Bronze,Satisfied,1,11.1,0.0,0,0
862,46,Male,Skirt,Clothing,100,Virginia,XL,Green,Spring,3.8,Yes,2-Day Shipping,Yes,Yes,35,Credit Card,Every 3 Months,1,1,4,44.0,56.0,Moderate Dependency,3500,Platinum,Neutral,0,44.0,42.3,0,1
863,19,Male,Coat,Outerwear,84,Arkansas,M,Charcoal,Winter,4.9,Yes,Standard,Yes,Yes,13,PayPal,Fortnightly,0,1,26,34.3,65.7,Moderate Dependency,1092,Silver,Satisfied,1,34.3,0.0,0,0
864,49,Male,Sneakers,Footwear,41,Vermont,M,Cyan,Summer,3.9,Yes,Standard,Yes,Yes,42,PayPal,Fortnightly,0,1,26,69.8,30.2,Low Dependency,1722,Gold,Neutral,0,69.8,19.3,1,0
865,51,Male,Jeans,Clothing,59,Kentucky,S,Charcoal,Winter,3.9,Yes,Next Day Air,Yes,Yes,5,PayPal,Annually,0,1,1,4.9,95.1,High Dependency,295,Bronze,Neutral,0,4.9,0.0,0,0
866,64,Male,Blouse,Clothing,26,Colorado,L,Charcoal,Winter,4.8,Yes,Store Pickup,Yes,Yes,23,Venmo,Annually,0,1,1,26.9,73.1,High Dependency,598,Bronze,Satisfied,1,26.9,0.0,0,0
867,67,Male,Sunglasses,Accessories,69,New Mexico,M,Lavender,Summer,2.7,Yes,Free Shipping,Yes,Yes,11,PayPal,Bi-Weekly,0,1,26,31.9,68.1,High Dependency,759,Silver,Dissatisfied,0,31.9,0.0,0,0
868,37,Male,Jacket,Outerwear,20,Colorado,M,Turquoise,Spring,3.1,Yes,Free Shipping,Yes,Yes,23,Bank Transfer,Fortnightly,0,1,26,46.5,53.5,Moderate Dependency,460,Bronze,Dissatisfied,0,46.5,0.0,0,0
869,40,Male,Dress,Clothing,83,North Carolina,M,Green,Summer,3.2,Yes,Next Day Air,Yes,Yes,2,Credit Card,Every 3 Months,0,1,4,3.6,96.4,High Dependency,166,Bronze,Dissatisfied,0,3.6,0.0,0,0
870,38,Male,Hat,Accessories,54,New Hampshire,M,Silver,Spring,2.7,Yes,2-Day Shipping,Yes,Yes,33,PayPal,Weekly,0,1,52,79.2,20.8,Low Dependency,1782,Gold,Dissatisfied,0,79.2,25.2,1,0
871,66,Male,Hoodie,Clothing,66,West Virginia,M,Blue,Fall,2.5,Yes,Standard,Yes,Yes,6,Bank Transfer,Bi-Weekly,0,1,26,25.7,74.3,High Dependency,396,Bronze,Dissatisfied,0,25.7,0.0,0,0
872,47,Male,Handbag,Accessories,42,Hawaii,M,Charcoal,Spring,2.6,Yes,Next Day Air,Yes,Yes,45,Debit Card,Quarterly,0,1,4,56.2,43.8,Moderate Dependency,1890,Gold,Dissatisfied,0,56.2,15.8,1,0
873,56,Male,Jeans,Clothing,33,North Dakota,M,Pink,Spring,2.9,Yes,Standard,Yes,Yes,25,Cash,Quarterly,0,1,4,31.7,68.3,High Dependency,825,Silver,Dissatisfied,0,31.7,0.0,0,0
874,51,Male,Boots,Footwear,77,Mississippi,M,Pink,Summer,4.2,Yes,Free Shipping,Yes,Yes,24,Venmo,Quarterly,0,1,4,30.5,69.5,High Dependency,1848,Gold,Satisfied,1,30.5,2.0,0,0
875,25,Male,Jacket,Outerwear,65,Maine,M,Magenta,Fall,4.4,Yes,Free Shipping,Yes,Yes,10,Venmo,Every 3 Months,0,1,4,13.4,86.6,High Dependency,650,Silver,Satisfied,1,13.4,0.0,0,0
876,37,Male,Sandals,Footwear,39,North Dakota,L,Gray,Summer,4.1,Yes,Free Shipping,Yes,Yes,7,Bank Transfer,Every 3 Months,0,1,4,9.7,90.3,High Dependency,273,Bronze,Satisfied,1,9.7,0.0,0,0
877,41,Male,Belt,Accessories,51,Nebraska,L,Gray,Summer,3.8,Yes,2-Day Shipping,Yes,Yes,1,Debit Card,Weekly,0,1,52,40.0,60.0,Moderate Dependency,51,Bronze,Neutral,0,40.0,0.0,0,0
878,64,Male,Handbag,Accessories,65,Nebraska,M,Orange,Winter,4.9,Yes,Next Day Air,Yes,Yes,45,Venmo,Every 3 Months,0,1,4,56.2,43.8,Moderate Dependency,2925,Platinum,Satisfied,1,56.2,36.8,1,1
879,23,Male,Sunglasses,Accessories,89,Tennessee,S,Black,Summer,4.9,Yes,Express,Yes,Yes,37,Debit Card,Weekly,0,1,52,84.1,15.9,Low Dependency,3293,Platinum,Satisfied,1,84.1,58.4,1,1
880,62,Male,Skirt,Clothing,76,Wyoming,S,Lavender,Spring,4.1,Yes,Free Shipping,Yes,Yes,14,PayPal,Quarterly,0,1,4,18.3,81.7,High Dependency,1064,Silver,Satisfied,1,18.3,0.0,0,0
881,39,Male,Backpack,Accessories,75,Nevada,L,Red,Spring,3.1,Yes,Express,Yes,Yes,25,Debit Card,Monthly,0,1,12,38.0,62.0,Moderate Dependency,1875,Gold,Dissatisfied,0,38.0,6.3,0,0
882,52,Male,Sandals,Footwear,61,South Carolina,M,Silver,Summer,2.7,Yes,Next Day Air,Yes,Yes,18,Venmo,Annually,0,1,1,20.8,79.2,High Dependency,1098,Silver,Dissatisfied,0,20.8,0.0,0,0
883,50,Male,Boots,Footwear,35,Virginia,M,Cyan,Fall,3.8,Yes,Next Day Air,Yes,Yes,37,Cash,Every 3 Months,0,1,4,46.4,53.6,Moderate Dependency,1295,Gold,Neutral,0,46.4,0.0,0,0
884,28,Male,Sneakers,Footwear,37,Pennsylvania,S,Gold,Fall,4.3,Yes,Free Shipping,Yes,Yes,30,Bank Transfer,Monthly,0,1,12,44.1,55.9,Moderate Dependency,1110,Silver,Satisfied,1,44.1,0.0,0,0
885,67,Male,Skirt,Clothing,91,Hawaii,L,Yellow,Winter,4.1,Yes,Express,Yes,Yes,34,Bank Transfer,Weekly,0,1,52,80.4,19.6,Low Dependency,3094,Platinum,Satisfied,1,80.4,52.4,1,1
886,41,Male,Dress,Clothing,99,Ohio,L,Purple,Fall,4.4,Yes,Free Shipping,Yes,Yes,49,Debit Card,Every 3 Months,0,1,4,61.1,38.9,Moderate Dependency,4851,Platinum,Satisfied,1,61.1,78.3,1,1
887,19,Male,Shorts,Clothing,54,Utah,S,Brown,Summer,3.6,Yes,Express,Yes,Yes,48,Bank Transfer,Monthly,0,1,12,66.2,33.8,Moderate Dependency,2592,Platinum,Neutral,0,66.2,35.1,1,1
888,70,Male,Handbag,Accessories,47,Minnesota,L,Turquoise,Winter,3.3,Yes,2-Day Shipping,Yes,Yes,33,PayPal,Fortnightly,0,1,26,58.8,41.2,Moderate Dependency,1551,Gold,Neutral,0,58.8,10.2,1,0
889,49,Male,Scarf,Accessories,77,New Hampshire,S,Gold,Spring,3.8,Yes,Express,Yes,Yes,44,Cash,Annually,1,1,1,52.7,47.3,Moderate Dependency,3388,Platinum,Neutral,0,52.7,44.4,0,1
890,59,Male,Belt,Accessories,84,Arizona,S,Olive,Fall,2.8,Yes,Free Shipping,Yes,Yes,50,Venmo,Weekly,0,1,52,100.0,0.0,Low Dependency,4200,Platinum,Dissatisfied,0,100.0,84.8,1,1
891,52,Male,Gloves,Accessories,51,New York,S,Purple,Spring,4.3,Yes,2-Day Shipping,Yes,Yes,47,Credit Card,Monthly,0,1,12,65.0,35.0,Moderate Dependency,2397,Platinum,Satisfied,1,65.0,30.5,1,0
892,20,Male,Skirt,Clothing,26,Pennsylvania,S,Lavender,Summer,3.9,Yes,Store Pickup,Yes,Yes,24,PayPal,Every 3 Months,0,1,4,30.5,69.5,High Dependency,624,Silver,Neutral,0,30.5,0.0,0,0
893,31,Male,Shorts,Clothing,64,New Mexico,L,Gray,Summer,2.7,Yes,Free Shipping,Yes,Yes,43,Debit Card,Monthly,0,1,12,60.1,39.9,Moderate Dependency,2752,Platinum,Dissatisfied,0,60.1,35.3,1,1
894,33,Male,Backpack,Accessories,51,Nebraska,M,Red,Spring,4.7,Yes,Express,Yes,Yes,14,Venmo,Monthly,0,1,12,24.5,75.5,High Dependency,714,Silver,Satisfied,1,24.5,0.0,0,0
895,44,Male,Hoodie,Clothing,60,Wyoming,L,Purple,Spring,3.8,Yes,Free Shipping,Yes,Yes,3,Debit Card,Quarterly,0,1,4,4.8,95.2,High Dependency,180,Bronze,Neutral,0,4.8,0.0,0,0
896,40,Male,Hat,Accessories,69,Mississippi,XL,Olive,Spring,4.7,Yes,Next Day Air,Yes,Yes,33,Debit Card,Quarterly,0,1,4,41.5,58.5,Moderate Dependency,2277,Platinum,Satisfied,1,41.5,16.2,0,0
897,69,Male,Jewelry,Accessories,29,Arkansas,M,Lavender,Spring,4.7,Yes,Express,Yes,Yes,38,Cash,Fortnightly,0,1,26,64.9,35.1,Moderate Dependency,1102,Silver,Satisfied,1,64.9,4.2,1,0
898,29,Male,Shirt,Clothing,91,Illinois,M,Gray,Spring,3.4,Yes,Express,Yes,Yes,46,Venmo,Weekly,0,1,52,95.1,4.9,Low Dependency,4186,Platinum,Neutral,0,95.1,82.0,1,1
899,54,Male,Belt,Accessories,70,Nevada,L,Red,Spring,3.5,Yes,2-Day Shipping,Yes,Yes,19,Bank Transfer,Every 3 Months,0,1,4,24.4,75.6,High Dependency,1330,Gold,Neutral,0,24.4,0.0,0,0
900,65,Male,Sweater,Clothing,58,Rhode Island,M,Peach,Summer,4.0,Yes,Standard,Yes,Yes,20,PayPal,Annually,0,1,1,23.3,76.7,High Dependency,1160,Silver,Neutral,0,23.3,0.0,0,0
901,54,Male,Hat,Accessories,98,West Virginia,L,Gray,Fall,3.3,Yes,Free Shipping,Yes,Yes,42,Bank Transfer,Quarterly,0,1,4,52.6,47.4,Moderate Dependency,4116,Platinum,Neutral,0,52.6,59.1,0,1
902,60,Male,Scarf,Accessories,68,Missouri,L,Violet,Summer,4.7,Yes,2-Day Shipping,Yes,Yes,34,Cash,Monthly,0,1,12,49.0,51.0,Moderate Dependency,2312,Platinum,Satisfied,1,49.0,20.7,0,0
903,43,Male,Hat,Accessories,44,Kentucky,M,Beige,Summer,2.8,Yes,Next Day Air,Yes,Yes,5,Cash,Monthly,0,1,12,13.5,86.5,High Dependency,220,Bronze,Dissatisfied,0,13.5,0.0,0,0
904,44,Male,Jacket,Outerwear,45,Washington,M,Blue,Winter,3.3,Yes,Express,Yes,Yes,3,PayPal,Quarterly,0,1,4,4.8,95.2,High Dependency,135,Bronze,Neutral,0,4.8,0.0,0,0
905,69,Male,T-shirt,Clothing,99,Alaska,L,Magenta,Spring,2.9,Yes,Free Shipping,Yes,Yes,46,PayPal,Every 3 Months,0,1,4,57.5,42.5,Moderate Dependency,4554,Platinum,Dissatisfied,0,57.5,70.5,1,1
906,46,Male,Dress,Clothing,68,Mississippi,S,Cyan,Spring,2.8,Yes,Standard,Yes,Yes,16,Venmo,Annually,0,1,1,18.4,81.6,High Dependency,1088,Silver,Dissatisfied,0,18.4,0.0,0,0
907,41,Male,Pants,Clothing,56,South Carolina,M,Red,Spring,4.2,Yes,Standard,Yes,Yes,21,Debit Card,Bi-Weekly,0,1,26,44.1,55.9,Moderate Dependency,1176,Silver,Satisfied,1,44.1,0.0,0,0
908,32,Male,Sweater,Clothing,43,Missouri,L,Cyan,Winter,4.4,Yes,Express,Yes,Yes,34,Credit Card,Bi-Weekly,0,1,26,60.0,40.0,Moderate Dependency,1462,Gold,Satisfied,1,60.0,9.0,1,0
909,26,Male,Sunglasses,Accessories,99,New Jersey,M,Turquoise,Winter,3.6,Yes,Free Shipping,Yes,Yes,9,PayPal,Every 3 Months,0,1,4,12.1,87.9,High Dependency,891,Silver,Neutral,0,12.1,0.0,0,0
910,61,Male,Belt,Accessories,56,Louisiana,L,Silver,Fall,2.7,Yes,Express,Yes,Yes,36,PayPal,Weekly,0,1,52,82.9,17.1,Low Dependency,2016,Gold,Dissatisfied,0,82.9,31.8,1,1
911,49,Male,Hoodie,Clothing,25,South Carolina,S,Pink,Spring,3.4,Yes,Express,Yes,Yes,22,Credit Card,Monthly,0,1,12,34.3,65.7,Moderate Dependency,550,Bronze,Neutral,0,34.3,0.0,0,0
912,53,Male,Pants,Clothing,74,Vermont,M,Black,Winter,2.8,Yes,2-Day Shipping,Yes,Yes,2,Bank Transfer,Quarterly,0,1,4,3.6,96.4,High Dependency,148,Bronze,Dissatisfied,0,3.6,0.0,0,0
913,24,Male,Hoodie,Clothing,56,Arkansas,M,Green,Winter,3.4,Yes,Next Day Air,Yes,Yes,32,Bank Transfer,Monthly,0,1,12,46.6,53.4,Moderate Dependency,1792,Gold,Neutral,0,46.6,9.0,0,0
914,37,Male,Sneakers,Footwear,47,Utah,M,Yellow,Fall,2.6,Yes,Next Day Air,Yes,Yes,29,Cash,Every 3 Months,0,1,4,36.6,63.4,Moderate Dependency,1363,Gold,Dissatisfied,0,36.6,0.0,0,0
915,43,Male,Dress,Clothing,67,Washington,L,Purple,Summer,4.1,Yes,Standard,Yes,Yes,27,Venmo,Every 3 Months,0,1,4,34.2,65.8,Moderate Dependency,1809,Gold,Satisfied,1,34.2,3.0,0,0
916,31,Male,Dress,Clothing,22,Rhode Island,L,Purple,Winter,2.9,Yes,Store Pickup,Yes,Yes,33,Credit Card,Fortnightly,0,1,26,58.8,41.2,Moderate Dependency,726,Silver,Dissatisfied,0,58.8,0.0,1,0
917,49,Male,Jeans,Clothing,34,Illinois,S,Blue,Spring,2.7,Yes,Standard,Yes,Yes,16,Venmo,Monthly,0,1,12,27.0,73.0,High Dependency,544,Bronze,Dissatisfied,0,27.0,0.0,0,0
918,69,Male,Sweater,Clothing,64,Missouri,M,Maroon,Spring,3.7,Yes,Standard,Yes,Yes,11,Bank Transfer,Quarterly,0,1,4,14.6,85.4,High Dependency,704,Silver,Neutral,0,14.6,0.0,0,0
919,65,Male,Shorts,Clothing,42,North Carolina,M,Orange,Spring,4.3,Yes,2-Day Shipping,Yes,Yes,11,Cash,Fortnightly,0,1,26,31.9,68.1,High Dependency,462,Bronze,Satisfied,1,31.9,0.0,0,0
920,41,Male,Shirt,Clothing,82,Massachusetts,L,Green,Winter,2.6,Yes,2-Day Shipping,Yes,Yes,17,Debit Card,Bi-Weekly,0,1,26,39.2,60.8,Moderate Dependency,1394,Gold,Dissatisfied,0,39.2,0.0,0,0
921,37,Male,Belt,Accessories,81,Arkansas,XL,Gold,Summer,4.3,Yes,Free Shipping,Yes,Yes,37,Cash,Weekly,0,1,52,84.1,15.9,Low Dependency,2997,Platinum,Satisfied,1,84.1,52.3,1,1
922,70,Male,Coat,Outerwear,24,South Dakota,L,Silver,Summer,4.1,Yes,Express,Yes,Yes,18,PayPal,Weekly,0,1,52,60.8,39.2,Moderate Dependency,432,Bronze,Satisfied,1,60.8,0.0,1,0
923,63,Male,Sneakers,Footwear,60,Georgia,M,Cyan,Fall,4.2,Yes,Standard,Yes,Yes,13,Credit Card,Monthly,0,1,12,23.3,76.7,High Dependency,780,Silver,Satisfied,1,23.3,0.0,0,0
924,55,Male,Shirt,Clothing,24,Arkansas,M,Silver,Spring,4.2,Yes,2-Day Shipping,Yes,Yes,7,PayPal,Weekly,0,1,52,47.3,52.7,Moderate Dependency,168,Bronze,Satisfied,1,47.3,0.0,0,0
925,52,Male,Socks,Clothing,78,Kansas,XL,Beige,Winter,3.1,Yes,Standard,Yes,Yes,37,Cash,Quarterly,0,1,4,46.4,53.6,Moderate Dependency,2886,Platinum,Dissatisfied,0,46.4,31.1,0,0
926,22,Male,Jeans,Clothing,88,Arizona,L,Teal,Winter,4.9,Yes,Express,Yes,Yes,8,Cash,Monthly,0,1,12,17.2,82.8,High Dependency,704,Silver,Satisfied,1,17.2,0.0,0,0
927,54,Male,Jeans,Clothing,63,Massachusetts,XL,Green,Spring,4.4,Yes,Express,Yes,Yes,11,Cash,Bi-Weekly,0,1,26,31.9,68.1,High Dependency,693,Silver,Satisfied,1,31.9,0.0,0,0
928,28,Male,Sneakers,Footwear,78,New Mexico,L,Black,Summer,4.4,Yes,Standard,Yes,Yes,8,Venmo,Bi-Weekly,0,1,26,28.2,71.8,High Dependency,624,Silver,Satisfied,1,28.2,0.0,0,0
929,67,Male,Dress,Clothing,37,Arkansas,XL,Yellow,Winter,3.4,Yes,Store Pickup,Yes,Yes,31,Cash,Every 3 Months,0,1,4,39.1,60.9,Moderate Dependency,1147,Silver,Neutral,0,39.1,0.0,0,0
930,59,Male,Boots,Footwear,94,Nebraska,M,White,Fall,4.5,Yes,2-Day Shipping,Yes,Yes,26,Debit Card,Fortnightly,0,1,26,50.2,49.8,Moderate Dependency,2444,Platinum,Satisfied,1,50.2,24.0,0,0
931,26,Male,T-shirt,Clothing,78,Hawaii,L,Green,Fall,4.5,Yes,Store Pickup,Yes,Yes,20,Credit Card,Bi-Weekly,0,1,26,42.9,57.1,Moderate Dependency,1560,Gold,Satisfied,1,42.9,2.4,0,0
932,24,Male,Coat,Outerwear,36,Nebraska,M,Silver,Winter,4.1,Yes,Standard,Yes,Yes,24,Bank Transfer,Fortnightly,0,1,26,47.8,52.2,Moderate Dependency,864,Silver,Satisfied,1,47.8,0.0,0,0
933,62,Male,Skirt,Clothing,24,Indiana,L,Blue,Winter,3.2,Yes,Standard,Yes,Yes,45,Debit Card,Bi-Weekly,0,1,26,73.5,26.5,Low Dependency,1080,Silver,Dissatisfied,0,73.5,8.1,1,0
934,70,Male,Sneakers,Footwear,84,Colorado,M,Magenta,Spring,2.7,Yes,Store Pickup,Yes,Yes,33,Debit Card,Monthly,0,1,12,47.8,52.2,Moderate Dependency,2772,Platinum,Dissatisfied,0,47.8,29.4,0,0
935,45,Male,Jeans,Clothing,47,Oregon,S,Yellow,Spring,3.7,Yes,Express,Yes,Yes,21,Bank Transfer,Monthly,0,1,12,33.1,66.9,High Dependency,987,Silver,Neutral,0,33.1,0.0,0,0
936,58,Male,Hoodie,Clothing,51,Ohio,L,White,Fall,2.6,Yes,Store Pickup,Yes,Yes,2,Bank Transfer,Fortnightly,0,1,26,20.8,79.2,High Dependency,102,Bronze,Dissatisfied,0,20.8,0.0,0,0
937,31,Male,Shoes,Footwear,84,Maine,M,Pink,Summer,2.7,Yes,Free Shipping,Yes,Yes,28,Cash,Weekly,0,1,52,73.1,26.9,Low Dependency,2352,Platinum,Dissatisfied,0,73.1,33.7,1,1
938,32,Male,Shorts,Clothing,24,Iowa,M,Magenta,Summer,2.7,Yes,Express,Yes,Yes,18,Venmo,Quarterly,0,1,4,23.2,76.8,High Dependency,432,Bronze,Dissatisfied,0,23.2,0.0,0,0
939,36,Male,Blouse,Clothing,97,Wisconsin,S,Teal,Fall,4.8,Yes,Free Shipping,Yes,Yes,21,Debit Card,Fortnightly,0,1,26,44.1,55.9,Moderate Dependency,2037,Gold,Satisfied,1,44.1,12.7,0,0
940,25,Male,T-shirt,Clothing,89,New York,L,Indigo,Winter,4.8,Yes,Next Day Air,Yes,Yes,24,Credit Card,Monthly,0,1,12,36.8,63.2,Moderate Dependency,2136,Gold,Satisfied,1,36.8,11.0,0,0
941,48,Male,Belt,Accessories,44,Colorado,S,Maroon,Spring,2.6,Yes,Store Pickup,Yes,Yes,15,PayPal,Every 3 Months,0,1,4,19.5,80.5,High Dependency,660,Silver,Dissatisfied,0,19.5,0.0,0,0
942,39,Male,Handbag,Accessories,35,Illinois,L,Black,Winter,4.5,Yes,2-Day Shipping,Yes,Yes,38,PayPal,Every 3 Months,0,1,4,47.7,52.3,Moderate Dependency,1330,Gold,Satisfied,1,47.7,0.1,0,0
943,26,Male,Dress,Clothing,91,Arizona,M,Cyan,Winter,3.2,Yes,Express,Yes,Yes,38,PayPal,Bi-Weekly,0,1,26,64.9,35.1,Moderate Dependency,3458,Platinum,Dissatisfied,0,64.9,52.0,1,1
944,32,Male,Hat,Accessories,63,Oklahoma,L,Cyan,Winter,3.8,Yes,Next Day Air,Yes,Yes,13,Venmo,Fortnightly,0,1,26,34.3,65.7,Moderate Dependency,819,Silver,Neutral,0,34.3,0.0,0,0
945,54,Male,Belt,Accessories,97,Indiana,S,Gray,Spring,4.8,Yes,Express,Yes,Yes,39,Cash,Bi-Weekly,0,1,26,66.1,33.9,Moderate Dependency,3783,Platinum,Satisfied,1,66.1,59.2,1,1
946,38,Male,Boots,Footwear,38,Minnesota,M,Violet,Summer,4.1,Yes,Store Pickup,Yes,Yes,8,Venmo,Every 3 Months,0,1,4,10.9,89.1,High Dependency,304,Bronze,Satisfied,1,10.9,0.0,0,0
947,46,Male,Coat,Outerwear,24,Pennsylvania,XL,Blue,Spring,2.8,Yes,Next Day Air,Yes,Yes,4,PayPal,Quarterly,0,1,4,6.0,94.0,High Dependency,96,Bronze,Dissatisfied,0,6.0,0.0,0,0
948,57,Male,Blouse,Clothing,32,Indiana,M,Charcoal,Winter,3.9,Yes,Store Pickup,Yes,Yes,6,Cash,Every 3 Months,0,1,4,8.5,91.5,High Dependency,192,Bronze,Neutral,0,8.5,0.0,0,0
949,49,Male,Hat,Accessories,90,Alabama,L,Olive,Summer,4.9,Yes,Express,Yes,Yes,11,Venmo,Every 3 Months,0,1,4,14.6,85.4,High Dependency,990,Silver,Satisfied,1,14.6,0.0,0,0
950,33,Male,Jeans,Clothing,36,Montana,M,Olive,Summer,3.4,Yes,Standard,Yes,Yes,49,Venmo,Monthly,0,1,12,67.4,32.6,Low Dependency,1764,Gold,Neutral,0,67.4,18.9,1,0
951,54,Male,Backpack,Accessories,37,New Mexico,XL,Turquoise,Winter,4.1,Yes,Free Shipping,Yes,Yes,30,PayPal,Quarterly,0,1,4,37.9,62.1,Moderate Dependency,1110,Silver,Satisfied,1,37.9,0.0,0,0
952,47,Male,Dress,Clothing,51,Alaska,M,Cyan,Summer,2.9,Yes,Express,Yes,Yes,34,Bank Transfer,Monthly,0,1,12,49.0,51.0,Moderate Dependency,1734,Gold,Dissatisfied,0,49.0,9.0,0,0
953,36,Male,Hat,Accessories,71,Idaho,S,Red,Fall,3.1,Yes,2-Day Shipping,Yes,Yes,28,PayPal,Monthly,0,1,12,41.7,58.3,Moderate Dependency,1988,Gold,Dissatisfied,0,41.7,10.5,0,0
954,68,Male,Sunglasses,Accessories,50,Utah,S,Cyan,Spring,3.6,Yes,2-Day Shipping,Yes,Yes,36,Venmo,Quarterly,0,1,4,45.2,54.8,Moderate Dependency,1800,Gold,Neutral,0,45.2,8.4,0,0
955,60,Male,Hat,Accessories,74,Louisiana,S,Turquoise,Fall,3.5,Yes,Standard,Yes,Yes,18,Credit Card,Every 3 Months,0,1,4,23.2,76.8,High Dependency,1332,Gold,Neutral,0,23.2,0.0,0,0
956,55,Male,Dress,Clothing,75,Mississippi,L,Lavender,Summer,3.4,Yes,Free Shipping,Yes,Yes,4,PayPal,Monthly,0,1,12,12.3,87.7,High Dependency,300,Bronze,Neutral,0,12.3,0.0,0,0
957,29,Male,Shirt,Clothing,99,Mississippi,XL,Cyan,Spring,2.9,Yes,2-Day Shipping,Yes,Yes,42,Debit Card,Quarterly,0,1,4,52.6,47.4,Moderate Dependency,4158,Platinum,Dissatisfied,0,52.6,60.0,0,1
958,38,Male,Scarf,Accessories,23,Indiana,XL,Violet,Spring,4.7,Yes,Store Pickup,Yes,Yes,11,Cash,Quarterly,0,1,4,14.6,85.4,High Dependency,253,Bronze,Satisfied,1,14.6,0.0,0,0
959,70,Male,Sneakers,Footwear,53,Washington,XL,Beige,Winter,4.4,Yes,Free Shipping,Yes,Yes,31,Credit Card,Bi-Weekly,0,1,26,56.3,43.7,Moderate Dependency,1643,Gold,Satisfied,1,56.3,10.8,1,0
960,36,Male,Skirt,Clothing,99,Nevada,M,Cyan,Spring,2.6,Yes,Standard,Yes,Yes,12,Cash,Fortnightly,0,1,26,33.1,66.9,High Dependency,1188,Silver,Dissatisfied,0,33.1,0.0,0,0
961,18,Male,Jewelry,Accessories,48,Louisiana,XL,Indigo,Spring,4.4,Yes,Standard,Yes,Yes,20,Venmo,Quarterly,0,1,4,25.6,74.4,High Dependency,960,Silver,Satisfied,1,25.6,0.0,0,0
962,62,Male,Boots,Footwear,72,Pennsylvania,L,Olive,Fall,3.7,Yes,Next Day Air,Yes,Yes,37,Debit Card,Quarterly,0,1,4,46.4,53.6,Moderate Dependency,2664,Platinum,Neutral,0,46.4,26.5,0,0
963,29,Male,Sunglasses,Accessories,64,Michigan,L,Green,Spring,4.4,Yes,Standard,Yes,Yes,26,Debit Card,Fortnightly,0,1,26,50.2,49.8,Moderate Dependency,1664,Gold,Satisfied,1,50.2,8.2,0,0
964,21,Male,Boots,Footwear,63,South Carolina,L,Green,Spring,2.5,Yes,2-Day Shipping,Yes,Yes,14,Credit Card,Weekly,0,1,52,55.9,44.1,Moderate Dependency,882,Silver,Dissatisfied,0,55.9,0.0,1,0
965,42,Male,Sandals,Footwear,51,Arizona,M,Beige,Spring,2.6,Yes,Next Day Air,Yes,Yes,12,Venmo,Bi-Weekly,0,1,26,33.1,66.9,High Dependency,612,Bronze,Dissatisfied,0,33.1,0.0,0,0
966,43,Male,Boots,Footwear,55,Delaware,L,Black,Spring,5.0,Yes,Store Pickup,Yes,Yes,10,Credit Card,Annually,0,1,1,11.0,89.0,High Dependency,550,Bronze,Satisfied,1,11.0,0.0,0,0
967,58,Male,Dress,Clothing,55,Kentucky,M,Brown,Spring,4.9,Yes,Express,Yes,Yes,19,Cash,Annually,0,1,1,22.0,78.0,High Dependency,1045,Silver,Satisfied,1,22.0,0.0,0,0
968,27,Male,Hoodie,Clothing,26,Georgia,S,Silver,Summer,3.7,Yes,Store Pickup,Yes,Yes,4,Cash,Weekly,0,1,52,43.7,56.3,Moderate Dependency,104,Bronze,Neutral,0,43.7,0.0,0,0
969,57,Male,Shorts,Clothing,67,North Carolina,L,Gray,Summer,3.1,Yes,Next Day Air,Yes,Yes,48,Bank Transfer,Quarterly,0,1,4,59.9,40.1,Moderate Dependency,3216,Platinum,Dissatisfied,0,59.9,44.6,1,1
970,40,Male,Coat,Outerwear,31,California,S,Pink,Fall,3.2,Yes,Express,Yes,Yes,37,PayPal,Monthly,0,1,12,52.7,47.3,Moderate Dependency,1147,Silver,Dissatisfied,0,52.7,0.0,0,0
971,45,Male,Jeans,Clothing,66,California,S,Maroon,Winter,4.4,Yes,Free Shipping,Yes,Yes,4,Cash,Monthly,0,1,12,12.3,87.7,High Dependency,264,Bronze,Satisfied,1,12.3,0.0,0,0
972,47,Male,Sunglasses,Accessories,67,Indiana,M,Cyan,Summer,4.3,Yes,Next Day Air,Yes,Yes,15,Credit Card,Weekly,0,1,52,57.1,42.9,Moderate Dependency,1005,Silver,Satisfied,1,57.1,0.0,1,0
973,61,Male,Sneakers,Footwear,61,Colorado,L,Gold,Winter,3.0,Yes,Standard,Yes,Yes,33,Credit Card,Weekly,0,1,52,79.2,20.8,Low Dependency,2013,Gold,Dissatisfied,0,79.2,29.9,1,0
974,60,Male,Jacket,Outerwear,75,Colorado,M,Teal,Fall,3.5,Yes,2-Day Shipping,Yes,Yes,30,Bank Transfer,Quarterly,0,1,4,37.9,62.1,Moderate Dependency,2250,Platinum,Neutral,0,37.9,13.9,0,0
975,69,Male,Skirt,Clothing,90,North Carolina,M,Beige,Spring,3.6,Yes,2-Day Shipping,Yes,Yes,23,Bank Transfer,Monthly,0,1,12,35.6,64.4,Moderate Dependency,2070,Gold,Neutral,0,35.6,9.0,0,0
976,58,Male,Sweater,Clothing,40,Washington,M,Olive,Summer,3.8,Yes,2-Day Shipping,Yes,Yes,2,Bank Transfer,Weekly,0,1,52,41.2,58.8,Moderate Dependency,80,Bronze,Neutral,0,41.2,0.0,0,0
977,34,Male,T-shirt,Clothing,90,Florida,M,Gray,Fall,3.6,Yes,Express,Yes,Yes,50,Credit Card,Every 3 Months,0,1,4,62.4,37.6,Moderate Dependency,4500,Platinum,Neutral,0,62.4,71.9,1,1
978,20,Male,Belt,Accessories,20,Washington,M,Black,Spring,4.6,Yes,Express,Yes,Yes,34,Cash,Bi-Weekly,0,1,26,60.0,40.0,Moderate Dependency,680,Silver,Satisfied,1,60.0,0.0,1,0
979,56,Male,Gloves,Accessories,40,Colorado,M,Turquoise,Summer,2.5,Yes,Standard,Yes,Yes,33,Credit Card,Weekly,0,1,52,79.2,20.8,Low Dependency,1320,Gold,Dissatisfied,0,79.2,15.8,1,0
980,64,Male,Hat,Accessories,33,New Hampshire,S,Brown,Fall,3.5,Yes,Store Pickup,Yes,Yes,34,Debit Card,Monthly,0,1,12,49.0,51.0,Moderate Dependency,1122,Silver,Neutral,0,49.0,0.0,0,0
981,56,Male,Boots,Footwear,98,Maryland,S,Magenta,Spring,4.0,Yes,Free Shipping,Yes,Yes,39,PayPal,Every 3 Months,0,1,4,48.9,51.1,Moderate Dependency,3822,Platinum,Neutral,0,48.9,51.3,0,1
982,27,Male,Belt,Accessories,42,Maryland,M,Silver,Spring,3.5,Yes,Next Day Air,Yes,Yes,47,Credit Card,Quarterly,0,1,4,58.7,41.3,Moderate Dependency,1974,Gold,Neutral,0,58.7,18.8,1,0
983,35,Male,Coat,Outerwear,62,Texas,S,Red,Summer,3.2,Yes,Standard,Yes,Yes,37,PayPal,Monthly,0,1,12,52.7,47.3,Moderate Dependency,2294,Platinum,Dissatisfied,0,52.7,22.2,0,0
984,24,Male,Hat,Accessories,45,New Mexico,L,Indigo,Winter,3.5,Yes,Free Shipping,Yes,Yes,40,Venmo,Bi-Weekly,0,1,26,67.4,32.6,Low Dependency,1800,Gold,Neutral,0,67.4,19.6,1,0
985,26,Male,Shoes,Footwear,78,Utah,M,Green,Summer,3.4,Yes,Free Shipping,Yes,Yes,8,Credit Card,Bi-Weekly,0,1,26,28.2,71.8,High Dependency,624,Silver,Neutral,0,28.2,0.0,0,0
986,32,Male,Handbag,Accessories,80,West Virginia,M,Gray,Fall,5.0,Yes,Express,Yes,Yes,12,Bank Transfer,Annually,0,1,1,13.5,86.5,High Dependency,960,Silver,Satisfied,1,13.5,0.0,0,0
987,54,Male,Scarf,Accessories,96,Connecticut,S,Peach,Spring,4.5,Yes,Store Pickup,Yes,Yes,36,Bank Transfer,Monthly,0,1,12,51.5,48.5,Moderate Dependency,3456,Platinum,Satisfied,1,51.5,45.2,0,1
988,62,Male,Handbag,Accessories,47,West Virginia,M,Charcoal,Summer,2.8,Yes,Express,Yes,Yes,48,PayPal,Weekly,0,1,52,97.6,2.4,Low Dependency,2256,Platinum,Dissatisfied,0,97.6,44.1,1,1
989,50,Male,Pants,Clothing,84,Ohio,M,Orange,Winter,4.9,Yes,2-Day Shipping,Yes,Yes,47,PayPal,Fortnightly,0,1,26,75.9,24.1,Low Dependency,3948,Platinum,Satisfied,1,75.9,67.5,1,1
990,70,Male,Shoes,Footwear,31,Texas,M,Beige,Spring,3.1,Yes,Store Pickup,Yes,Yes,2,Bank Transfer,Monthly,0,1,12,9.9,90.1,High Dependency,62,Bronze,Dissatisfied,0,9.9,0.0,0,0
991,48,Male,Sunglasses,Accessories,63,Washington,S,Yellow,Spring,4.8,Yes,Store Pickup,Yes,Yes,24,Cash,Weekly,0,1,52,68.2,31.8,Low Dependency,1512,Gold,Satisfied,1,68.2,14.2,1,0
992,20,Male,Shorts,Clothing,97,Wisconsin,XL,White,Spring,2.7,Yes,Standard,Yes,Yes,40,Bank Transfer,Bi-Weekly,0,1,26,67.4,32.6,Low Dependency,3880,Platinum,Dissatisfied,0,67.4,61.8,1,1
993,46,Male,Jacket,Outerwear,99,Louisiana,M,Gray,Winter,4.6,Yes,Express,Yes,Yes,50,Debit Card,Weekly,0,1,52,100.0,0.0,Low Dependency,4950,Platinum,Satisfied,1,100.0,100.0,1,1
994,51,Male,Sandals,Footwear,90,Iowa,M,Peach,Winter,4.4,Yes,Store Pickup,Yes,Yes,25,Cash,Weekly,0,1,52,69.4,30.6,Low Dependency,2250,Platinum,Satisfied,1,69.4,29.8,1,0
995,53,Male,Shoes,Footwear,68,New York,L,Violet,Fall,3.2,Yes,Express,Yes,Yes,20,Debit Card,Monthly,0,1,12,31.9,68.1,High Dependency,1360,Gold,Dissatisfied,0,31.9,0.0,0,0
996,44,Male,Jewelry,Accessories,80,Idaho,M,Magenta,Spring,3.0,Yes,2-Day Shipping,Yes,Yes,10,Venmo,Weekly,0,1,52,51.0,49.0,Moderate Dependency,800,Silver,Dissatisfied,0,51.0,0.0,0,0
997,29,Male,Sandals,Footwear,91,Delaware,L,Maroon,Summer,4.9,Yes,Standard,Yes,Yes,32,Bank Transfer,Quarterly,0,1,4,40.3,59.7,Moderate Dependency,2912,Platinum,Satisfied,1,40.3,28.5,0,0
998,64,Male,Pants,Clothing,30,Kentucky,M,Cyan,Spring,3.6,Yes,Express,Yes,Yes,31,Cash,Fortnightly,0,1,26,56.3,43.7,Moderate Dependency,930,Silver,Neutral,0,56.3,0.0,1,0
999,51,Male,Shoes,Footwear,90,Connecticut,M,White,Spring,3.8,Yes,Next Day Air,Yes,Yes,48,Bank Transfer,Bi-Weekly,0,1,26,77.2,22.8,Low Dependency,4320,Platinum,Neutral,0,77.2,75.7,1,1
1000,50,Male,Socks,Clothing,28,New Mexico,L,Brown,Spring,2.9,Yes,Standard,Yes,Yes,23,Debit Card,Monthly,0,1,12,35.6,64.4,Moderate Dependency,644,Silver,Dissatisfied,0,35.6,0.0,0,0
1001,43,Male,Socks,Clothing,46,Georgia,M,Red,Winter,3.9,Yes,Express,Yes,Yes,1,Bank Transfer,Bi-Weekly,0,1,26,19.6,80.4,High Dependency,46,Bronze,Neutral,0,19.6,0.0,0,0
1002,61,Male,Dress,Clothing,60,Washington,M,Orange,Fall,3.6,Yes,Standard,Yes,Yes,4,Debit Card,Fortnightly,0,1,26,23.3,76.7,High Dependency,240,Bronze,Neutral,0,23.3,0.0,0,0
1003,55,Male,Shoes,Footwear,59,North Dakota,M,White,Spring,3.5,Yes,Store Pickup,Yes,Yes,3,Bank Transfer,Bi-Weekly,0,1,26,22.1,77.9,High Dependency,177,Bronze,Neutral,0,22.1,0.0,0,0
1004,56,Male,Hat,Accessories,68,Ohio,M,Green,Fall,4.0,Yes,Store Pickup,Yes,Yes,3,Cash,Bi-Weekly,0,1,26,22.1,77.9,High Dependency,204,Bronze,Neutral,0,22.1,0.0,0,0
1005,33,Male,Backpack,Accessories,79,Tennessee,M,Black,Summer,4.8,Yes,2-Day Shipping,Yes,Yes,44,Cash,Annually,0,1,1,52.7,47.3,Moderate Dependency,3476,Platinum,Satisfied,1,52.7,46.2,0,1
1006,43,Male,Backpack,Accessories,94,New York,M,Gold,Winter,3.9,Yes,Store Pickup,Yes,Yes,5,Debit Card,Bi-Weekly,0,1,26,24.5,75.5,High Dependency,470,Bronze,Neutral,0,24.5,0.0,0,0
1007,21,Male,Pants,Clothing,83,Michigan,S,Lavender,Summer,4.5,Yes,Next Day Air,Yes,Yes,50,Venmo,Quarterly,0,1,4,62.4,37.6,Moderate Dependency,4150,Platinum,Satisfied,1,62.4,64.8,1,1
1008,58,Male,Gloves,Accessories,62,Georgia,XL,Turquoise,Spring,4.8,Yes,Standard,Yes,Yes,2,Credit Card,Annually,0,1,1,1.2,98.8,High Dependency,124,Bronze,Satisfied,1,1.2,0.0,0,0
1009,41,Male,Scarf,Accessories,85,New Mexico,M,Pink,Spring,2.6,Yes,Store Pickup,Yes,Yes,29,PayPal,Annually,0,1,1,34.3,65.7,Moderate Dependency,2465,Platinum,Dissatisfied,0,34.3,16.4,0,0
1010,39,Male,Hoodie,Clothing,30,Louisiana,M,Silver,Summer,3.1,Yes,Express,Yes,Yes,11,Venmo,Annually,0,1,1,12.2,87.8,High Dependency,330,Bronze,Dissatisfied,0,12.2,0.0,0,0
1011,54,Male,Jeans,Clothing,24,South Dakota,XL,Gray,Spring,4.7,Yes,2-Day Shipping,Yes,Yes,37,Credit Card,Fortnightly,0,1,26,63.7,36.3,Moderate Dependency,888,Silver,Satisfied,1,63.7,0.0,1,0
1012,43,Male,Backpack,Accessories,25,Montana,L,Indigo,Spring,2.9,Yes,Next Day Air,Yes,Yes,32,Debit Card,Fortnightly,0,1,26,57.6,42.4,Moderate Dependency,800,Silver,Dissatisfied,0,57.6,0.0,1,0
1013,28,Male,Sandals,Footwear,37,New Mexico,L,Teal,Summer,3.8,Yes,Express,Yes,Yes,27,Credit Card,Annually,0,1,1,31.8,68.2,High Dependency,999,Silver,Neutral,0,31.8,0.0,0,0
1014,59,Male,Belt,Accessories,69,South Carolina,XL,Green,Summer,3.8,Yes,2-Day Shipping,Yes,Yes,31,Venmo,Bi-Weekly,0,1,26,56.3,43.7,Moderate Dependency,2139,Gold,Neutral,0,56.3,20.9,1,0
1015,28,Male,Shoes,Footwear,97,Ohio,M,Violet,Summer,3.0,Yes,Standard,Yes,Yes,36,Debit Card,Fortnightly,0,1,26,62.5,37.5,Moderate Dependency,3492,Platinum,Dissatisfied,0,62.5,51.5,1,1
1016,68,Male,Gloves,Accessories,24,North Carolina,M,Cyan,Summer,4.1,Yes,Standard,Yes,Yes,34,Cash,Weekly,0,1,52,80.4,19.6,Low Dependency,816,Silver,Satisfied,1,80.4,6.2,1,0
1017,20,Male,Belt,Accessories,30,Idaho,XL,Blue,Summer,3.4,Yes,Express,Yes,Yes,15,Bank Transfer,Every 3 Months,0,1,4,19.5,80.5,High Dependency,450,Bronze,Neutral,0,19.5,0.0,0,0
1018,21,Male,Jacket,Outerwear,53,Oklahoma,L,Orange,Fall,2.5,Yes,Express,Yes,Yes,14,Credit Card,Annually,0,1,1,15.9,84.1,High Dependency,742,Silver,Dissatisfied,0,15.9,0.0,0,0
1019,50,Male,Dress,Clothing,70,Georgia,XL,Charcoal,Spring,4.9,Yes,Next Day Air,Yes,Yes,46,Cash,Weekly,0,1,52,95.1,4.9,Low Dependency,3220,Platinum,Satisfied,1,95.1,62.4,1,1
1020,32,Male,Shirt,Clothing,76,Kentucky,S,Beige,Winter,2.8,Yes,Standard,Yes,Yes,33,Venmo,Bi-Weekly,0,1,26,58.8,41.2,Moderate Dependency,2508,Platinum,Dissatisfied,0,58.8,29.6,1,0
1021,24,Male,Scarf,Accessories,95,Delaware,M,Black,Fall,4.5,Yes,Express,Yes,Yes,41,Debit Card,Annually,0,1,1,49.0,51.0,Moderate Dependency,3895,Platinum,Satisfied,1,49.0,52.8,0,1
1022,55,Male,Coat,Outerwear,51,Massachusetts,S,Lavender,Winter,4.9,Yes,2-Day Shipping,Yes,Yes,39,PayPal,Weekly,0,1,52,86.5,13.5,Low Dependency,1989,Gold,Satisfied,1,86.5,33.1,1,1
1023,61,Male,Handbag,Accessories,41,Nebraska,M,Lavender,Winter,4.9,Yes,Store Pickup,Yes,Yes,7,Cash,Annually,0,1,1,7.3,92.7,High Dependency,287,Bronze,Satisfied,1,7.3,0.0,0,0
1024,61,Male,Sunglasses,Accessories,71,Maine,S,Turquoise,Winter,3.5,Yes,Free Shipping,Yes,Yes,29,Bank Transfer,Every 3 Months,0,1,4,36.6,63.4,Moderate Dependency,2059,Gold,Neutral,0,36.6,9.3,0,0
1025,28,Male,T-shirt,Clothing,66,Pennsylvania,M,Purple,Summer,3.5,Yes,Free Shipping,Yes,Yes,18,Venmo,Quarterly,0,1,4,23.2,76.8,High Dependency,1188,Silver,Neutral,0,23.2,0.0,0,0
1026,60,Male,Shirt,Clothing,84,Nebraska,M,Olive,Winter,4.9,Yes,Free Shipping,Yes,Yes,15,Credit Card,Annually,0,1,1,17.1,82.9,High Dependency,1260,Silver,Satisfied,1,17.1,0.0,0,0
1027,49,Male,Handbag,Accessories,95,Virginia,L,Turquoise,Winter,3.0,Yes,Express,Yes,Yes,39,PayPal,Bi-Weekly,0,1,26,66.1,33.9,Moderate Dependency,3705,Platinum,Dissatisfied,0,66.1,57.6,1,1
1028,33,Male,Jewelry,Accessories,90,Ohio,L,Teal,Summer,2.8,Yes,Next Day Air,Yes,Yes,11,Cash,Monthly,0,1,12,20.9,79.1,High Dependency,990,Silver,Dissatisfied,0,20.9,0.0,0,0
1029,45,Male,Hoodie,Clothing,36,Nebraska,S,Lavender,Summer,3.7,Yes,Standard,Yes,Yes,4,Cash,Fortnightly,0,1,26,23.3,76.7,High Dependency,144,Bronze,Neutral,0,23.3,0.0,0,0
1030,29,Male,Gloves,Accessories,22,Ohio,M,Purple,Spring,3.6,Yes,2-Day Shipping,Yes,Yes,33,Venmo,Bi-Weekly,0,1,26,58.8,41.2,Moderate Dependency,726,Silver,Neutral,0,58.8,0.0,1,0
1031,58,Male,Coat,Outerwear,89,Kentucky,L,Blue,Winter,3.3,Yes,Next Day Air,Yes,Yes,37,Debit Card,Quarterly,0,1,4,46.4,53.6,Moderate Dependency,3293,Platinum,Neutral,0,46.4,39.3,0,1
1032,22,Male,Sandals,Footwear,50,Tennessee,M,Teal,Spring,3.4,Yes,Free Shipping,Yes,Yes,32,Cash,Quarterly,0,1,4,40.3,59.7,Moderate Dependency,1600,Gold,Neutral,0,40.3,1.9,0,0
1033,55,Male,Boots,Footwear,36,Maine,M,Lavender,Fall,4.0,Yes,Free Shipping,Yes,Yes,44,Credit Card,Quarterly,0,1,4,55.0,45.0,Moderate Dependency,1584,Gold,Neutral,0,55.0,9.0,0,0
1034,19,Male,Pants,Clothing,52,Montana,S,Silver,Spring,4.6,Yes,Free Shipping,Yes,Yes,41,Bank Transfer,Quarterly,0,1,4,51.3,48.7,Moderate Dependency,2132,Gold,Satisfied,1,51.3,18.2,0,0
1035,68,Male,Socks,Clothing,29,Maryland,M,Olive,Fall,4.2,Yes,Next Day Air,Yes,Yes,44,Bank Transfer,Weekly,0,1,52,92.7,7.3,Low Dependency,1276,Silver,Satisfied,1,92.7,21.8,1,0
1036,61,Male,Blouse,Clothing,89,Georgia,M,Brown,Fall,2.8,Yes,Express,Yes,Yes,32,Venmo,Annually,0,1,1,38.0,62.0,Moderate Dependency,2848,Platinum,Dissatisfied,0,38.0,26.0,0,0
1037,68,Male,Handbag,Accessories,47,Hawaii,M,Yellow,Fall,3.7,Yes,2-Day Shipping,Yes,Yes,13,Bank Transfer,Monthly,0,1,12,23.3,76.7,High Dependency,611,Bronze,Neutral,0,23.3,0.0,0,0
1038,52,Male,Jewelry,Accessories,25,Rhode Island,XL,Brown,Spring,3.4,Yes,Standard,Yes,Yes,48,Debit Card,Quarterly,0,1,4,59.9,40.1,Moderate Dependency,1200,Silver,Neutral,0,59.9,3.7,1,0
1039,41,Male,Pants,Clothing,74,Nebraska,XL,Cyan,Fall,3.0,Yes,Express,Yes,Yes,3,Bank Transfer,Weekly,0,1,52,42.4,57.6,Moderate Dependency,222,Bronze,Dissatisfied,0,42.4,0.0,0,0
1040,29,Male,Belt,Accessories,46,Michigan,M,Magenta,Fall,4.8,Yes,Standard,Yes,Yes,39,Venmo,Monthly,0,1,12,55.2,44.8,Moderate Dependency,1794,Gold,Satisfied,1,55.2,13.3,1,0
1041,68,Male,Jeans,Clothing,22,North Carolina,S,Magenta,Fall,4.0,Yes,Next Day Air,Yes,Yes,7,Cash,Fortnightly,0,1,26,27.0,73.0,High Dependency,154,Bronze,Neutral,0,27.0,0.0,0,0
1042,36,Male,Shirt,Clothing,25,Minnesota,M,Orange,Summer,4.9,Yes,Next Day Air,Yes,Yes,11,Cash,Fortnightly,0,1,26,31.9,68.1,High Dependency,275,Bronze,Satisfied,1,31.9,0.0,0,0
1043,55,Male,Belt,Accessories,80,Maryland,M,Maroon,Spring,4.9,Yes,Next Day Air,Yes,Yes,47,Credit Card,Weekly,0,1,52,96.3,3.7,Low Dependency,3760,Platinum,Satisfied,1,96.3,74.0,1,1
1044,28,Male,Jeans,Clothing,76,Hawaii,M,Green,Spring,3.3,Yes,2-Day Shipping,Yes,Yes,28,Debit Card,Fortnightly,0,1,26,52.7,47.3,Moderate Dependency,2128,Gold,Neutral,0,52.7,18.9,0,0
1045,39,Male,Jeans,Clothing,30,Oregon,L,Teal,Summer,4.4,Yes,Next Day Air,Yes,Yes,17,Bank Transfer,Every 3 Months,0,1,4,21.9,78.1,High Dependency,510,Bronze,Satisfied,1,21.9,0.0,0,0
1046,54,Male,Sweater,Clothing,79,New Mexico,L,Black,Fall,3.5,Yes,2-Day Shipping,Yes,Yes,11,PayPal,Bi-Weekly,0,1,26,31.9,68.1,High Dependency,869,Silver,Neutral,0,31.9,0.0,0,0
1047,40,Male,Sneakers,Footwear,22,Illinois,M,Magenta,Winter,4.2,Yes,Standard,Yes,Yes,12,Venmo,Annually,0,1,1,13.5,86.5,High Dependency,264,Bronze,Satisfied,1,13.5,0.0,0,0
1048,31,Male,Socks,Clothing,36,Utah,S,Olive,Fall,4.2,Yes,Standard,Yes,Yes,7,Credit Card,Fortnightly,0,1,26,27.0,73.0,High Dependency,252,Bronze,Satisfied,1,27.0,0.0,0,0
1049,30,Male,Socks,Clothing,77,Maine,L,Yellow,Fall,2.7,Yes,Standard,Yes,Yes,19,Venmo,Fortnightly,0,1,26,41.6,58.4,Moderate Dependency,1463,Gold,Dissatisfied,0,41.6,0.0,0,0
1050,45,Male,Sunglasses,Accessories,33,Virginia,S,Purple,Fall,2.8,Yes,Store Pickup,Yes,Yes,24,Cash,Quarterly,0,1,4,30.5,69.5,High Dependency,792,Silver,Dissatisfied,0,30.5,0.0,0,0
1051,48,Male,Sneakers,Footwear,64,Florida,M,Beige,Winter,3.8,Yes,Next Day Air,Yes,Yes,19,Venmo,Monthly,0,1,12,30.7,69.3,High Dependency,1216,Silver,Neutral,0,30.7,0.0,0,0
1052,45,Male,Socks,Clothing,53,Ohio,M,Indigo,Fall,2.6,Yes,Free Shipping,Yes,Yes,39,PayPal,Annually,0,1,1,46.5,53.5,Moderate Dependency,2067,Gold,Dissatisfied,0,46.5,14.5,0,0
1053,60,Male,Shoes,Footwear,36,Virginia,XL,Pink,Fall,3.0,Yes,2-Day Shipping,Yes,Yes,1,Credit Card,Fortnightly,0,1,26,19.6,80.4,High Dependency,36,Bronze,Dissatisfied,0,19.6,0.0,0,0
1054,59,Male,Blouse,Clothing,70,Kansas,M,Blue,Spring,3.3,No,2-Day Shipping,Yes,Yes,10,Debit Card,Bi-Weekly,0,1,26,30.6,69.4,High Dependency,700,Silver,Neutral,0,30.6,0.0,0,0
1055,18,Male,Shorts,Clothing,96,Arkansas,L,Cyan,Winter,4.9,No,Express,Yes,Yes,48,PayPal,Quarterly,0,1,4,59.9,40.1,Moderate Dependency,4608,Platinum,Satisfied,1,59.9,72.8,1,1
1056,70,Male,Jacket,Outerwear,27,Massachusetts,M,Orange,Spring,3.3,No,Next Day Air,Yes,Yes,24,Debit Card,Annually,0,1,1,28.2,71.8,High Dependency,648,Silver,Neutral,0,28.2,0.0,0,0
1057,20,Male,Sweater,Clothing,64,Idaho,L,Black,Winter,2.9,No,2-Day Shipping,Yes,Yes,42,Venmo,Fortnightly,0,1,26,69.8,30.2,Low Dependency,2688,Platinum,Dissatisfied,0,69.8,38.9,1,1
1058,65,Male,Jacket,Outerwear,23,Wisconsin,S,Maroon,Spring,4.4,No,2-Day Shipping,Yes,Yes,20,Credit Card,Weekly,0,1,52,63.3,36.7,Moderate Dependency,460,Bronze,Satisfied,1,63.3,0.0,1,0
1059,29,Male,Scarf,Accessories,33,New Mexico,L,Violet,Summer,3.1,No,Next Day Air,Yes,Yes,49,Bank Transfer,Every 3 Months,0,1,4,61.1,38.9,Moderate Dependency,1617,Gold,Dissatisfied,0,61.1,12.7,1,0
1060,22,Male,Jacket,Outerwear,34,North Carolina,M,Beige,Winter,2.5,No,Standard,Yes,Yes,25,Debit Card,Monthly,0,1,12,38.0,62.0,Moderate Dependency,850,Silver,Dissatisfied,0,38.0,0.0,0,0
1061,27,Male,Sweater,Clothing,35,Iowa,S,Gray,Summer,2.6,No,Next Day Air,Yes,Yes,21,Debit Card,Every 3 Months,0,1,4,26.8,73.2,High Dependency,735,Silver,Dissatisfied,0,26.8,0.0,0,0
1062,36,Male,Coat,Outerwear,62,Idaho,M,Gray,Summer,4.4,No,Free Shipping,Yes,Yes,12,Venmo,Every 3 Months,0,1,4,15.8,84.2,High Dependency,744,Silver,Satisfied,1,15.8,0.0,0,0
1063,59,Male,Boots,Footwear,75,Ohio,M,Brown,Fall,2.6,No,Next Day Air,Yes,Yes,21,Debit Card,Every 3 Months,0,1,4,26.8,73.2,High Dependency,1575,Gold,Dissatisfied,0,26.8,0.0,0,0
1064,62,Male,Hoodie,Clothing,29,Alabama,S,Indigo,Summer,3.3,No,Free Shipping,Yes,Yes,35,Cash,Monthly,0,1,12,50.3,49.7,Moderate Dependency,1015,Silver,Neutral,0,50.3,0.0,0,0
1065,34,Male,Hat,Accessories,28,Wyoming,M,Violet,Spring,3.5,No,Express,Yes,Yes,42,Credit Card,Every 3 Months,0,1,4,52.6,47.4,Moderate Dependency,1176,Silver,Neutral,0,52.6,0.0,0,0
1066,59,Male,T-shirt,Clothing,20,Alabama,XL,Blue,Spring,4.1,No,Store Pickup,Yes,Yes,3,PayPal,Every 3 Months,0,1,4,4.8,95.2,High Dependency,60,Bronze,Satisfied,1,4.8,0.0,0,0
1067,49,Male,Coat,Outerwear,96,Mississippi,M,Red,Winter,4.0,No,Store Pickup,Yes,Yes,11,PayPal,Bi-Weekly,0,1,26,31.9,68.1,High Dependency,1056,Silver,Neutral,0,31.9,0.0,0,0
1068,18,Male,Dress,Clothing,43,Pennsylvania,S,Peach,Summer,2.7,No,2-Day Shipping,Yes,Yes,22,PayPal,Quarterly,0,1,4,28.1,71.9,High Dependency,946,Silver,Dissatisfied,0,28.1,0.0,0,0
1069,55,Male,Shirt,Clothing,94,Wyoming,M,Olive,Fall,2.5,No,Standard,Yes,Yes,47,Credit Card,Weekly,0,1,52,96.3,3.7,Low Dependency,4418,Platinum,Dissatisfied,0,96.3,87.3,1,1
1070,38,Male,Skirt,Clothing,81,Maryland,XL,White,Fall,4.3,No,Next Day Air,Yes,Yes,33,Venmo,Every 3 Months,0,1,4,41.5,58.5,Moderate Dependency,2673,Platinum,Satisfied,1,41.5,24.3,0,0
1071,50,Male,Jewelry,Accessories,75,North Carolina,M,Magenta,Summer,3.3,No,Free Shipping,Yes,Yes,50,Debit Card,Weekly,0,1,52,100.0,0.0,Low Dependency,3750,Platinum,Neutral,0,100.0,75.7,1,1
1072,61,Male,Hat,Accessories,81,Pennsylvania,M,Beige,Summer,2.6,No,Express,Yes,Yes,46,Credit Card,Monthly,0,1,12,63.7,36.3,Moderate Dependency,3726,Platinum,Dissatisfied,0,63.7,56.8,1,1
1073,48,Male,Shorts,Clothing,92,Idaho,L,Gold,Fall,3.8,No,Express,Yes,Yes,34,Debit Card,Fortnightly,1,1,26,60.0,40.0,Moderate Dependency,3128,Platinum,Neutral,0,60.0,42.8,1,1
1074,22,Male,Scarf,Accessories,96,California,XL,Purple,Spring,4.0,No,Store Pickup,Yes,Yes,33,Credit Card,Monthly,0,1,12,47.8,52.2,Moderate Dependency,3168,Platinum,Neutral,0,47.8,37.5,0,1
1075,48,Male,Jewelry,Accessories,71,Tennessee,S,White,Fall,2.6,No,Standard,Yes,Yes,45,Bank Transfer,Fortnightly,0,1,26,73.5,26.5,Low Dependency,3195,Platinum,Dissatisfied,0,73.5,51.0,1,1
1076,57,Male,Sunglasses,Accessories,50,Missouri,L,Indigo,Summer,4.9,No,Next Day Air,Yes,Yes,32,Debit Card,Bi-Weekly,0,1,26,57.6,42.4,Moderate Dependency,1600,Gold,Satisfied,1,57.6,10.6,1,0
1077,33,Male,Coat,Outerwear,72,North Dakota,L,Charcoal,Spring,2.9,No,Standard,Yes,Yes,47,Venmo,Bi-Weekly,0,1,26,75.9,24.1,Low Dependency,3384,Platinum,Dissatisfied,0,75.9,56.1,1,1
1078,58,Male,Jacket,Outerwear,28,West Virginia,M,Pink,Winter,3.7,No,Standard,Yes,Yes,5,PayPal,Quarterly,0,1,4,7.3,92.7,High Dependency,140,Bronze,Neutral,0,7.3,0.0,0,0
1079,37,Male,Sweater,Clothing,59,Arizona,M,Silver,Fall,4.4,No,Express,Yes,Yes,49,Credit Card,Fortnightly,0,1,26,78.4,21.6,Low Dependency,2891,Platinum,Satisfied,1,78.4,47.3,1,1
1080,18,Male,Coat,Outerwear,33,Oklahoma,S,Blue,Summer,4.4,No,Free Shipping,Yes,Yes,48,Bank Transfer,Monthly,0,1,12,66.2,33.8,Moderate Dependency,1584,Gold,Satisfied,1,66.2,14.6,1,0
1081,65,Male,Scarf,Accessories,59,Pennsylvania,L,Blue,Fall,3.8,No,Express,Yes,Yes,22,Cash,Every 3 Months,0,1,4,28.1,71.9,High Dependency,1298,Gold,Neutral,0,28.1,0.0,0,0
1082,62,Male,Belt,Accessories,30,Idaho,XL,Brown,Spring,4.5,No,Standard,Yes,Yes,45,Credit Card,Annually,0,1,1,53.9,46.1,Moderate Dependency,1350,Gold,Satisfied,1,53.9,3.7,0,0
1083,54,Male,Hat,Accessories,85,South Carolina,XL,Cyan,Winter,2.6,No,Next Day Air,Yes,Yes,30,Venmo,Quarterly,0,1,4,37.9,62.1,Moderate Dependency,2550,Platinum,Dissatisfied,0,37.9,19.9,0,0
1084,35,Male,Backpack,Accessories,97,Washington,L,Teal,Summer,3.3,No,Store Pickup,Yes,Yes,43,Cash,Weekly,0,1,52,91.4,8.6,Low Dependency,4171,Platinum,Neutral,0,91.4,79.9,1,1
1085,34,Male,T-shirt,Clothing,36,Arkansas,S,Purple,Fall,4.1,No,Next Day Air,Yes,Yes,48,Cash,Quarterly,0,1,4,59.9,40.1,Moderate Dependency,1728,Gold,Satisfied,1,59.9,14.4,1,0
1086,25,Male,Jewelry,Accessories,85,Utah,M,Turquoise,Winter,3.0,No,Store Pickup,Yes,Yes,23,Venmo,Fortnightly,0,1,26,46.5,53.5,Moderate Dependency,1955,Gold,Dissatisfied,0,46.5,12.2,0,0
1087,53,Male,Sunglasses,Accessories,62,Alaska,M,Olive,Winter,3.0,No,Free Shipping,Yes,Yes,27,PayPal,Bi-Weekly,0,1,26,51.4,48.6,Moderate Dependency,1674,Gold,Dissatisfied,0,51.4,9.0,0,0
1088,45,Male,Jeans,Clothing,71,West Virginia,S,White,Winter,3.4,No,Next Day Air,Yes,Yes,7,Bank Transfer,Monthly,0,1,12,16.0,84.0,High Dependency,497,Bronze,Neutral,0,16.0,0.0,0,0
1089,49,Male,Pants,Clothing,21,Louisiana,M,Turquoise,Winter,2.7,No,Free Shipping,Yes,Yes,2,PayPal,Weekly,0,1,52,41.2,58.8,Moderate Dependency,42,Bronze,Dissatisfied,0,41.2,0.0,0,0
1090,40,Male,Backpack,Accessories,61,Arizona,M,Silver,Spring,3.8,No,Next Day Air,Yes,Yes,33,PayPal,Bi-Weekly,0,1,26,58.8,41.2,Moderate Dependency,2013,Gold,Neutral,0,58.8,19.6,1,0
1091,38,Male,Scarf,Accessories,58,Connecticut,M,Violet,Spring,4.2,No,Store Pickup,Yes,Yes,27,Cash,Fortnightly,0,1,26,51.4,48.6,Moderate Dependency,1566,Gold,Satisfied,1,51.4,6.8,0,0
1092,44,Male,Sweater,Clothing,80,North Carolina,L,Lavender,Spring,4.7,No,Store Pickup,Yes,Yes,6,Credit Card,Fortnightly,0,1,26,25.7,74.3,High Dependency,480,Bronze,Satisfied,1,25.7,0.0,0,0
1093,68,Male,Jewelry,Accessories,50,South Dakota,L,Magenta,Spring,4.1,No,2-Day Shipping,Yes,Yes,20,Venmo,Quarterly,0,1,4,25.6,74.4,High Dependency,1000,Silver,Satisfied,1,25.6,0.0,0,0
1094,60,Male,Sneakers,Footwear,48,Delaware,S,Indigo,Winter,4.2,No,2-Day Shipping,Yes,Yes,46,Venmo,Every 3 Months,0,1,4,57.5,42.5,Moderate Dependency,2208,Gold,Satisfied,1,57.5,22.9,1,0
1095,25,Male,Jewelry,Accessories,40,Connecticut,M,Black,Winter,4.8,No,Next Day Air,Yes,Yes,25,Cash,Quarterly,0,1,4,31.7,68.3,High Dependency,1000,Silver,Satisfied,1,31.7,0.0,0,0
1096,19,Male,Coat,Outerwear,34,Tennessee,S,Peach,Summer,3.0,No,Free Shipping,Yes,Yes,30,Bank Transfer,Quarterly,0,1,4,37.9,62.1,Moderate Dependency,1020,Silver,Dissatisfied,0,37.9,0.0,0,0
1097,57,Male,Coat,Outerwear,46,New Hampshire,S,Beige,Fall,2.6,No,Standard,Yes,Yes,48,Credit Card,Annually,0,1,1,57.6,42.4,Moderate Dependency,2208,Gold,Dissatisfied,0,57.6,23.0,1,0
1098,58,Male,Sunglasses,Accessories,27,Vermont,M,Black,Summer,3.2,No,Store Pickup,Yes,Yes,47,Bank Transfer,Weekly,0,1,52,96.3,3.7,Low Dependency,1269,Silver,Dissatisfied,0,96.3,23.5,1,0
1099,49,Male,Handbag,Accessories,98,Idaho,S,Turquoise,Spring,3.6,No,Next Day Air,Yes,Yes,27,Credit Card,Weekly,0,1,52,71.8,28.2,Low Dependency,2646,Platinum,Neutral,0,71.8,39.0,1,1
1100,19,Male,Sweater,Clothing,73,North Carolina,M,Peach,Fall,2.6,No,Next Day Air,Yes,Yes,45,Bank Transfer,Fortnightly,0,1,26,73.5,26.5,Low Dependency,3285,Platinum,Dissatisfied,0,73.5,52.8,1,1
1101,50,Male,Pants,Clothing,28,Nevada,L,Gold,Spring,4.4,No,Express,Yes,Yes,2,Credit Card,Weekly,0,1,52,41.2,58.8,Moderate Dependency,56,Bronze,Satisfied,1,41.2,0.0,0,0
1102,30,Male,Gloves,Accessories,76,Delaware,XL,Silver,Fall,3.0,No,Free Shipping,Yes,Yes,39,Cash,Fortnightly,0,1,26,66.1,33.9,Moderate Dependency,2964,Platinum,Dissatisfied,0,66.1,42.6,1,1
1103,52,Male,Sweater,Clothing,83,Texas,M,Peach,Fall,2.9,No,Express,Yes,Yes,24,Cash,Fortnightly,0,1,26,47.8,52.2,Moderate Dependency,1992,Gold,Dissatisfied,0,47.8,13.6,0,0
1104,35,Male,Hoodie,Clothing,23,Tennessee,S,Charcoal,Spring,4.3,No,Free Shipping,Yes,Yes,8,Debit Card,Bi-Weekly,0,1,26,28.2,71.8,High Dependency,184,Bronze,Satisfied,1,28.2,0.0,0,0
1105,35,Male,Hat,Accessories,28,Delaware,M,Beige,Fall,3.1,No,Express,Yes,Yes,8,Bank Transfer,Quarterly,0,1,4,10.9,89.1,High Dependency,224,Bronze,Dissatisfied,0,10.9,0.0,0,0
1106,33,Male,T-shirt,Clothing,83,Massachusetts,S,Olive,Spring,3.0,No,Next Day Air,Yes,Yes,6,Venmo,Every 3 Months,0,1,4,8.5,91.5,High Dependency,498,Bronze,Dissatisfied,0,8.5,0.0,0,0
1107,52,Male,Skirt,Clothing,96,Minnesota,L,Violet,Winter,3.6,No,Store Pickup,Yes,Yes,12,Venmo,Fortnightly,0,1,26,33.1,66.9,High Dependency,1152,Silver,Neutral,0,33.1,0.0,0,0
1108,69,Male,Sneakers,Footwear,62,Texas,M,Peach,Fall,2.8,No,Store Pickup,Yes,Yes,26,Bank Transfer,Weekly,0,1,52,70.6,29.4,Low Dependency,1612,Gold,Dissatisfied,0,70.6,17.4,1,0
1109,27,Male,Shorts,Clothing,25,Nebraska,M,Teal,Fall,2.8,No,Standard,Yes,Yes,50,Cash,Fortnightly,0,1,26,79.6,20.4,Low Dependency,1250,Silver,Dissatisfied,0,79.6,14.6,1,0
1110,66,Male,Hoodie,Clothing,97,Oklahoma,L,Violet,Winter,3.8,No,Next Day Air,Yes,Yes,2,Venmo,Weekly,1,1,52,41.2,58.8,Moderate Dependency,194,Bronze,Neutral,0,41.2,0.0,0,0
1111,28,Male,Hoodie,Clothing,61,Texas,L,Cyan,Fall,3.0,No,Standard,Yes,Yes,31,Cash,Bi-Weekly,0,1,26,56.3,43.7,Moderate Dependency,1891,Gold,Dissatisfied,0,56.3,15.9,1,0
1112,22,Male,Shoes,Footwear,66,New York,S,Olive,Summer,4.1,No,Next Day Air,Yes,Yes,4,Credit Card,Bi-Weekly,0,1,26,23.3,76.7,High Dependency,264,Bronze,Satisfied,1,23.3,0.0,0,0
1113,69,Male,Hoodie,Clothing,67,Washington,XL,Pink,Spring,4.6,No,Free Shipping,Yes,Yes,32,PayPal,Quarterly,0,1,4,40.3,59.7,Moderate Dependency,2144,Gold,Satisfied,1,40.3,12.9,0,0
1114,28,Male,Sunglasses,Accessories,80,Maryland,M,Purple,Summer,4.8,No,Next Day Air,Yes,Yes,11,PayPal,Bi-Weekly,0,1,26,31.9,68.1,High Dependency,880,Silver,Satisfied,1,31.9,0.0,0,0
1115,55,Male,Skirt,Clothing,25,New Hampshire,L,Violet,Fall,2.6,No,Next Day Air,Yes,Yes,47,Bank Transfer,Every 3 Months,0,1,4,58.7,41.3,Moderate Dependency,1175,Silver,Dissatisfied,0,58.7,2.6,1,0
1116,30,Male,Hat,Accessories,58,New York,S,Peach,Fall,4.0,No,2-Day Shipping,Yes,Yes,37,Cash,Weekly,0,1,52,84.1,15.9,Low Dependency,2146,Gold,Neutral,0,84.1,35.1,1,1
1117,67,Male,Backpack,Accessories,96,Hawaii,M,Charcoal,Winter,4.2,No,Express,Yes,Yes,39,PayPal,Fortnightly,0,1,26,66.1,33.9,Moderate Dependency,3744,Platinum,Satisfied,1,66.1,58.4,1,1
1118,25,Male,Sunglasses,Accessories,77,California,L,Lavender,Spring,4.5,No,Store Pickup,Yes,Yes,24,Credit Card,Monthly,0,1,12,36.8,63.2,Moderate Dependency,1848,Gold,Satisfied,1,36.8,5.1,0,0
1119,49,Male,Belt,Accessories,65,Indiana,M,Purple,Summer,4.9,No,Standard,Yes,Yes,11,PayPal,Every 3 Months,0,1,4,14.6,85.4,High Dependency,715,Silver,Satisfied,1,14.6,0.0,0,0
1120,34,Male,Jewelry,Accessories,36,Louisiana,M,Indigo,Spring,3.1,No,Standard,Yes,Yes,36,Credit Card,Weekly,0,1,52,82.9,17.1,Low Dependency,1296,Gold,Dissatisfied,0,82.9,17.2,1,0
1121,22,Male,Sneakers,Footwear,84,Pennsylvania,M,Magenta,Winter,4.0,No,Next Day Air,Yes,Yes,40,Debit Card,Monthly,0,1,12,56.4,43.6,Moderate Dependency,3360,Platinum,Neutral,0,56.4,45.7,1,1
1122,63,Male,T-shirt,Clothing,58,Florida,XL,Peach,Fall,3.2,No,Express,Yes,Yes,25,Cash,Quarterly,0,1,4,31.7,68.3,High Dependency,1450,Gold,Dissatisfied,0,31.7,0.0,0,0
1123,70,Male,Handbag,Accessories,62,North Carolina,S,Charcoal,Spring,4.3,No,2-Day Shipping,Yes,Yes,12,Credit Card,Annually,0,1,1,13.5,86.5,High Dependency,744,Silver,Satisfied,1,13.5,0.0,0,0
1124,36,Male,Hat,Accessories,67,Massachusetts,S,Purple,Fall,2.5,No,Store Pickup,Yes,Yes,38,Cash,Monthly,0,1,12,53.9,46.1,Moderate Dependency,2546,Platinum,Dissatisfied,0,53.9,27.9,0,0
1125,42,Male,Sweater,Clothing,20,Iowa,M,Orange,Spring,3.8,No,Express,Yes,Yes,40,Cash,Quarterly,1,1,4,50.1,49.9,Moderate Dependency,800,Silver,Neutral,0,50.1,0.0,0,0
1126,27,Male,Sandals,Footwear,90,North Dakota,M,Lavender,Summer,2.7,No,2-Day Shipping,Yes,Yes,10,Bank Transfer,Weekly,0,1,52,51.0,49.0,Moderate Dependency,900,Silver,Dissatisfied,0,51.0,0.0,0,0
1127,23,Male,Scarf,Accessories,58,Iowa,L,Beige,Winter,3.4,No,Standard,Yes,Yes,47,Venmo,Fortnightly,0,1,26,75.9,24.1,Low Dependency,2726,Platinum,Neutral,0,75.9,42.7,1,1
1128,50,Male,Shirt,Clothing,53,Delaware,XL,Maroon,Spring,4.8,No,Store Pickup,Yes,Yes,22,Debit Card,Monthly,0,1,12,34.3,65.7,Moderate Dependency,1166,Silver,Satisfied,1,34.3,0.0,0,0
1129,56,Male,Gloves,Accessories,30,New York,L,Charcoal,Winter,4.7,No,Next Day Air,Yes,Yes,35,Debit Card,Monthly,0,1,12,50.3,49.7,Moderate Dependency,1050,Silver,Satisfied,1,50.3,0.0,0,0
1130,37,Male,Hoodie,Clothing,65,New Hampshire,XL,White,Winter,4.7,No,Express,Yes,Yes,46,Venmo,Fortnightly,0,1,26,74.7,25.3,Low Dependency,2990,Platinum,Satisfied,1,74.7,47.5,1,1
1131,67,Male,Jewelry,Accessories,41,Kentucky,M,Lavender,Summer,3.9,No,Standard,Yes,Yes,30,PayPal,Bi-Weekly,0,1,26,55.1,44.9,Moderate Dependency,1230,Silver,Neutral,0,55.1,1.9,1,0
1132,67,Male,Shirt,Clothing,73,Illinois,M,Black,Spring,3.7,No,Express,Yes,Yes,20,Bank Transfer,Monthly,0,1,12,31.9,68.1,High Dependency,1460,Gold,Neutral,0,31.9,0.0,0,0
1133,50,Male,Hoodie,Clothing,98,North Carolina,S,Teal,Spring,4.3,No,Store Pickup,Yes,Yes,25,Cash,Fortnightly,0,1,26,49.0,51.0,Moderate Dependency,2450,Platinum,Satisfied,1,49.0,23.5,0,0
1134,36,Male,Shoes,Footwear,36,Connecticut,XL,Magenta,Winter,4.1,No,2-Day Shipping,Yes,Yes,29,Cash,Weekly,0,1,52,74.3,25.7,Low Dependency,1044,Silver,Satisfied,1,74.3,7.8,1,0
1135,62,Male,T-shirt,Clothing,81,Wisconsin,M,Brown,Summer,3.8,No,Express,Yes,Yes,2,Venmo,Every 3 Months,1,1,4,3.6,96.4,High Dependency,162,Bronze,Neutral,0,3.6,0.0,0,0
1136,65,Male,Skirt,Clothing,90,Massachusetts,L,Peach,Winter,3.6,No,2-Day Shipping,Yes,Yes,32,Bank Transfer,Quarterly,0,1,4,40.3,59.7,Moderate Dependency,2880,Platinum,Neutral,0,40.3,27.9,0,0
1137,23,Male,Handbag,Accessories,83,Illinois,S,Cyan,Summer,4.8,No,Free Shipping,Yes,Yes,37,Cash,Monthly,0,1,12,52.7,47.3,Moderate Dependency,3071,Platinum,Satisfied,1,52.7,38.0,0,1
1138,46,Male,Shirt,Clothing,91,New Mexico,XL,Pink,Winter,2.8,No,2-Day Shipping,Yes,Yes,16,Bank Transfer,Every 3 Months,0,1,4,20.7,79.3,High Dependency,1456,Gold,Dissatisfied,0,20.7,0.0,0,0
1139,18,Male,Pants,Clothing,36,Iowa,M,Purple,Summer,4.7,No,Express,Yes,Yes,32,Venmo,Fortnightly,0,1,26,57.6,42.4,Moderate Dependency,1152,Silver,Satisfied,1,57.6,1.5,1,0
1140,58,Male,Coat,Outerwear,53,Alabama,L,Purple,Spring,3.9,No,Standard,Yes,Yes,42,Debit Card,Bi-Weekly,0,1,26,69.8,30.2,Low Dependency,2226,Platinum,Neutral,0,69.8,29.5,1,0
1141,31,Male,Jeans,Clothing,39,Maryland,M,White,Winter,2.6,No,Store Pickup,Yes,Yes,6,Credit Card,Every 3 Months,0,1,4,8.5,91.5,High Dependency,234,Bronze,Dissatisfied,0,8.5,0.0,0,0
1142,39,Male,Gloves,Accessories,33,Ohio,S,Silver,Winter,4.7,No,Next Day Air,Yes,Yes,23,PayPal,Fortnightly,0,1,26,46.5,53.5,Moderate Dependency,759,Silver,Satisfied,1,46.5,0.0,0,0
1143,69,Male,T-shirt,Clothing,76,Ohio,L,Green,Spring,3.5,No,Store Pickup,Yes,Yes,27,Venmo,Bi-Weekly,0,1,26,51.4,48.6,Moderate Dependency,2052,Gold,Neutral,0,51.4,16.7,0,0
1144,68,Male,Boots,Footwear,23,Nevada,L,Teal,Winter,4.4,No,Standard,Yes,Yes,43,PayPal,Quarterly,0,1,4,53.8,46.2,Moderate Dependency,989,Silver,Satisfied,1,53.8,0.0,0,0
1145,41,Male,Jeans,Clothing,54,South Carolina,S,Indigo,Fall,4.4,No,2-Day Shipping,Yes,Yes,25,Bank Transfer,Fortnightly,0,1,26,49.0,51.0,Moderate Dependency,1350,Gold,Satisfied,1,49.0,1.2,0,0
1146,31,Male,Sneakers,Footwear,89,Nevada,L,Pink,Summer,3.0,No,Express,Yes,Yes,30,Cash,Every 3 Months,0,1,4,37.9,62.1,Moderate Dependency,2670,Platinum,Dissatisfied,0,37.9,22.4,0,0
1147,48,Male,Sneakers,Footwear,38,Wisconsin,M,Indigo,Summer,4.2,No,Standard,Yes,Yes,7,Bank Transfer,Every 3 Months,0,1,4,9.7,90.3,High Dependency,266,Bronze,Satisfied,1,9.7,0.0,0,0
1148,59,Male,Hat,Accessories,36,Tennessee,XL,Red,Winter,4.3,No,Next Day Air,Yes,Yes,17,Debit Card,Annually,0,1,1,19.6,80.4,High Dependency,612,Bronze,Satisfied,1,19.6,0.0,0,0
1149,34,Male,Pants,Clothing,66,Florida,M,Violet,Spring,2.6,No,Store Pickup,Yes,Yes,10,PayPal,Fortnightly,0,1,26,30.6,69.4,High Dependency,660,Silver,Dissatisfied,0,30.6,0.0,0,0
1150,21,Male,Jewelry,Accessories,42,Georgia,L,Cyan,Spring,3.3,No,Store Pickup,Yes,Yes,40,Venmo,Annually,0,1,1,47.8,52.2,Moderate Dependency,1680,Gold,Neutral,0,47.8,7.3,0,0
1151,29,Male,Jewelry,Accessories,36,Kentucky,S,Red,Winter,2.7,No,Next Day Air,Yes,Yes,50,Venmo,Bi-Weekly,0,1,26,79.6,20.4,Low Dependency,1800,Gold,Dissatisfied,0,79.6,25.8,1,0
1152,41,Male,Blouse,Clothing,86,Ohio,M,Gray,Spring,3.8,No,Express,Yes,Yes,24,Credit Card,Weekly,1,1,52,68.2,31.8,Low Dependency,2064,Gold,Neutral,0,68.2,25.4,1,0
1153,62,Male,Handbag,Accessories,49,Connecticut,M,Gold,Fall,4.0,No,Standard,Yes,Yes,8,PayPal,Every 3 Months,0,1,4,10.9,89.1,High Dependency,392,Bronze,Neutral,0,10.9,0.0,0,0
1154,27,Male,Shirt,Clothing,41,Idaho,M,Pink,Summer,4.0,No,Free Shipping,Yes,Yes,6,Bank Transfer,Quarterly,0,1,4,8.5,91.5,High Dependency,246,Bronze,Neutral,0,8.5,0.0,0,0
1155,49,Male,Dress,Clothing,82,Georgia,L,Cyan,Spring,2.9,No,2-Day Shipping,Yes,Yes,44,Credit Card,Bi-Weekly,0,1,26,72.3,27.7,Low Dependency,3608,Platinum,Dissatisfied,0,72.3,58.8,1,1
1156,67,Male,T-shirt,Clothing,53,Tennessee,S,Red,Fall,2.6,No,Express,Yes,Yes,47,PayPal,Quarterly,0,1,4,58.7,41.3,Moderate Dependency,2491,Platinum,Dissatisfied,0,58.7,29.3,1,0
1157,20,Male,Shoes,Footwear,21,Hawaii,M,Gold,Summer,4.8,No,Express,Yes,Yes,6,Venmo,Every 3 Months,0,1,4,8.5,91.5,High Dependency,126,Bronze,Satisfied,1,8.5,0.0,0,0
1158,37,Male,Belt,Accessories,66,Maryland,M,Charcoal,Fall,4.4,No,Standard,Yes,Yes,11,Cash,Quarterly,0,1,4,14.6,85.4,High Dependency,726,Silver,Satisfied,1,14.6,0.0,0,0
1159,69,Male,Belt,Accessories,89,Nevada,L,Orange,Summer,4.0,No,2-Day Shipping,Yes,Yes,41,Bank Transfer,Annually,0,1,1,49.0,51.0,Moderate Dependency,3649,Platinum,Neutral,0,49.0,47.8,0,1
1160,66,Male,Handbag,Accessories,55,New Hampshire,L,Blue,Fall,3.6,No,2-Day Shipping,Yes,Yes,46,Venmo,Every 3 Months,0,1,4,57.5,42.5,Moderate Dependency,2530,Platinum,Neutral,0,57.5,29.4,1,0
1161,37,Male,Scarf,Accessories,42,North Dakota,S,Blue,Summer,3.2,No,Next Day Air,Yes,Yes,9,Venmo,Bi-Weekly,0,1,26,29.4,70.6,High Dependency,378,Bronze,Dissatisfied,0,29.4,0.0,0,0
1162,63,Male,Shorts,Clothing,52,Oklahoma,S,Orange,Fall,3.1,No,2-Day Shipping,Yes,Yes,37,PayPal,Monthly,0,1,12,52.7,47.3,Moderate Dependency,1924,Gold,Dissatisfied,0,52.7,14.7,0,0
1163,47,Male,Sandals,Footwear,92,North Carolina,M,Blue,Winter,4.2,No,Express,Yes,Yes,13,PayPal,Weekly,0,1,52,54.7,45.3,Moderate Dependency,1196,Silver,Satisfied,1,54.7,1.0,0,0
1164,26,Male,Pants,Clothing,56,Tennessee,L,White,Summer,3.0,No,2-Day Shipping,Yes,Yes,24,Debit Card,Monthly,0,1,12,36.8,63.2,Moderate Dependency,1344,Gold,Dissatisfied,0,36.8,0.0,0,0
1165,68,Male,Dress,Clothing,96,Montana,M,Green,Winter,4.2,No,Standard,Yes,Yes,47,PayPal,Quarterly,0,1,4,58.7,41.3,Moderate Dependency,4512,Platinum,Satisfied,1,58.7,70.3,1,1
1166,51,Male,T-shirt,Clothing,64,Wisconsin,M,Silver,Winter,2.9,No,Next Day Air,Yes,Yes,21,Venmo,Every 3 Months,0,1,4,26.8,73.2,High Dependency,1344,Gold,Dissatisfied,0,26.8,0.0,0,0
1167,48,Male,Dress,Clothing,48,Connecticut,S,Lavender,Winter,3.7,No,Store Pickup,Yes,Yes,22,Venmo,Fortnightly,0,1,26,45.3,54.7,Moderate Dependency,1056,Silver,Neutral,0,45.3,0.0,0,0
1168,60,Male,Socks,Clothing,83,New Jersey,XL,Beige,Summer,3.6,No,Free Shipping,Yes,Yes,16,PayPal,Quarterly,0,1,4,20.7,79.3,High Dependency,1328,Gold,Neutral,0,20.7,0.0,0,0
1169,68,Male,Scarf,Accessories,91,Mississippi,L,Violet,Summer,3.6,No,Standard,Yes,Yes,37,Debit Card,Fortnightly,0,1,26,63.7,36.3,Moderate Dependency,3367,Platinum,Neutral,0,63.7,49.5,1,1
1170,25,Male,Backpack,Accessories,94,Wyoming,S,Gray,Fall,4.5,No,2-Day Shipping,Yes,Yes,3,Cash,Annually,0,1,1,2.4,97.6,High Dependency,282,Bronze,Satisfied,1,2.4,0.0,0,0
1171,57,Male,Skirt,Clothing,62,Illinois,S,Red,Spring,3.2,No,Express,Yes,Yes,33,Cash,Bi-Weekly,0,1,26,58.8,41.2,Moderate Dependency,2046,Gold,Dissatisfied,0,58.8,20.3,1,0
1172,41,Male,Socks,Clothing,55,Louisiana,M,Lavender,Spring,3.9,No,Next Day Air,Yes,Yes,15,Debit Card,Annually,0,1,1,17.1,82.9,High Dependency,825,Silver,Neutral,0,17.1,0.0,0,0
1173,59,Male,Coat,Outerwear,68,Oregon,L,Peach,Spring,4.6,No,Store Pickup,Yes,Yes,42,Bank Transfer,Bi-Weekly,0,1,26,69.8,30.2,Low Dependency,2856,Platinum,Satisfied,1,69.8,42.3,1,1
1174,44,Male,Jewelry,Accessories,76,South Dakota,M,Indigo,Winter,2.5,No,Express,Yes,Yes,42,Cash,Bi-Weekly,0,1,26,69.8,30.2,Low Dependency,3192,Platinum,Dissatisfied,0,69.8,49.1,1,1
1175,42,Male,Backpack,Accessories,31,Michigan,M,Black,Winter,4.3,No,Express,Yes,Yes,19,Bank Transfer,Bi-Weekly,0,1,26,41.6,58.4,Moderate Dependency,589,Bronze,Satisfied,1,41.6,0.0,0,0
1176,35,Male,Belt,Accessories,81,New Jersey,M,Beige,Spring,4.1,No,Store Pickup,Yes,Yes,26,PayPal,Quarterly,0,1,4,33.0,67.0,High Dependency,2106,Gold,Satisfied,1,33.0,8.5,0,0
1177,36,Male,Dress,Clothing,83,Oregon,M,Red,Winter,3.8,No,Free Shipping,Yes,Yes,39,PayPal,Quarterly,1,1,4,48.9,51.1,Moderate Dependency,3237,Platinum,Neutral,0,48.9,39.4,0,1
1178,54,Male,Skirt,Clothing,21,Iowa,M,Black,Spring,4.8,No,Standard,Yes,Yes,24,Debit Card,Monthly,0,1,12,36.8,63.2,Moderate Dependency,504,Bronze,Satisfied,1,36.8,0.0,0,0
1179,37,Male,Dress,Clothing,22,South Carolina,M,Teal,Spring,4.9,No,Express,Yes,Yes,23,Debit Card,Annually,0,1,1,26.9,73.1,High Dependency,506,Bronze,Satisfied,1,26.9,0.0,0,0
1180,20,Male,T-shirt,Clothing,33,Indiana,M,Blue,Summer,2.8,No,Free Shipping,Yes,Yes,44,Bank Transfer,Annually,0,1,1,52.7,47.3,Moderate Dependency,1452,Gold,Dissatisfied,0,52.7,5.1,0,0
1181,23,Male,Skirt,Clothing,23,Oregon,S,Beige,Spring,4.9,No,Standard,Yes,Yes,34,Cash,Monthly,0,1,12,49.0,51.0,Moderate Dependency,782,Silver,Satisfied,1,49.0,0.0,0,0
1182,61,Male,Shorts,Clothing,96,New York,L,Teal,Summer,3.5,No,Free Shipping,Yes,Yes,43,Bank Transfer,Quarterly,0,1,4,53.8,46.2,Moderate Dependency,4128,Platinum,Neutral,0,53.8,60.0,0,1
1183,37,Male,Jewelry,Accessories,21,New Mexico,M,Maroon,Spring,3.8,No,Express,Yes,Yes,45,PayPal,Quarterly,0,1,4,56.2,43.8,Moderate Dependency,945,Silver,Neutral,0,56.2,0.0,1,0
1184,23,Male,Pants,Clothing,39,Louisiana,M,Yellow,Spring,4.5,No,2-Day Shipping,Yes,Yes,4,Credit Card,Weekly,0,1,52,43.7,56.3,Moderate Dependency,156,Bronze,Satisfied,1,43.7,0.0,0,0
1185,63,Male,Belt,Accessories,73,South Carolina,S,Indigo,Fall,3.4,No,Express,Yes,Yes,19,Credit Card,Annually,0,1,1,22.0,78.0,High Dependency,1387,Gold,Neutral,0,22.0,0.0,0,0
1186,47,Male,Jeans,Clothing,64,Maine,M,Magenta,Spring,3.9,No,Standard,Yes,Yes,29,Credit Card,Monthly,0,1,12,42.9,57.1,Moderate Dependency,1856,Gold,Neutral,0,42.9,8.4,0,0
1187,63,Male,Jeans,Clothing,68,Indiana,M,Beige,Summer,4.1,No,2-Day Shipping,Yes,Yes,27,Credit Card,Annually,0,1,1,31.8,68.2,High Dependency,1836,Gold,Satisfied,1,31.8,2.4,0,0
1188,56,Male,Hat,Accessories,89,Iowa,L,Maroon,Fall,3.0,No,Express,Yes,Yes,37,Credit Card,Every 3 Months,0,1,4,46.4,53.6,Moderate Dependency,3293,Platinum,Dissatisfied,0,46.4,39.3,0,1
1189,68,Male,Blouse,Clothing,29,Mississippi,M,Magenta,Summer,3.3,No,Next Day Air,Yes,Yes,11,Credit Card,Weekly,0,1,52,52.2,47.8,Moderate Dependency,319,Bronze,Neutral,0,52.2,0.0,0,0
1190,64,Male,Shirt,Clothing,97,Arkansas,XL,Teal,Summer,3.8,No,Free Shipping,Yes,Yes,28,Debit Card,Annually,1,1,1,33.1,66.9,High Dependency,2716,Platinum,Neutral,0,33.1,20.9,0,0
1191,62,Male,Shirt,Clothing,45,South Carolina,M,Orange,Winter,4.3,No,Next Day Air,Yes,Yes,31,Credit Card,Weekly,0,1,52,76.7,23.3,Low Dependency,1395,Gold,Satisfied,1,76.7,16.1,1,0
1192,34,Male,T-shirt,Clothing,70,Indiana,L,Charcoal,Winter,4.1,No,Free Shipping,Yes,Yes,50,Venmo,Quarterly,0,1,4,62.4,37.6,Moderate Dependency,3500,Platinum,Satisfied,1,62.4,51.6,1,1
1193,49,Male,Coat,Outerwear,56,Florida,M,Turquoise,Summer,4.0,No,2-Day Shipping,Yes,Yes,42,Venmo,Quarterly,0,1,4,52.6,47.4,Moderate Dependency,2352,Platinum,Neutral,0,52.6,23.4,0,0
1194,40,Male,Jacket,Outerwear,55,Alaska,L,Pink,Fall,5.0,No,2-Day Shipping,Yes,Yes,18,Credit Card,Fortnightly,0,1,26,40.4,59.6,Moderate Dependency,990,Silver,Satisfied,1,40.4,0.0,0,0
1195,50,Male,Hoodie,Clothing,46,New York,S,Teal,Winter,3.1,No,2-Day Shipping,Yes,Yes,6,Credit Card,Fortnightly,0,1,26,25.7,74.3,High Dependency,276,Bronze,Dissatisfied,0,25.7,0.0,0,0
1196,25,Male,Scarf,Accessories,95,Texas,M,White,Winter,4.0,No,2-Day Shipping,Yes,Yes,33,Venmo,Monthly,0,1,12,47.8,52.2,Moderate Dependency,3135,Platinum,Neutral,0,47.8,36.8,0,1
1197,30,Male,Belt,Accessories,88,North Dakota,M,Maroon,Winter,3.2,No,2-Day Shipping,Yes,Yes,13,Bank Transfer,Bi-Weekly,0,1,26,34.3,65.7,Moderate Dependency,1144,Silver,Dissatisfied,0,34.3,0.0,0,0
1198,54,Male,Sneakers,Footwear,92,Vermont,L,Violet,Fall,3.9,No,Standard,Yes,Yes,26,PayPal,Annually,0,1,1,30.6,69.4,High Dependency,2392,Platinum,Neutral,0,30.6,13.1,0,0
1199,40,Male,Socks,Clothing,49,New Jersey,M,Brown,Summer,3.9,No,2-Day Shipping,Yes,Yes,17,Cash,Annually,0,1,1,19.6,80.4,High Dependency,833,Silver,Neutral,0,19.6,0.0,0,0
1200,49,Male,Sandals,Footwear,89,Maryland,M,Indigo,Fall,4.5,No,Free Shipping,Yes,Yes,3,Debit Card,Weekly,0,1,52,42.4,57.6,Moderate Dependency,267,Bronze,Satisfied,1,42.4,0.0,0,0
1201,27,Male,Coat,Outerwear,22,Connecticut,XL,Black,Winter,4.4,No,Store Pickup,Yes,Yes,7,PayPal,Weekly,0,1,52,47.3,52.7,Moderate Dependency,154,Bronze,Satisfied,1,47.3,0.0,0,0
1202,27,Male,Shoes,Footwear,61,Illinois,XL,Black,Summer,3.1,No,2-Day Shipping,Yes,Yes,46,Venmo,Fortnightly,0,1,26,74.7,25.3,Low Dependency,2806,Platinum,Dissatisfied,0,74.7,43.7,1,1
1203,48,Male,Scarf,Accessories,29,Maryland,S,Olive,Spring,2.9,No,Standard,Yes,Yes,14,Venmo,Every 3 Months,0,1,4,18.3,81.7,High Dependency,406,Bronze,Dissatisfied,0,18.3,0.0,0,0
1204,40,Male,Sneakers,Footwear,82,Minnesota,M,Orange,Winter,3.7,No,Free Shipping,Yes,Yes,23,Bank Transfer,Annually,0,1,1,26.9,73.1,High Dependency,1886,Gold,Neutral,0,26.9,0.9,0,0
1205,67,Male,Belt,Accessories,94,Florida,M,Pink,Spring,3.2,No,2-Day Shipping,Yes,Yes,20,Credit Card,Every 3 Months,0,1,4,25.6,74.4,High Dependency,1880,Gold,Dissatisfied,0,25.6,0.1,0,0
1206,52,Male,Handbag,Accessories,99,California,M,Olive,Spring,3.5,No,Standard,Yes,Yes,38,Bank Transfer,Fortnightly,0,1,26,64.9,35.1,Moderate Dependency,3762,Platinum,Neutral,0,64.9,58.2,1,1
1207,22,Male,Handbag,Accessories,59,Mississippi,S,Cyan,Fall,3.0,No,Free Shipping,Yes,Yes,16,Venmo,Every 3 Months,0,1,4,20.7,79.3,High Dependency,944,Silver,Dissatisfied,0,20.7,0.0,0,0
1208,62,Male,Boots,Footwear,90,Washington,M,White,Summer,4.1,No,Next Day Air,Yes,Yes,48,Credit Card,Every 3 Months,0,1,4,59.9,40.1,Moderate Dependency,4320,Platinum,Satisfied,1,59.9,67.0,1,1
1209,20,Male,Boots,Footwear,100,Wisconsin,S,Red,Winter,3.8,No,2-Day Shipping,Yes,Yes,8,Debit Card,Annually,1,1,1,8.6,91.4,High Dependency,800,Silver,Neutral,0,8.6,0.0,0,0
1210,41,Male,Pants,Clothing,62,Pennsylvania,M,Blue,Winter,3.8,No,Next Day Air,Yes,Yes,16,Bank Transfer,Monthly,0,1,12,27.0,73.0,High Dependency,992,Silver,Neutral,0,27.0,0.0,0,0
1211,34,Male,Sunglasses,Accessories,78,Missouri,M,Olive,Fall,4.1,No,Next Day Air,Yes,Yes,5,Cash,Quarterly,0,1,4,7.3,92.7,High Dependency,390,Bronze,Satisfied,1,7.3,0.0,0,0
1212,23,Male,Hoodie,Clothing,94,Oklahoma,M,Green,Spring,4.6,No,Store Pickup,Yes,Yes,14,Venmo,Every 3 Months,0,1,4,18.3,81.7,High Dependency,1316,Gold,Satisfied,1,18.3,0.0,0,0
1213,32,Male,Shoes,Footwear,74,Pennsylvania,M,Yellow,Summer,2.5,No,Free Shipping,Yes,Yes,18,Credit Card,Weekly,0,1,52,60.8,39.2,Moderate Dependency,1332,Gold,Dissatisfied,0,60.8,6.8,1,0
1214,68,Male,Handbag,Accessories,52,Kentucky,XL,Black,Spring,3.7,No,Express,Yes,Yes,14,Debit Card,Every 3 Months,0,1,4,18.3,81.7,High Dependency,728,Silver,Neutral,0,18.3,0.0,0,0
1215,30,Male,Jacket,Outerwear,81,Vermont,M,Blue,Fall,3.8,No,Free Shipping,Yes,Yes,5,Cash,Every 3 Months,0,1,4,7.3,92.7,High Dependency,405,Bronze,Neutral,0,7.3,0.0,0,0
1216,66,Male,Blouse,Clothing,20,Oregon,L,Pink,Winter,2.6,No,2-Day Shipping,Yes,Yes,15,Credit Card,Every 3 Months,0,1,4,19.5,80.5,High Dependency,300,Bronze,Dissatisfied,0,19.5,0.0,0,0
1217,62,Male,Pants,Clothing,32,Utah,XL,Lavender,Summer,3.7,No,Free Shipping,Yes,Yes,3,Venmo,Every 3 Months,0,1,4,4.8,95.2,High Dependency,96,Bronze,Neutral,0,4.8,0.0,0,0
1218,50,Male,Boots,Footwear,63,Nebraska,XL,Cyan,Fall,2.6,No,Free Shipping,Yes,Yes,12,Cash,Every 3 Months,0,1,4,15.8,84.2,High Dependency,756,Silver,Dissatisfied,0,15.8,0.0,0,0
1219,55,Male,Boots,Footwear,79,Pennsylvania,M,Cyan,Spring,3.1,No,Store Pickup,Yes,Yes,43,Cash,Every 3 Months,0,1,4,53.8,46.2,Moderate Dependency,3397,Platinum,Dissatisfied,0,53.8,45.2,0,1
1220,19,Male,Sweater,Clothing,23,Vermont,M,Gold,Winter,2.5,No,Next Day Air,Yes,Yes,35,Credit Card,Bi-Weekly,0,1,26,61.2,38.8,Moderate Dependency,805,Silver,Dissatisfied,0,61.2,0.0,1,0
1221,67,Male,Gloves,Accessories,64,Kentucky,M,Green,Winter,3.8,No,Express,Yes,Yes,36,Bank Transfer,Quarterly,1,1,4,45.2,54.8,Moderate Dependency,2304,Platinum,Neutral,0,45.2,18.6,0,0
1222,18,Male,Socks,Clothing,69,Iowa,M,Red,Winter,4.5,No,Standard,Yes,Yes,3,Cash,Quarterly,0,1,4,4.8,95.2,High Dependency,207,Bronze,Satisfied,1,4.8,0.0,0,0
1223,58,Male,Jeans,Clothing,69,Indiana,L,Magenta,Fall,3.4,No,Store Pickup,Yes,Yes,27,Bank Transfer,Annually,0,1,1,31.8,68.2,High Dependency,1863,Gold,Neutral,0,31.8,2.9,0,0
1224,69,Male,Pants,Clothing,24,Kansas,L,Red,Winter,3.9,No,Free Shipping,Yes,Yes,21,Bank Transfer,Weekly,0,1,52,64.5,35.5,Moderate Dependency,504,Bronze,Neutral,0,64.5,0.0,1,0
1225,62,Male,Shorts,Clothing,50,Illinois,M,Yellow,Summer,3.7,No,Store Pickup,Yes,Yes,18,Venmo,Weekly,0,1,52,60.8,39.2,Moderate Dependency,900,Silver,Neutral,0,60.8,0.0,1,0
1226,28,Male,Gloves,Accessories,97,North Carolina,S,Turquoise,Fall,2.6,No,Free Shipping,Yes,Yes,16,Debit Card,Weekly,0,1,52,58.4,41.6,Moderate Dependency,1552,Gold,Dissatisfied,0,58.4,10.1,1,0
1227,53,Male,Sandals,Footwear,91,Ohio,S,Cyan,Fall,3.4,No,Store Pickup,Yes,Yes,18,Venmo,Bi-Weekly,0,1,26,40.4,59.6,Moderate Dependency,1638,Gold,Neutral,0,40.4,2.7,0,0
1228,27,Male,Blouse,Clothing,37,Illinois,L,Yellow,Spring,4.9,No,Store Pickup,Yes,Yes,19,Bank Transfer,Bi-Weekly,0,1,26,41.6,58.4,Moderate Dependency,703,Silver,Satisfied,1,41.6,0.0,0,0
1229,55,Male,Jacket,Outerwear,55,Indiana,S,Yellow,Winter,3.9,No,Express,Yes,Yes,1,Cash,Annually,0,1,1,0.0,100.0,High Dependency,55,Bronze,Neutral,0,0.0,0.0,0,0
1230,34,Male,Jewelry,Accessories,52,Kansas,XL,Maroon,Winter,3.6,No,Express,Yes,Yes,39,Bank Transfer,Annually,0,1,1,46.5,53.5,Moderate Dependency,2028,Gold,Neutral,0,46.5,13.7,0,0
1231,25,Male,Hat,Accessories,80,Illinois,L,Brown,Spring,3.8,No,Standard,Yes,Yes,49,Venmo,Monthly,1,1,12,67.4,32.6,Low Dependency,3920,Platinum,Neutral,0,67.4,62.6,1,1
1232,66,Male,Socks,Clothing,79,Pennsylvania,M,Gold,Spring,4.0,No,2-Day Shipping,Yes,Yes,43,Credit Card,Fortnightly,0,1,26,71.0,29.0,Low Dependency,3397,Platinum,Neutral,0,71.0,53.8,1,1
1233,57,Male,Handbag,Accessories,23,New York,M,Charcoal,Summer,3.6,No,Free Shipping,Yes,Yes,31,Debit Card,Every 3 Months,0,1,4,39.1,60.9,Moderate Dependency,713,Silver,Neutral,0,39.1,0.0,0,0
1234,46,Male,Pants,Clothing,73,Utah,L,Beige,Winter,3.5,No,Next Day Air,Yes,Yes,40,Venmo,Every 3 Months,0,1,4,50.1,49.9,Moderate Dependency,2920,Platinum,Neutral,0,50.1,33.6,0,1
1235,38,Male,Gloves,Accessories,99,New Jersey,M,Indigo,Fall,4.1,No,Store Pickup,Yes,Yes,2,Bank Transfer,Bi-Weekly,0,1,26,20.8,79.2,High Dependency,198,Bronze,Satisfied,1,20.8,0.0,0,0
1236,23,Male,Sweater,Clothing,22,Idaho,M,Red,Spring,3.0,No,Store Pickup,Yes,Yes,46,PayPal,Every 3 Months,0,1,4,57.5,42.5,Moderate Dependency,1012,Silver,Dissatisfied,0,57.5,0.0,1,0
1237,42,Male,Hat,Accessories,68,New Mexico,M,White,Summer,4.4,No,Store Pickup,Yes,Yes,35,Debit Card,Every 3 Months,0,1,4,44.0,56.0,Moderate Dependency,2380,Platinum,Satisfied,1,44.0,19.6,0,0
1238,25,Male,Dress,Clothing,92,Michigan,S,Charcoal,Spring,4.4,No,2-Day Shipping,Yes,Yes,42,Credit Card,Quarterly,0,1,4,52.6,47.4,Moderate Dependency,3864,Platinum,Satisfied,1,52.6,54.0,0,1
1239,55,Male,Pants,Clothing,77,Wyoming,M,Violet,Winter,3.7,No,Express,Yes,Yes,3,Venmo,Fortnightly,0,1,26,22.1,77.9,High Dependency,231,Bronze,Neutral,0,22.1,0.0,0,0
1240,62,Male,Coat,Outerwear,37,New Jersey,XL,Magenta,Spring,4.8,No,Standard,Yes,Yes,32,Debit Card,Every 3 Months,0,1,4,40.3,59.7,Moderate Dependency,1184,Silver,Satisfied,1,40.3,0.0,0,0
1241,41,Male,Scarf,Accessories,79,New Jersey,L,White,Winter,2.9,No,Store Pickup,Yes,Yes,48,Debit Card,Annually,0,1,1,57.6,42.4,Moderate Dependency,3792,Platinum,Dissatisfied,0,57.6,55.1,1,1
1242,58,Male,Hoodie,Clothing,51,Hawaii,XL,Pink,Winter,3.1,No,Express,Yes,Yes,34,Credit Card,Weekly,0,1,52,80.4,19.6,Low Dependency,1734,Gold,Dissatisfied,0,80.4,24.9,1,0
1243,56,Male,Socks,Clothing,27,Nevada,M,Lavender,Summer,4.0,No,Next Day Air,Yes,Yes,15,Bank Transfer,Quarterly,0,1,4,19.5,80.5,High Dependency,405,Bronze,Neutral,0,19.5,0.0,0,0
1244,25,Male,Blouse,Clothing,23,New Hampshire,S,Pink,Spring,3.0,No,Store Pickup,Yes,Yes,22,Debit Card,Annually,0,1,1,25.7,74.3,High Dependency,506,Bronze,Dissatisfied,0,25.7,0.0,0,0
1245,70,Male,Socks,Clothing,76,Indiana,S,Silver,Summer,3.9,No,2-Day Shipping,Yes,Yes,2,Cash,Monthly,0,1,12,9.9,90.1,High Dependency,152,Bronze,Neutral,0,9.9,0.0,0,0
1246,42,Male,Dress,Clothing,31,New York,M,Violet,Fall,3.4,No,Standard,Yes,Yes,30,Bank Transfer,Weekly,0,1,52,75.5,24.5,Low Dependency,930,Silver,Neutral,0,75.5,6.1,1,0
1247,27,Male,Hoodie,Clothing,60,Louisiana,M,Charcoal,Winter,2.7,No,Standard,Yes,Yes,27,Cash,Monthly,0,1,12,40.5,59.5,Moderate Dependency,1620,Gold,Dissatisfied,0,40.5,2.4,0,0
1248,65,Male,T-shirt,Clothing,99,Virginia,M,Charcoal,Spring,3.8,No,Express,Yes,Yes,18,Venmo,Bi-Weekly,1,1,26,40.4,59.6,Moderate Dependency,1782,Gold,Neutral,0,40.4,5.6,0,0
1249,62,Male,Hat,Accessories,37,Wisconsin,XL,Red,Winter,3.0,No,Free Shipping,Yes,Yes,8,Credit Card,Annually,0,1,1,8.6,91.4,High Dependency,296,Bronze,Dissatisfied,0,8.6,0.0,0,0
1250,62,Male,Boots,Footwear,50,Oregon,M,Peach,Winter,4.5,No,Express,Yes,Yes,48,Venmo,Fortnightly,0,1,26,77.2,22.8,Low Dependency,2400,Platinum,Satisfied,1,77.2,36.7,1,1
1251,52,Male,Jeans,Clothing,26,New Hampshire,XL,Purple,Winter,4.1,No,Free Shipping,Yes,Yes,24,Cash,Monthly,0,1,12,36.8,63.2,Moderate Dependency,624,Silver,Satisfied,1,36.8,0.0,0,0
1252,56,Male,Shorts,Clothing,86,Indiana,XL,Orange,Spring,5.0,No,Next Day Air,Yes,Yes,43,Credit Card,Monthly,0,1,12,60.1,39.9,Moderate Dependency,3698,Platinum,Satisfied,1,60.1,54.4,1,1
1253,28,Male,Sandals,Footwear,41,Massachusetts,L,Magenta,Fall,4.0,No,Standard,Yes,Yes,8,Cash,Quarterly,0,1,4,10.9,89.1,High Dependency,328,Bronze,Neutral,0,10.9,0.0,0,0
1254,39,Male,Sandals,Footwear,23,Montana,XL,Red,Winter,4.9,No,Express,Yes,Yes,49,PayPal,Annually,0,1,1,58.8,41.2,Moderate Dependency,1127,Silver,Satisfied,1,58.8,1.6,1,0
1255,54,Male,Sneakers,Footwear,56,California,XL,Black,Spring,3.3,No,2-Day Shipping,Yes,Yes,2,Credit Card,Bi-Weekly,0,1,26,20.8,79.2,High Dependency,112,Bronze,Neutral,0,20.8,0.0,0,0
1256,30,Male,Hat,Accessories,68,Indiana,M,Peach,Fall,4.1,No,Standard,Yes,Yes,38,Cash,Fortnightly,0,1,26,64.9,35.1,Moderate Dependency,2584,Platinum,Satisfied,1,64.9,34.3,1,1
1257,45,Male,Coat,Outerwear,48,West Virginia,S,Olive,Winter,3.6,No,Express,Yes,Yes,4,Cash,Fortnightly,0,1,26,23.3,76.7,High Dependency,192,Bronze,Neutral,0,23.3,0.0,0,0
1258,68,Male,Dress,Clothing,67,Minnesota,L,Gold,Spring,3.0,No,Free Shipping,Yes,Yes,31,Cash,Every 3 Months,0,1,4,39.1,60.9,Moderate Dependency,2077,Gold,Dissatisfied,0,39.1,11.0,0,0
1259,47,Male,Boots,Footwear,87,Ohio,XL,Gold,Spring,4.1,No,2-Day Shipping,Yes,Yes,34,Debit Card,Every 3 Months,0,1,4,42.8,57.2,Moderate Dependency,2958,Platinum,Satisfied,1,42.8,30.7,0,0
1260,68,Male,Skirt,Clothing,64,Minnesota,M,Turquoise,Fall,3.9,No,Standard,Yes,Yes,45,Credit Card,Monthly,0,1,12,62.5,37.5,Moderate Dependency,2880,Platinum,Neutral,0,62.5,39.1,1,1
1261,63,Male,Shirt,Clothing,93,Virginia,XL,Green,Spring,4.1,No,Store Pickup,Yes,Yes,30,Debit Card,Quarterly,0,1,4,37.9,62.1,Moderate Dependency,2790,Platinum,Satisfied,1,37.9,24.8,0,0
1262,20,Male,Shirt,Clothing,29,Connecticut,L,Maroon,Summer,2.8,No,Next Day Air,Yes,Yes,2,Credit Card,Fortnightly,0,1,26,20.8,79.2,High Dependency,58,Bronze,Dissatisfied,0,20.8,0.0,0,0
1263,29,Male,Boots,Footwear,62,Tennessee,L,Brown,Winter,4.8,No,Store Pickup,Yes,Yes,44,Venmo,Monthly,0,1,12,61.3,38.7,Moderate Dependency,2728,Platinum,Satisfied,1,61.3,35.4,1,1
1264,41,Male,Hoodie,Clothing,70,Delaware,L,Brown,Winter,4.6,No,2-Day Shipping,Yes,Yes,1,Credit Card,Bi-Weekly,0,1,26,19.6,80.4,High Dependency,70,Bronze,Satisfied,1,19.6,0.0,0,0
1265,52,Male,Sweater,Clothing,92,Vermont,S,Blue,Winter,2.5,No,Next Day Air,Yes,Yes,1,Venmo,Bi-Weekly,0,1,26,19.6,80.4,High Dependency,92,Bronze,Dissatisfied,0,19.6,0.0,0,0
1266,32,Male,Shirt,Clothing,79,Louisiana,M,Lavender,Spring,2.7,No,Next Day Air,Yes,Yes,27,Bank Transfer,Weekly,0,1,52,71.8,28.2,Low Dependency,2133,Gold,Dissatisfied,0,71.8,28.6,1,0
1267,20,Male,Blouse,Clothing,31,North Dakota,M,Peach,Fall,4.0,No,Standard,Yes,Yes,14,Debit Card,Every 3 Months,0,1,4,18.3,81.7,High Dependency,434,Bronze,Neutral,0,18.3,0.0,0,0
1268,47,Male,T-shirt,Clothing,83,Oregon,S,Gray,Spring,2.7,No,Standard,Yes,Yes,41,Cash,Weekly,0,1,52,89.0,11.0,Low Dependency,3403,Platinum,Dissatisfied,0,89.0,63.1,1,1
1269,23,Male,Jacket,Outerwear,88,Idaho,XL,Charcoal,Winter,2.9,No,Next Day Air,Yes,Yes,25,Debit Card,Bi-Weekly,0,1,26,49.0,51.0,Moderate Dependency,2200,Gold,Dissatisfied,0,49.0,18.4,0,0
1270,43,Male,Jewelry,Accessories,53,Vermont,M,Lavender,Spring,3.0,No,Standard,Yes,Yes,47,PayPal,Quarterly,0,1,4,58.7,41.3,Moderate Dependency,2491,Platinum,Dissatisfied,0,58.7,29.3,1,0
1271,67,Male,Hoodie,Clothing,98,West Virginia,M,Green,Fall,3.3,No,Standard,Yes,Yes,20,Cash,Annually,0,1,1,23.3,76.7,High Dependency,1960,Gold,Neutral,0,23.3,0.6,0,0
1272,70,Male,Jewelry,Accessories,57,Kentucky,S,Gray,Spring,4.3,No,Store Pickup,Yes,Yes,42,PayPal,Annually,0,1,1,50.2,49.8,Moderate Dependency,2394,Platinum,Satisfied,1,50.2,23.0,0,0
1273,35,Male,Sandals,Footwear,80,Wisconsin,M,Orange,Winter,4.4,No,Express,Yes,Yes,16,Bank Transfer,Monthly,0,1,12,27.0,73.0,High Dependency,1280,Gold,Satisfied,1,27.0,0.0,0,0
1274,41,Male,Jeans,Clothing,29,Mississippi,L,Silver,Spring,4.1,No,Next Day Air,Yes,Yes,32,Credit Card,Every 3 Months,0,1,4,40.3,59.7,Moderate Dependency,928,Silver,Satisfied,1,40.3,0.0,0,0
1275,54,Male,Hat,Accessories,73,Missouri,M,Olive,Spring,3.1,No,2-Day Shipping,Yes,Yes,37,PayPal,Quarterly,0,1,4,46.4,53.6,Moderate Dependency,2701,Platinum,Dissatisfied,0,46.4,27.3,0,0
1276,55,Male,Sweater,Clothing,32,Arkansas,S,Turquoise,Fall,4.5,No,Standard,Yes,Yes,1,PayPal,Monthly,0,1,12,8.6,91.4,High Dependency,32,Bronze,Satisfied,1,8.6,0.0,0,0
1277,51,Male,Boots,Footwear,68,Wyoming,L,Turquoise,Spring,4.8,No,Next Day Air,Yes,Yes,37,Bank Transfer,Weekly,0,1,52,84.1,15.9,Low Dependency,2516,Platinum,Satisfied,1,84.1,42.6,1,1
1278,19,Male,Blouse,Clothing,97,Rhode Island,L,Green,Spring,5.0,No,Express,Yes,Yes,5,Venmo,Quarterly,0,1,4,7.3,92.7,High Dependency,485,Bronze,Satisfied,1,7.3,0.0,0,0
1279,28,Male,Shorts,Clothing,98,Utah,M,Violet,Fall,2.8,No,Next Day Air,Yes,Yes,31,Venmo,Fortnightly,0,1,26,56.3,43.7,Moderate Dependency,3038,Platinum,Dissatisfied,0,56.3,39.1,1,1
1280,63,Male,Hoodie,Clothing,56,Maryland,L,Charcoal,Fall,3.7,No,Express,Yes,Yes,18,Debit Card,Annually,0,1,1,20.8,79.2,High Dependency,1008,Silver,Neutral,0,20.8,0.0,0,0
1281,30,Male,Pants,Clothing,78,Georgia,L,White,Winter,4.4,No,2-Day Shipping,Yes,Yes,39,Venmo,Every 3 Months,0,1,4,48.9,51.1,Moderate Dependency,3042,Platinum,Satisfied,1,48.9,35.5,0,1
1282,29,Male,Belt,Accessories,81,New Jersey,M,Olive,Spring,4.5,No,Store Pickup,Yes,Yes,8,Venmo,Bi-Weekly,0,1,26,28.2,71.8,High Dependency,648,Silver,Satisfied,1,28.2,0.0,0,0
1283,24,Male,Shirt,Clothing,68,New Hampshire,L,Violet,Winter,3.0,No,Free Shipping,Yes,Yes,20,Venmo,Monthly,0,1,12,31.9,68.1,High Dependency,1360,Gold,Dissatisfied,0,31.9,0.0,0,0
1284,69,Male,Shirt,Clothing,94,Oregon,M,Violet,Winter,3.9,No,2-Day Shipping,Yes,Yes,23,Debit Card,Every 3 Months,0,1,4,29.3,70.7,High Dependency,2162,Gold,Neutral,0,29.3,7.7,0,0
1285,65,Male,Dress,Clothing,93,Arkansas,M,Black,Spring,3.9,No,Express,Yes,Yes,38,PayPal,Fortnightly,0,1,26,64.9,35.1,Moderate Dependency,3534,Platinum,Neutral,0,64.9,53.5,1,1
1286,64,Male,Gloves,Accessories,99,North Carolina,M,Charcoal,Fall,3.5,No,Next Day Air,Yes,Yes,45,Bank Transfer,Fortnightly,0,1,26,73.5,26.5,Low Dependency,4455,Platinum,Neutral,0,73.5,76.6,1,1
1287,40,Male,Gloves,Accessories,49,West Virginia,L,Yellow,Winter,4.9,No,Next Day Air,Yes,Yes,44,Debit Card,Fortnightly,0,1,26,72.3,27.7,Low Dependency,2156,Gold,Satisfied,1,72.3,29.3,1,0
1288,24,Male,Jeans,Clothing,28,Utah,XL,Blue,Winter,3.4,No,Standard,Yes,Yes,20,PayPal,Monthly,0,1,12,31.9,68.1,High Dependency,560,Bronze,Neutral,0,31.9,0.0,0,0
1289,66,Male,Belt,Accessories,93,South Dakota,XL,Charcoal,Winter,4.1,No,Standard,Yes,Yes,34,PayPal,Bi-Weekly,0,1,26,60.0,40.0,Moderate Dependency,3162,Platinum,Satisfied,1,60.0,43.5,1,1
1290,35,Male,Jacket,Outerwear,24,New Hampshire,M,Red,Fall,2.9,No,Next Day Air,Yes,Yes,10,PayPal,Weekly,0,1,52,51.0,49.0,Moderate Dependency,240,Bronze,Dissatisfied,0,51.0,0.0,0,0
1291,67,Male,Skirt,Clothing,35,Maryland,M,Indigo,Spring,3.4,No,Free Shipping,Yes,Yes,3,PayPal,Annually,0,1,1,2.4,97.6,High Dependency,105,Bronze,Neutral,0,2.4,0.0,0,0
1292,69,Male,Sandals,Footwear,68,South Dakota,S,Beige,Spring,3.2,No,2-Day Shipping,Yes,Yes,23,Debit Card,Fortnightly,0,1,26,46.5,53.5,Moderate Dependency,1564,Gold,Dissatisfied,0,46.5,4.3,0,0
1293,26,Male,Belt,Accessories,61,Kentucky,M,Maroon,Summer,3.8,No,Free Shipping,Yes,Yes,42,Bank Transfer,Annually,1,1,1,50.2,49.8,Moderate Dependency,2562,Platinum,Neutral,0,50.2,26.4,0,0
1294,23,Male,Sweater,Clothing,74,Florida,XL,Yellow,Fall,4.1,No,Standard,Yes,Yes,30,Debit Card,Annually,0,1,1,35.5,64.5,Moderate Dependency,2220,Platinum,Satisfied,1,35.5,12.0,0,0
1295,27,Male,Shirt,Clothing,64,Texas,M,Silver,Summer,4.5,No,Standard,Yes,Yes,21,Cash,Every 3 Months,0,1,4,26.8,73.2,High Dependency,1344,Gold,Satisfied,1,26.8,0.0,0,0
1296,30,Male,Sneakers,Footwear,60,New Mexico,M,Olive,Fall,2.8,No,Standard,Yes,Yes,50,PayPal,Weekly,0,1,52,100.0,0.0,Low Dependency,3000,Platinum,Dissatisfied,0,100.0,60.4,1,1
1297,48,Male,Jeans,Clothing,29,South Dakota,S,Teal,Spring,2.8,No,Express,Yes,Yes,16,Cash,Bi-Weekly,0,1,26,38.0,62.0,Moderate Dependency,464,Bronze,Dissatisfied,0,38.0,0.0,0,0
1298,44,Male,Sandals,Footwear,85,New Jersey,M,Silver,Summer,4.6,No,Standard,Yes,Yes,32,Venmo,Annually,0,1,1,38.0,62.0,Moderate Dependency,2720,Platinum,Satisfied,1,38.0,23.4,0,0
1299,29,Male,Pants,Clothing,81,Indiana,S,Indigo,Summer,3.0,No,Free Shipping,Yes,Yes,14,Bank Transfer,Fortnightly,0,1,26,35.5,64.5,Moderate Dependency,1134,Silver,Dissatisfied,0,35.5,0.0,0,0
1300,29,Male,Belt,Accessories,23,Louisiana,L,Teal,Fall,3.6,No,2-Day Shipping,Yes,Yes,42,Venmo,Bi-Weekly,0,1,26,69.8,30.2,Low Dependency,966,Silver,Neutral,0,69.8,3.9,1,0
1301,67,Male,T-shirt,Clothing,100,West Virginia,M,Charcoal,Spring,4.5,No,Next Day Air,Yes,Yes,47,Credit Card,Every 3 Months,0,1,4,58.7,41.3,Moderate Dependency,4700,Platinum,Satisfied,1,58.7,74.1,1,1
1302,42,Male,Shirt,Clothing,54,Maine,M,Orange,Fall,5.0,No,Express,Yes,Yes,21,Debit Card,Weekly,0,1,52,64.5,35.5,Moderate Dependency,1134,Silver,Satisfied,1,64.5,4.7,1,0
1303,23,Male,Sneakers,Footwear,25,Idaho,M,Gold,Fall,2.9,No,Next Day Air,Yes,Yes,37,Credit Card,Monthly,0,1,12,52.7,47.3,Moderate Dependency,925,Silver,Dissatisfied,0,52.7,0.0,0,0
1304,34,Male,Blouse,Clothing,32,New York,L,Silver,Summer,3.1,No,Next Day Air,Yes,Yes,10,Credit Card,Annually,0,1,1,11.0,89.0,High Dependency,320,Bronze,Dissatisfied,0,11.0,0.0,0,0
1305,64,Male,Backpack,Accessories,63,Montana,S,Orange,Spring,4.0,No,2-Day Shipping,Yes,Yes,18,PayPal,Every 3 Months,0,1,4,23.2,76.8,High Dependency,1134,Silver,Neutral,0,23.2,0.0,0,0
1306,31,Male,Pants,Clothing,56,Mississippi,XL,Peach,Spring,4.5,No,Express,Yes,Yes,2,PayPal,Every 3 Months,0,1,4,3.6,96.4,High Dependency,112,Bronze,Satisfied,1,3.6,0.0,0,0
1307,54,Male,Sweater,Clothing,33,Alaska,L,Brown,Winter,4.5,No,Next Day Air,Yes,Yes,40,PayPal,Annually,0,1,1,47.8,52.2,Moderate Dependency,1320,Gold,Satisfied,1,47.8,0.0,0,0
1308,23,Male,Coat,Outerwear,32,Missouri,L,Black,Summer,3.1,No,Express,Yes,Yes,43,PayPal,Annually,0,1,1,51.4,48.6,Moderate Dependency,1376,Gold,Dissatisfied,0,51.4,2.9,0,0
1309,59,Male,Dress,Clothing,38,Rhode Island,L,Red,Summer,4.4,No,Next Day Air,Yes,Yes,14,Credit Card,Every 3 Months,0,1,4,18.3,81.7,High Dependency,532,Bronze,Satisfied,1,18.3,0.0,0,0
1310,32,Male,Blouse,Clothing,21,Hawaii,L,Lavender,Summer,4.7,No,Store Pickup,Yes,Yes,41,Cash,Quarterly,0,1,4,51.3,48.7,Moderate Dependency,861,Silver,Satisfied,1,51.3,0.0,0,0
1311,43,Male,Hoodie,Clothing,59,South Carolina,L,Brown,Winter,3.1,No,Store Pickup,Yes,Yes,38,Credit Card,Every 3 Months,0,1,4,47.7,52.3,Moderate Dependency,2242,Platinum,Dissatisfied,0,47.7,18.6,0,0
1312,32,Male,Shoes,Footwear,87,Tennessee,M,Maroon,Fall,4.2,No,Express,Yes,Yes,12,Venmo,Annually,0,1,1,13.5,86.5,High Dependency,1044,Silver,Satisfied,1,13.5,0.0,0,0
1313,66,Male,T-shirt,Clothing,79,Missouri,M,Violet,Winter,3.0,No,Store Pickup,Yes,Yes,19,Bank Transfer,Monthly,0,1,12,30.7,69.3,High Dependency,1501,Gold,Dissatisfied,0,30.7,0.0,0,0
1314,70,Male,Shoes,Footwear,28,Missouri,M,Lavender,Summer,3.8,No,Free Shipping,Yes,Yes,23,Credit Card,Bi-Weekly,1,1,26,46.5,53.5,Moderate Dependency,644,Silver,Neutral,0,46.5,0.0,0,0
1315,42,Male,Boots,Footwear,67,Missouri,S,Magenta,Summer,3.4,No,Free Shipping,Yes,Yes,49,Debit Card,Annually,0,1,1,58.8,41.2,Moderate Dependency,3283,Platinum,Neutral,0,58.8,45.4,1,1
1316,56,Male,Shorts,Clothing,75,Mississippi,L,Green,Spring,4.2,No,2-Day Shipping,Yes,Yes,29,Debit Card,Quarterly,0,1,4,36.6,63.4,Moderate Dependency,2175,Gold,Satisfied,1,36.6,11.7,0,0
1317,28,Male,Belt,Accessories,32,Arkansas,S,Lavender,Spring,4.6,No,Standard,Yes,Yes,14,Debit Card,Bi-Weekly,0,1,26,35.5,64.5,Moderate Dependency,448,Bronze,Satisfied,1,35.5,0.0,0,0
1318,28,Male,Pants,Clothing,43,Kentucky,M,Green,Spring,2.8,No,Free Shipping,Yes,Yes,19,Cash,Monthly,0,1,12,30.7,69.3,High Dependency,817,Silver,Dissatisfied,0,30.7,0.0,0,0
1319,52,Male,Shorts,Clothing,93,Connecticut,M,Maroon,Spring,2.7,No,Express,Yes,Yes,19,Credit Card,Bi-Weekly,0,1,26,41.6,58.4,Moderate Dependency,1767,Gold,Dissatisfied,0,41.6,5.9,0,0
1320,65,Male,Sunglasses,Accessories,24,Oklahoma,M,Magenta,Spring,4.0,No,Standard,Yes,Yes,48,Bank Transfer,Weekly,0,1,52,97.6,2.4,Low Dependency,1152,Silver,Neutral,0,97.6,21.7,1,0
1321,56,Male,Hat,Accessories,31,California,XL,Teal,Fall,3.1,No,Free Shipping,Yes,Yes,19,Debit Card,Annually,0,1,1,22.0,78.0,High Dependency,589,Bronze,Dissatisfied,0,22.0,0.0,0,0
1322,59,Male,T-shirt,Clothing,84,Missouri,L,Orange,Winter,3.7,No,Express,Yes,Yes,45,Bank Transfer,Every 3 Months,0,1,4,56.2,43.8,Moderate Dependency,3780,Platinum,Neutral,0,56.2,54.1,1,1
1323,23,Male,Pants,Clothing,74,Washington,M,Violet,Winter,4.0,No,Next Day Air,Yes,Yes,17,Bank Transfer,Quarterly,0,1,4,21.9,78.1,High Dependency,1258,Silver,Neutral,0,21.9,0.0,0,0
1324,58,Male,Shorts,Clothing,62,New York,M,Yellow,Spring,4.6,No,Standard,Yes,Yes,15,Debit Card,Every 3 Months,0,1,4,19.5,80.5,High Dependency,930,Silver,Satisfied,1,19.5,0.0,0,0
1325,39,Male,Jewelry,Accessories,77,Indiana,S,Orange,Summer,3.8,No,Free Shipping,Yes,Yes,11,Credit Card,Fortnightly,0,1,26,31.9,68.1,High Dependency,847,Silver,Neutral,0,31.9,0.0,0,0
1326,28,Male,Backpack,Accessories,73,Oregon,L,Gold,Summer,3.5,No,Express,Yes,Yes,1,Cash,Monthly,0,1,12,8.6,91.4,High Dependency,73,Bronze,Neutral,0,8.6,0.0,0,0
1327,40,Male,Shoes,Footwear,50,Texas,M,Indigo,Spring,3.8,No,Free Shipping,Yes,Yes,17,Cash,Monthly,1,1,12,28.2,71.8,High Dependency,850,Silver,Neutral,0,28.2,0.0,0,0
1328,52,Male,Coat,Outerwear,40,Florida,M,Turquoise,Winter,2.8,No,Standard,Yes,Yes,37,Cash,Weekly,0,1,52,84.1,15.9,Low Dependency,1480,Gold,Dissatisfied,0,84.1,21.6,1,0
1329,37,Male,Sweater,Clothing,97,Rhode Island,M,Orange,Winter,3.7,No,Standard,Yes,Yes,40,Bank Transfer,Weekly,0,1,52,87.8,12.2,Low Dependency,3880,Platinum,Neutral,0,87.8,72.1,1,1
1330,70,Male,Gloves,Accessories,63,Texas,M,Indigo,Fall,3.3,No,Express,Yes,Yes,50,PayPal,Every 3 Months,0,1,4,62.4,37.6,Moderate Dependency,3150,Platinum,Neutral,0,62.4,44.5,1,1
1331,30,Male,Handbag,Accessories,65,Vermont,M,Charcoal,Fall,2.9,No,Standard,Yes,Yes,20,PayPal,Bi-Weekly,0,1,26,42.9,57.1,Moderate Dependency,1300,Gold,Dissatisfied,0,42.9,0.0,0,0
1332,38,Male,Socks,Clothing,91,Maryland,M,Lavender,Spring,3.2,No,Standard,Yes,Yes,8,PayPal,Bi-Weekly,0,1,26,28.2,71.8,High Dependency,728,Silver,Dissatisfied,0,28.2,0.0,0,0
1333,66,Male,Hoodie,Clothing,60,Alaska,S,Gold,Spring,4.3,No,Store Pickup,Yes,Yes,16,Bank Transfer,Quarterly,0,1,4,20.7,79.3,High Dependency,960,Silver,Satisfied,1,20.7,0.0,0,0
1334,29,Male,Pants,Clothing,69,Idaho,M,Lavender,Winter,2.7,No,Next Day Air,Yes,Yes,9,Bank Transfer,Quarterly,0,1,4,12.1,87.9,High Dependency,621,Silver,Dissatisfied,0,12.1,0.0,0,0
1335,46,Male,Coat,Outerwear,52,West Virginia,S,White,Spring,3.8,No,Store Pickup,Yes,Yes,12,Venmo,Monthly,1,1,12,22.1,77.9,High Dependency,624,Silver,Neutral,0,22.1,0.0,0,0
1336,56,Male,Boots,Footwear,49,Nevada,M,Lavender,Fall,4.8,No,2-Day Shipping,Yes,Yes,26,Credit Card,Weekly,0,1,52,70.6,29.4,Low Dependency,1274,Silver,Satisfied,1,70.6,10.6,1,0
1337,23,Male,Sneakers,Footwear,85,Oregon,M,Charcoal,Spring,4.8,No,Store Pickup,Yes,Yes,44,Debit Card,Fortnightly,0,1,26,72.3,27.7,Low Dependency,3740,Platinum,Satisfied,1,72.3,61.5,1,1
1338,37,Male,Sweater,Clothing,86,Tennessee,L,Silver,Spring,3.4,No,Express,Yes,Yes,19,Credit Card,Bi-Weekly,0,1,26,41.6,58.4,Moderate Dependency,1634,Gold,Neutral,0,41.6,3.2,0,0
1339,56,Male,Handbag,Accessories,51,Alabama,S,Yellow,Winter,2.6,No,Standard,Yes,Yes,43,PayPal,Fortnightly,0,1,26,71.0,29.0,Low Dependency,2193,Gold,Dissatisfied,0,71.0,29.4,1,0
1340,36,Male,Belt,Accessories,56,Indiana,L,Olive,Winter,5.0,No,Next Day Air,Yes,Yes,5,Bank Transfer,Every 3 Months,0,1,4,7.3,92.7,High Dependency,280,Bronze,Satisfied,1,7.3,0.0,0,0
1341,40,Male,Belt,Accessories,72,Idaho,M,Peach,Fall,4.4,No,Next Day Air,Yes,Yes,5,Debit Card,Every 3 Months,0,1,4,7.3,92.7,High Dependency,360,Bronze,Satisfied,1,7.3,0.0,0,0
1342,26,Male,Hoodie,Clothing,27,Rhode Island,XL,Yellow,Fall,3.8,No,Standard,Yes,Yes,31,Bank Transfer,Quarterly,1,1,4,39.1,60.9,Moderate Dependency,837,Silver,Neutral,0,39.1,0.0,0,0
1343,57,Male,Sunglasses,Accessories,43,Arizona,XL,Yellow,Summer,3.4,No,2-Day Shipping,Yes,Yes,11,Bank Transfer,Monthly,0,1,12,20.9,79.1,High Dependency,473,Bronze,Neutral,0,20.9,0.0,0,0
1344,68,Male,Sneakers,Footwear,56,Florida,M,Indigo,Spring,3.4,No,Standard,Yes,Yes,34,Bank Transfer,Monthly,0,1,12,49.0,51.0,Moderate Dependency,1904,Gold,Neutral,0,49.0,12.4,0,0
1345,56,Male,T-shirt,Clothing,37,New York,S,Violet,Fall,4.9,No,Next Day Air,Yes,Yes,14,Cash,Annually,0,1,1,15.9,84.1,High Dependency,518,Bronze,Satisfied,1,15.9,0.0,0,0
1346,40,Male,Dress,Clothing,21,Nebraska,M,White,Fall,3.6,No,Standard,Yes,Yes,42,Venmo,Weekly,0,1,52,90.2,9.8,Low Dependency,882,Silver,Neutral,0,90.2,12.5,1,0
1347,44,Male,Hoodie,Clothing,91,Mississippi,L,White,Winter,3.0,No,Free Shipping,Yes,Yes,15,Venmo,Bi-Weekly,0,1,26,36.8,63.2,Moderate Dependency,1365,Gold,Dissatisfied,0,36.8,0.0,0,0
1348,44,Male,Sweater,Clothing,95,Vermont,M,Cyan,Summer,3.9,No,2-Day Shipping,Yes,Yes,47,Bank Transfer,Monthly,0,1,12,65.0,35.0,Moderate Dependency,4465,Platinum,Neutral,0,65.0,72.5,1,1
1349,19,Male,Belt,Accessories,54,Nebraska,XL,Purple,Spring,3.2,No,Standard,Yes,Yes,23,Credit Card,Fortnightly,0,1,26,46.5,53.5,Moderate Dependency,1242,Silver,Dissatisfied,0,46.5,0.0,0,0
1350,21,Male,Socks,Clothing,36,South Carolina,XL,Black,Spring,3.2,No,Next Day Air,Yes,Yes,23,Cash,Bi-Weekly,0,1,26,46.5,53.5,Moderate Dependency,828,Silver,Dissatisfied,0,46.5,0.0,0,0
1351,31,Male,Sunglasses,Accessories,71,Delaware,M,Orange,Fall,4.3,No,Next Day Air,Yes,Yes,1,Cash,Every 3 Months,0,1,4,2.4,97.6,High Dependency,71,Bronze,Satisfied,1,2.4,0.0,0,0
1352,30,Male,Coat,Outerwear,31,Vermont,L,Maroon,Summer,2.8,No,2-Day Shipping,Yes,Yes,28,Bank Transfer,Quarterly,0,1,4,35.4,64.6,Moderate Dependency,868,Silver,Dissatisfied,0,35.4,0.0,0,0
1353,65,Male,Hat,Accessories,89,Indiana,XL,Orange,Spring,4.5,No,Next Day Air,Yes,Yes,37,Credit Card,Bi-Weekly,0,1,26,63.7,36.3,Moderate Dependency,3293,Platinum,Satisfied,1,63.7,48.0,1,1
1354,39,Male,Pants,Clothing,83,Oregon,M,Teal,Winter,4.1,No,Next Day Air,Yes,Yes,4,Cash,Every 3 Months,0,1,4,6.0,94.0,High Dependency,332,Bronze,Satisfied,1,6.0,0.0,0,0
1355,64,Male,Backpack,Accessories,42,Maryland,M,Gray,Spring,3.6,No,2-Day Shipping,Yes,Yes,21,Bank Transfer,Quarterly,0,1,4,26.8,73.2,High Dependency,882,Silver,Neutral,0,26.8,0.0,0,0
1356,59,Male,Shorts,Clothing,91,Florida,M,Blue,Summer,3.0,No,2-Day Shipping,Yes,Yes,50,PayPal,Bi-Weekly,0,1,26,79.6,20.4,Low Dependency,4550,Platinum,Dissatisfied,0,79.6,81.6,1,1
1357,49,Male,Jacket,Outerwear,61,Indiana,M,Cyan,Spring,4.0,No,Free Shipping,Yes,Yes,34,Bank Transfer,Annually,0,1,1,40.4,59.6,Moderate Dependency,2074,Gold,Neutral,0,40.4,11.5,0,0
1358,24,Male,Backpack,Accessories,66,Texas,S,Red,Summer,3.5,No,Next Day Air,Yes,Yes,20,Cash,Quarterly,0,1,4,25.6,74.4,High Dependency,1320,Gold,Neutral,0,25.6,0.0,0,0
1359,19,Male,Scarf,Accessories,22,Nebraska,XL,Pink,Spring,2.5,No,Store Pickup,Yes,Yes,25,Venmo,Every 3 Months,0,1,4,31.7,68.3,High Dependency,550,Bronze,Dissatisfied,0,31.7,0.0,0,0
1360,27,Male,Hoodie,Clothing,68,North Carolina,S,Cyan,Winter,4.3,No,Store Pickup,Yes,Yes,26,Bank Transfer,Fortnightly,0,1,26,50.2,49.8,Moderate Dependency,1768,Gold,Satisfied,1,50.2,10.3,0,0
1361,56,Male,Skirt,Clothing,43,Alabama,L,Black,Fall,2.8,No,Express,Yes,Yes,4,Bank Transfer,Annually,0,1,1,3.7,96.3,High Dependency,172,Bronze,Dissatisfied,0,3.7,0.0,0,0
1362,49,Male,Dress,Clothing,32,Alabama,M,Beige,Fall,3.7,No,Next Day Air,Yes,Yes,39,Debit Card,Monthly,0,1,12,55.2,44.8,Moderate Dependency,1248,Silver,Neutral,0,55.2,2.3,1,0
1363,41,Male,Coat,Outerwear,46,Colorado,M,Gray,Fall,4.3,No,Express,Yes,Yes,29,Cash,Weekly,0,1,52,74.3,25.7,Low Dependency,1334,Gold,Satisfied,1,74.3,13.7,1,0
1364,36,Male,Blouse,Clothing,90,Wisconsin,L,Red,Summer,4.0,No,Express,Yes,Yes,47,PayPal,Quarterly,0,1,4,58.7,41.3,Moderate Dependency,4230,Platinum,Neutral,0,58.7,64.5,1,1
1365,68,Male,Hat,Accessories,75,Delaware,L,Yellow,Fall,4.7,No,Express,Yes,Yes,5,Cash,Every 3 Months,0,1,4,7.3,92.7,High Dependency,375,Bronze,Satisfied,1,7.3,0.0,0,0
1366,28,Male,Handbag,Accessories,69,Indiana,M,Magenta,Winter,4.5,No,Store Pickup,Yes,Yes,18,Bank Transfer,Fortnightly,0,1,26,40.4,59.6,Moderate Dependency,1242,Silver,Satisfied,1,40.4,0.0,0,0
1367,45,Male,Belt,Accessories,40,Iowa,M,Magenta,Fall,3.1,No,Free Shipping,Yes,Yes,10,Credit Card,Fortnightly,0,1,26,30.6,69.4,High Dependency,400,Bronze,Dissatisfied,0,30.6,0.0,0,0
1368,60,Male,Belt,Accessories,63,Iowa,S,Black,Fall,3.8,No,Express,Yes,Yes,25,Cash,Quarterly,0,1,4,31.7,68.3,High Dependency,1575,Gold,Neutral,0,31.7,0.0,0,0
1369,21,Male,Shirt,Clothing,36,Wisconsin,L,Orange,Summer,4.9,No,Express,Yes,Yes,2,Cash,Weekly,0,1,52,41.2,58.8,Moderate Dependency,72,Bronze,Satisfied,1,41.2,0.0,0,0
1370,32,Male,Shoes,Footwear,75,Iowa,M,Green,Winter,3.2,No,Standard,Yes,Yes,48,Venmo,Fortnightly,0,1,26,77.2,22.8,Low Dependency,3600,Platinum,Dissatisfied,0,77.2,61.1,1,1
1371,27,Male,Scarf,Accessories,67,Montana,L,Peach,Summer,3.8,No,2-Day Shipping,Yes,Yes,41,Bank Transfer,Every 3 Months,1,1,4,51.3,48.7,Moderate Dependency,2747,Platinum,Neutral,0,51.3,30.7,0,0
1372,40,Male,Pants,Clothing,64,Mississippi,M,Charcoal,Spring,2.8,No,Store Pickup,Yes,Yes,42,Credit Card,Monthly,0,1,12,58.8,41.2,Moderate Dependency,2688,Platinum,Dissatisfied,0,58.8,33.3,1,1
1373,64,Male,Blouse,Clothing,61,Michigan,M,Gray,Fall,4.0,No,2-Day Shipping,Yes,Yes,44,PayPal,Bi-Weekly,0,1,26,72.3,27.7,Low Dependency,2684,Platinum,Neutral,0,72.3,40.0,1,1
1374,18,Male,Gloves,Accessories,40,Virginia,L,Turquoise,Winter,2.6,No,Store Pickup,Yes,Yes,6,Cash,Quarterly,0,1,4,8.5,91.5,High Dependency,240,Bronze,Dissatisfied,0,8.5,0.0,0,0
1375,22,Male,Handbag,Accessories,97,New York,M,Red,Fall,2.7,No,Free Shipping,Yes,Yes,5,Bank Transfer,Quarterly,0,1,4,7.3,92.7,High Dependency,485,Bronze,Dissatisfied,0,7.3,0.0,0,0
1376,42,Male,Sneakers,Footwear,31,Maine,L,Brown,Spring,4.1,No,2-Day Shipping,Yes,Yes,8,Credit Card,Annually,0,1,1,8.6,91.4,High Dependency,248,Bronze,Satisfied,1,8.6,0.0,0,0
1377,57,Male,Sandals,Footwear,65,New Jersey,L,Pink,Spring,5.0,No,Free Shipping,Yes,Yes,24,PayPal,Annually,0,1,1,28.2,71.8,High Dependency,1560,Gold,Satisfied,1,28.2,0.0,0,0
1378,33,Male,Sunglasses,Accessories,54,Maryland,L,Olive,Spring,3.0,No,Next Day Air,Yes,Yes,42,Venmo,Monthly,0,1,12,58.8,41.2,Moderate Dependency,2268,Platinum,Dissatisfied,0,58.8,24.8,1,0
1379,37,Male,Jacket,Outerwear,49,Kentucky,XL,Lavender,Fall,3.6,No,Free Shipping,Yes,Yes,24,Venmo,Weekly,0,1,52,68.2,31.8,Low Dependency,1176,Silver,Neutral,0,68.2,7.4,1,0
1380,21,Male,T-shirt,Clothing,64,Minnesota,L,Purple,Fall,2.8,No,2-Day Shipping,Yes,Yes,38,Venmo,Bi-Weekly,0,1,26,64.9,35.1,Moderate Dependency,2432,Platinum,Dissatisfied,0,64.9,31.2,1,0
1381,51,Male,Sneakers,Footwear,35,Massachusetts,S,Beige,Winter,4.6,No,Standard,Yes,Yes,41,Cash,Fortnightly,0,1,26,68.6,31.4,Low Dependency,1435,Gold,Satisfied,1,68.6,12.8,1,0
1382,30,Male,Shoes,Footwear,86,Illinois,L,Green,Winter,2.9,No,Standard,Yes,Yes,48,Venmo,Quarterly,0,1,4,59.9,40.1,Moderate Dependency,4128,Platinum,Dissatisfied,0,59.9,63.1,1,1
1383,68,Male,Jacket,Outerwear,55,Michigan,L,Brown,Winter,4.8,No,Express,Yes,Yes,16,Bank Transfer,Quarterly,0,1,4,20.7,79.3,High Dependency,880,Silver,Satisfied,1,20.7,0.0,0,0
1384,36,Male,Scarf,Accessories,58,Wisconsin,M,Beige,Spring,3.3,No,Express,Yes,Yes,4,Venmo,Monthly,0,1,12,12.3,87.7,High Dependency,232,Bronze,Neutral,0,12.3,0.0,0,0
1385,46,Male,Sneakers,Footwear,96,Alaska,M,Beige,Fall,4.6,No,Standard,Yes,Yes,8,Bank Transfer,Weekly,0,1,52,48.6,51.4,Moderate Dependency,768,Silver,Satisfied,1,48.6,0.0,0,0
1386,41,Male,Jewelry,Accessories,64,Mississippi,M,Indigo,Fall,2.6,No,Store Pickup,Yes,Yes,1,Bank Transfer,Bi-Weekly,0,1,26,19.6,80.4,High Dependency,64,Bronze,Dissatisfied,0,19.6,0.0,0,0
1387,68,Male,Jacket,Outerwear,56,Oregon,M,Silver,Fall,4.0,No,Next Day Air,Yes,Yes,4,Debit Card,Quarterly,0,1,4,6.0,94.0,High Dependency,224,Bronze,Neutral,0,6.0,0.0,0,0
1388,21,Male,Blouse,Clothing,85,Maryland,M,Gold,Winter,3.8,No,Standard,Yes,Yes,20,Credit Card,Monthly,0,1,12,31.9,68.1,High Dependency,1700,Gold,Neutral,0,31.9,0.0,0,0
1389,62,Male,Dress,Clothing,23,Arkansas,M,Lavender,Spring,3.9,No,Express,Yes,Yes,40,Cash,Quarterly,0,1,4,50.1,49.9,Moderate Dependency,920,Silver,Neutral,0,50.1,0.0,0,0
1390,59,Male,Scarf,Accessories,72,Illinois,L,Orange,Fall,2.6,No,Store Pickup,Yes,Yes,8,Debit Card,Fortnightly,0,1,26,28.2,71.8,High Dependency,576,Bronze,Dissatisfied,0,28.2,0.0,0,0
1391,25,Male,Hat,Accessories,38,Arkansas,M,Maroon,Summer,4.3,No,Standard,Yes,Yes,42,Debit Card,Weekly,0,1,52,90.2,9.8,Low Dependency,1596,Gold,Satisfied,1,90.2,27.0,1,0
1392,53,Male,Blouse,Clothing,29,Mississippi,S,White,Winter,3.6,No,Express,Yes,Yes,38,Credit Card,Annually,0,1,1,45.3,54.7,Moderate Dependency,1102,Silver,Neutral,0,45.3,0.0,0,0
1393,31,Male,Gloves,Accessories,46,Arkansas,M,Yellow,Spring,4.2,No,Express,Yes,Yes,34,Venmo,Every 3 Months,0,1,4,42.8,57.2,Moderate Dependency,1564,Gold,Satisfied,1,42.8,2.4,0,0
1394,46,Male,Gloves,Accessories,58,Idaho,L,Yellow,Spring,3.9,No,Express,Yes,Yes,14,PayPal,Fortnightly,0,1,26,35.5,64.5,Moderate Dependency,812,Silver,Neutral,0,35.5,0.0,0,0
1395,26,Male,Coat,Outerwear,43,Iowa,L,Magenta,Fall,4.7,No,Next Day Air,Yes,Yes,39,Cash,Weekly,0,1,52,86.5,13.5,Low Dependency,1677,Gold,Satisfied,1,86.5,26.8,1,0
1396,47,Male,Scarf,Accessories,32,West Virginia,L,Turquoise,Spring,2.8,No,Next Day Air,Yes,Yes,40,PayPal,Bi-Weekly,0,1,26,67.4,32.6,Low Dependency,1280,Gold,Dissatisfied,0,67.4,9.1,1,0
1397,37,Male,Pants,Clothing,30,Wisconsin,XL,Lavender,Winter,3.0,No,Next Day Air,Yes,Yes,49,Debit Card,Monthly,0,1,12,67.4,32.6,Low Dependency,1470,Gold,Dissatisfied,0,67.4,12.9,1,0
1398,55,Male,Sunglasses,Accessories,67,Massachusetts,S,Magenta,Summer,4.7,No,Store Pickup,Yes,Yes,33,PayPal,Annually,0,1,1,39.2,60.8,Moderate Dependency,2211,Gold,Satisfied,1,39.2,13.7,0,0
1399,30,Male,Dress,Clothing,45,Texas,M,Cyan,Summer,2.5,No,Free Shipping,Yes,Yes,25,Credit Card,Weekly,0,1,52,69.4,30.6,Low Dependency,1125,Silver,Dissatisfied,0,69.4,6.9,1,0
1400,19,Male,Hat,Accessories,81,Nebraska,M,Olive,Winter,3.1,No,Store Pickup,Yes,Yes,48,Venmo,Annually,0,1,1,57.6,42.4,Moderate Dependency,3888,Platinum,Dissatisfied,0,57.6,57.0,1,1
1401,36,Male,Backpack,Accessories,23,Nevada,M,Red,Fall,3.6,No,Next Day Air,Yes,Yes,22,Credit Card,Every 3 Months,0,1,4,28.1,71.9,High Dependency,506,Bronze,Neutral,0,28.1,0.0,0,0
1402,23,Male,Sandals,Footwear,59,Indiana,M,Blue,Fall,3.5,No,2-Day Shipping,Yes,Yes,1,PayPal,Weekly,0,1,52,40.0,60.0,Moderate Dependency,59,Bronze,Neutral,0,40.0,0.0,0,0
1403,62,Male,Sunglasses,Accessories,21,North Dakota,L,White,Summer,3.1,No,Express,Yes,Yes,47,PayPal,Monthly,0,1,12,65.0,35.0,Moderate Dependency,987,Silver,Dissatisfied,0,65.0,1.9,1,0
1404,26,Male,Backpack,Accessories,20,Georgia,M,Peach,Spring,3.6,No,Store Pickup,Yes,Yes,20,Credit Card,Bi-Weekly,0,1,26,42.9,57.1,Moderate Dependency,400,Bronze,Neutral,0,42.9,0.0,0,0
1405,36,Male,Jewelry,Accessories,28,New Mexico,M,Charcoal,Winter,3.5,No,Next Day Air,Yes,Yes,10,Debit Card,Weekly,0,1,52,51.0,49.0,Moderate Dependency,280,Bronze,Neutral,0,51.0,0.0,0,0
1406,33,Male,Socks,Clothing,100,New Hampshire,M,Peach,Winter,2.7,No,Store Pickup,Yes,Yes,39,Credit Card,Monthly,0,1,12,55.2,44.8,Moderate Dependency,3900,Platinum,Dissatisfied,0,55.2,56.1,1,1
1407,32,Male,Shirt,Clothing,46,Washington,L,Turquoise,Spring,3.6,No,Express,Yes,Yes,15,Debit Card,Monthly,0,1,12,25.8,74.2,High Dependency,690,Silver,Neutral,0,25.8,0.0,0,0
1408,56,Male,Handbag,Accessories,61,Nevada,XL,Charcoal,Spring,4.5,No,Express,Yes,Yes,11,Credit Card,Annually,0,1,1,12.2,87.8,High Dependency,671,Silver,Satisfied,1,12.2,0.0,0,0
1409,58,Male,Blouse,Clothing,58,Maine,M,Yellow,Winter,4.1,No,Free Shipping,Yes,Yes,38,Venmo,Weekly,0,1,52,85.3,14.7,Low Dependency,2204,Gold,Satisfied,1,85.3,36.9,1,1
1410,34,Male,Backpack,Accessories,50,Idaho,M,Blue,Spring,4.2,No,Standard,Yes,Yes,41,Cash,Fortnightly,0,1,26,68.6,31.4,Low Dependency,2050,Gold,Satisfied,1,68.6,25.3,1,0
1411,61,Male,Hat,Accessories,93,Tennessee,M,Purple,Summer,4.0,No,Store Pickup,Yes,Yes,18,Debit Card,Annually,0,1,1,20.8,79.2,High Dependency,1674,Gold,Neutral,0,20.8,0.0,0,0
1412,48,Male,Skirt,Clothing,24,Louisiana,L,Green,Summer,2.8,No,Store Pickup,Yes,Yes,13,Venmo,Quarterly,0,1,4,17.0,83.0,High Dependency,312,Bronze,Dissatisfied,0,17.0,0.0,0,0
1413,25,Male,Shorts,Clothing,100,Michigan,M,Charcoal,Summer,2.6,No,2-Day Shipping,Yes,Yes,43,Venmo,Annually,0,1,1,51.4,48.6,Moderate Dependency,4300,Platinum,Dissatisfied,0,51.4,62.3,0,1
1414,51,Male,Blouse,Clothing,79,New Hampshire,S,Indigo,Fall,2.7,No,Store Pickup,Yes,Yes,12,Bank Transfer,Quarterly,0,1,4,15.8,84.2,High Dependency,948,Silver,Dissatisfied,0,15.8,0.0,0,0
1415,29,Male,Socks,Clothing,51,Minnesota,M,Black,Summer,4.5,No,Store Pickup,Yes,Yes,3,Credit Card,Bi-Weekly,0,1,26,22.1,77.9,High Dependency,153,Bronze,Satisfied,1,22.1,0.0,0,0
1416,54,Male,Belt,Accessories,90,Illinois,M,Blue,Winter,3.7,No,Free Shipping,Yes,Yes,12,Credit Card,Every 3 Months,0,1,4,15.8,84.2,High Dependency,1080,Silver,Neutral,0,15.8,0.0,0,0
1417,48,Male,Boots,Footwear,56,Idaho,L,Silver,Summer,3.4,No,Free Shipping,Yes,Yes,46,Cash,Quarterly,0,1,4,57.5,42.5,Moderate Dependency,2576,Platinum,Neutral,0,57.5,30.4,1,0
1418,62,Male,Shorts,Clothing,25,Montana,S,Brown,Spring,4.6,No,Standard,Yes,Yes,21,Debit Card,Fortnightly,0,1,26,44.1,55.9,Moderate Dependency,525,Bronze,Satisfied,1,44.1,0.0,0,0
1419,18,Male,Shirt,Clothing,75,Alabama,M,Violet,Summer,4.1,No,2-Day Shipping,Yes,Yes,23,Venmo,Every 3 Months,0,1,4,29.3,70.7,High Dependency,1725,Gold,Satisfied,1,29.3,0.0,0,0
1420,43,Male,Handbag,Accessories,75,Montana,M,Orange,Summer,2.6,No,Free Shipping,Yes,Yes,4,Debit Card,Quarterly,0,1,4,6.0,94.0,High Dependency,300,Bronze,Dissatisfied,0,6.0,0.0,0,0
1421,22,Male,Jeans,Clothing,53,California,XL,Gray,Summer,4.6,No,Store Pickup,Yes,Yes,45,PayPal,Every 3 Months,0,1,4,56.2,43.8,Moderate Dependency,2385,Platinum,Satisfied,1,56.2,25.8,1,0
1422,68,Male,Dress,Clothing,100,Pennsylvania,S,Gold,Spring,3.0,No,Standard,Yes,Yes,24,Bank Transfer,Fortnightly,0,1,26,47.8,52.2,Moderate Dependency,2400,Platinum,Dissatisfied,0,47.8,21.9,0,0
1423,44,Male,Dress,Clothing,27,Texas,L,Charcoal,Fall,3.4,No,Free Shipping,Yes,Yes,3,PayPal,Bi-Weekly,0,1,26,22.1,77.9,High Dependency,81,Bronze,Neutral,0,22.1,0.0,0,0
1424,51,Male,Sandals,Footwear,60,Michigan,S,Black,Fall,3.5,No,Free Shipping,Yes,Yes,12,Venmo,Every 3 Months,0,1,4,15.8,84.2,High Dependency,720,Silver,Neutral,0,15.8,0.0,0,0
1425,66,Male,Jacket,Outerwear,23,Connecticut,S,Indigo,Fall,3.5,No,Standard,Yes,Yes,34,Bank Transfer,Every 3 Months,0,1,4,42.8,57.2,Moderate Dependency,782,Silver,Neutral,0,42.8,0.0,0,0
1426,59,Male,Coat,Outerwear,40,Wyoming,S,White,Winter,3.7,No,Next Day Air,Yes,Yes,39,Credit Card,Annually,0,1,1,46.5,53.5,Moderate Dependency,1560,Gold,Neutral,0,46.5,4.2,0,0
1427,60,Male,Pants,Clothing,38,Michigan,M,Yellow,Summer,4.8,No,Free Shipping,Yes,Yes,35,PayPal,Every 3 Months,0,1,4,44.0,56.0,Moderate Dependency,1330,Gold,Satisfied,1,44.0,0.0,0,0
1428,31,Male,Backpack,Accessories,90,South Dakota,S,Orange,Summer,4.9,No,Store Pickup,Yes,Yes,8,Credit Card,Annually,0,1,1,8.6,91.4,High Dependency,720,Silver,Satisfied,1,8.6,0.0,0,0
1429,20,Male,Blouse,Clothing,97,North Dakota,S,Green,Summer,4.9,No,Express,Yes,Yes,42,PayPal,Quarterly,0,1,4,52.6,47.4,Moderate Dependency,4074,Platinum,Satisfied,1,52.6,58.3,0,1
1430,24,Male,Skirt,Clothing,38,Maryland,L,Gold,Fall,4.7,No,Standard,Yes,Yes,6,Credit Card,Every 3 Months,0,1,4,8.5,91.5,High Dependency,228,Bronze,Satisfied,1,8.5,0.0,0,0
1431,48,Male,Sandals,Footwear,30,Michigan,S,Orange,Summer,4.9,No,Free Shipping,Yes,Yes,3,Credit Card,Fortnightly,0,1,26,22.1,77.9,High Dependency,90,Bronze,Satisfied,1,22.1,0.0,0,0
1432,39,Male,Pants,Clothing,88,South Dakota,M,Cyan,Fall,2.9,No,Express,Yes,Yes,29,Venmo,Quarterly,0,1,4,36.6,63.4,Moderate Dependency,2552,Platinum,Dissatisfied,0,36.6,19.3,0,0
1433,34,Male,Hat,Accessories,33,Florida,L,Black,Winter,4.4,No,Express,Yes,Yes,32,Debit Card,Quarterly,0,1,4,40.3,59.7,Moderate Dependency,1056,Silver,Satisfied,1,40.3,0.0,0,0
1434,70,Male,Hoodie,Clothing,60,Minnesota,L,Yellow,Winter,3.2,No,Next Day Air,Yes,Yes,45,Debit Card,Weekly,0,1,52,93.9,6.1,Low Dependency,2700,Platinum,Dissatisfied,0,93.9,51.3,1,1
1435,59,Male,Sweater,Clothing,64,New York,L,Maroon,Summer,4.6,No,Free Shipping,Yes,Yes,21,Debit Card,Bi-Weekly,0,1,26,44.1,55.9,Moderate Dependency,1344,Gold,Satisfied,1,44.1,0.0,0,0
1436,45,Male,Scarf,Accessories,95,Oregon,XL,Black,Fall,4.0,No,Standard,Yes,Yes,41,Cash,Weekly,0,1,52,89.0,11.0,Low Dependency,3895,Platinum,Neutral,0,89.0,73.0,1,1
1437,35,Male,Sneakers,Footwear,83,Minnesota,M,Gray,Winter,3.7,No,Free Shipping,Yes,Yes,23,PayPal,Fortnightly,0,1,26,46.5,53.5,Moderate Dependency,1909,Gold,Neutral,0,46.5,11.3,0,0
1438,69,Male,Boots,Footwear,97,Montana,XL,Orange,Winter,4.2,No,Free Shipping,Yes,Yes,14,Cash,Annually,0,1,1,15.9,84.1,High Dependency,1358,Gold,Satisfied,1,15.9,0.0,0,0
1439,58,Male,Coat,Outerwear,38,Washington,M,Cyan,Spring,2.9,No,Standard,Yes,Yes,24,Debit Card,Monthly,0,1,12,36.8,63.2,Moderate Dependency,912,Silver,Dissatisfied,0,36.8,0.0,0,0
1440,25,Male,Boots,Footwear,48,New Mexico,M,Magenta,Summer,4.8,No,Next Day Air,Yes,Yes,25,Cash,Fortnightly,0,1,26,49.0,51.0,Moderate Dependency,1200,Silver,Satisfied,1,49.0,0.0,0,0
1441,27,Male,Sandals,Footwear,76,Arizona,M,Pink,Spring,4.4,No,Standard,Yes,Yes,13,Venmo,Monthly,0,1,12,23.3,76.7,High Dependency,988,Silver,Satisfied,1,23.3,0.0,0,0
1442,34,Male,Pants,Clothing,25,Nebraska,S,Turquoise,Summer,3.4,No,Free Shipping,Yes,Yes,3,Venmo,Every 3 Months,0,1,4,4.8,95.2,High Dependency,75,Bronze,Neutral,0,4.8,0.0,0,0
1443,53,Male,Hoodie,Clothing,92,Idaho,S,Violet,Spring,2.8,No,2-Day Shipping,Yes,Yes,42,Credit Card,Annually,0,1,1,50.2,49.8,Moderate Dependency,3864,Platinum,Dissatisfied,0,50.2,52.8,0,1
1444,58,Male,Sandals,Footwear,47,Idaho,L,Teal,Fall,4.2,No,Next Day Air,Yes,Yes,2,Cash,Monthly,0,1,12,9.9,90.1,High Dependency,94,Bronze,Satisfied,1,9.9,0.0,0,0
1445,32,Male,Sweater,Clothing,36,Vermont,L,Pink,Fall,3.8,No,Express,Yes,Yes,26,Cash,Quarterly,0,1,4,33.0,67.0,High Dependency,936,Silver,Neutral,0,33.0,0.0,0,0
1446,64,Male,Belt,Accessories,51,Arkansas,M,Gold,Fall,3.1,No,2-Day Shipping,Yes,Yes,24,Credit Card,Annually,0,1,1,28.2,71.8,High Dependency,1224,Silver,Dissatisfied,0,28.2,0.0,0,0
1447,63,Male,Jeans,Clothing,35,Wyoming,XL,Red,Summer,3.2,No,Express,Yes,Yes,6,Credit Card,Quarterly,0,1,4,8.5,91.5,High Dependency,210,Bronze,Dissatisfied,0,8.5,0.0,0,0
1448,23,Male,Hoodie,Clothing,57,New Mexico,S,Beige,Summer,3.0,No,Next Day Air,Yes,Yes,25,PayPal,Monthly,0,1,12,38.0,62.0,Moderate Dependency,1425,Gold,Dissatisfied,0,38.0,0.0,0,0
1449,64,Male,Boots,Footwear,95,West Virginia,M,Black,Summer,3.6,No,Free Shipping,Yes,Yes,11,Credit Card,Every 3 Months,0,1,4,14.6,85.4,High Dependency,1045,Silver,Neutral,0,14.6,0.0,0,0
1450,18,Male,Socks,Clothing,41,New York,L,Lavender,Winter,2.5,No,Store Pickup,Yes,Yes,20,Cash,Every 3 Months,0,1,4,25.6,74.4,High Dependency,820,Silver,Dissatisfied,0,25.6,0.0,0,0
1451,25,Male,Dress,Clothing,44,Illinois,S,Teal,Winter,3.4,No,Free Shipping,Yes,Yes,25,Cash,Quarterly,0,1,4,31.7,68.3,High Dependency,1100,Silver,Neutral,0,31.7,0.0,0,0
1452,54,Male,Jacket,Outerwear,34,Utah,M,Maroon,Fall,2.5,No,Next Day Air,Yes,Yes,35,PayPal,Quarterly,0,1,4,44.0,56.0,Moderate Dependency,1190,Silver,Dissatisfied,0,44.0,0.0,0,0
1453,60,Male,Jacket,Outerwear,25,Colorado,L,Blue,Spring,4.7,No,2-Day Shipping,Yes,Yes,11,Bank Transfer,Quarterly,0,1,4,14.6,85.4,High Dependency,275,Bronze,Satisfied,1,14.6,0.0,0,0
1454,36,Male,Boots,Footwear,93,Virginia,S,Teal,Winter,3.2,No,2-Day Shipping,Yes,Yes,41,Bank Transfer,Fortnightly,0,1,26,68.6,31.4,Low Dependency,3813,Platinum,Dissatisfied,0,68.6,61.1,1,1
1455,66,Male,Sneakers,Footwear,50,Georgia,L,Maroon,Winter,2.9,No,Free Shipping,Yes,Yes,17,Credit Card,Annually,0,1,1,19.6,80.4,High Dependency,850,Silver,Dissatisfied,0,19.6,0.0,0,0
1456,60,Male,Pants,Clothing,79,Alabama,L,Silver,Fall,4.9,No,Express,Yes,Yes,1,PayPal,Every 3 Months,0,1,4,2.4,97.6,High Dependency,79,Bronze,Satisfied,1,2.4,0.0,0,0
1457,59,Male,Coat,Outerwear,100,Montana,S,Olive,Spring,2.7,No,Store Pickup,Yes,Yes,30,PayPal,Every 3 Months,0,1,4,37.9,62.1,Moderate Dependency,3000,Platinum,Dissatisfied,0,37.9,29.1,0,0
1458,58,Male,Shirt,Clothing,57,Pennsylvania,S,Gray,Spring,4.7,No,Express,Yes,Yes,47,Venmo,Fortnightly,0,1,26,75.9,24.1,Low Dependency,2679,Platinum,Satisfied,1,75.9,41.8,1,1
1459,35,Male,Sweater,Clothing,28,Missouri,M,Peach,Spring,2.9,No,2-Day Shipping,Yes,Yes,34,Venmo,Weekly,0,1,52,80.4,19.6,Low Dependency,952,Silver,Dissatisfied,0,80.4,9.0,1,0
1460,20,Male,Shoes,Footwear,35,Maine,L,Yellow,Winter,4.8,No,Express,Yes,Yes,18,Venmo,Fortnightly,0,1,26,40.4,59.6,Moderate Dependency,630,Silver,Satisfied,1,40.4,0.0,0,0
1461,70,Male,Boots,Footwear,85,Pennsylvania,L,Violet,Fall,4.6,No,Standard,Yes,Yes,33,Venmo,Bi-Weekly,0,1,26,58.8,41.2,Moderate Dependency,2805,Platinum,Satisfied,1,58.8,35.7,1,1
1462,54,Male,Sunglasses,Accessories,95,Oregon,S,Red,Summer,5.0,No,2-Day Shipping,Yes,Yes,42,Venmo,Quarterly,0,1,4,52.6,47.4,Moderate Dependency,3990,Platinum,Satisfied,1,52.6,56.6,0,1
1463,38,Male,Sneakers,Footwear,90,Utah,S,Charcoal,Summer,4.8,No,2-Day Shipping,Yes,Yes,2,Venmo,Quarterly,0,1,4,3.6,96.4,High Dependency,180,Bronze,Satisfied,1,3.6,0.0,0,0
1464,54,Male,Jewelry,Accessories,49,Oklahoma,M,Beige,Summer,4.9,No,Store Pickup,Yes,Yes,1,Bank Transfer,Monthly,0,1,12,8.6,91.4,High Dependency,49,Bronze,Satisfied,1,8.6,0.0,0,0
1465,33,Male,Belt,Accessories,92,Montana,M,Peach,Winter,4.6,No,2-Day Shipping,Yes,Yes,23,Bank Transfer,Quarterly,0,1,4,29.3,70.7,High Dependency,2116,Gold,Satisfied,1,29.3,6.8,0,0
1466,46,Male,Gloves,Accessories,72,Nebraska,XL,Violet,Winter,3.9,No,Store Pickup,Yes,Yes,42,Cash,Bi-Weekly,0,1,26,69.8,30.2,Low Dependency,3024,Platinum,Neutral,0,69.8,45.7,1,1
1467,58,Male,Shorts,Clothing,71,Alabama,M,Green,Summer,4.5,No,Store Pickup,Yes,Yes,3,PayPal,Annually,0,1,1,2.4,97.6,High Dependency,213,Bronze,Satisfied,1,2.4,0.0,0,0
1468,30,Male,Jewelry,Accessories,27,Ohio,XL,Olive,Winter,4.7,No,Store Pickup,Yes,Yes,16,Debit Card,Fortnightly,0,1,26,38.0,62.0,Moderate Dependency,432,Bronze,Satisfied,1,38.0,0.0,0,0
1469,42,Male,Gloves,Accessories,39,Arkansas,S,Silver,Fall,3.9,No,Express,Yes,Yes,46,Cash,Fortnightly,0,1,26,74.7,25.3,Low Dependency,1794,Gold,Neutral,0,74.7,23.2,1,0
1470,28,Male,Jewelry,Accessories,98,Mississippi,M,Purple,Winter,4.4,No,Standard,Yes,Yes,31,PayPal,Every 3 Months,0,1,4,39.1,60.9,Moderate Dependency,3038,Platinum,Satisfied,1,39.1,30.5,0,0
1471,43,Male,Sandals,Footwear,27,California,M,Silver,Spring,3.9,No,Next Day Air,Yes,Yes,15,Cash,Every 3 Months,0,1,4,19.5,80.5,High Dependency,405,Bronze,Neutral,0,19.5,0.0,0,0
1472,31,Male,Jewelry,Accessories,71,Alaska,S,Gray,Spring,2.8,No,2-Day Shipping,Yes,Yes,48,Venmo,Every 3 Months,0,1,4,59.9,40.1,Moderate Dependency,3408,Platinum,Dissatisfied,0,59.9,48.5,1,1
1473,39,Male,Hat,Accessories,24,Indiana,L,Turquoise,Spring,3.5,No,Store Pickup,Yes,Yes,11,Cash,Weekly,0,1,52,52.2,47.8,Moderate Dependency,264,Bronze,Neutral,0,52.2,0.0,0,0
1474,69,Male,Shorts,Clothing,63,Wisconsin,M,Violet,Fall,4.3,No,Express,Yes,Yes,20,Credit Card,Every 3 Months,0,1,4,25.6,74.4,High Dependency,1260,Silver,Satisfied,1,25.6,0.0,0,0
1475,31,Male,Sweater,Clothing,72,New Jersey,S,Pink,Fall,3.9,No,Next Day Air,Yes,Yes,6,Credit Card,Monthly,0,1,12,14.7,85.3,High Dependency,432,Bronze,Neutral,0,14.7,0.0,0,0
1476,44,Male,Blouse,Clothing,61,Rhode Island,M,Teal,Spring,4.0,No,Express,Yes,Yes,24,Cash,Monthly,0,1,12,36.8,63.2,Moderate Dependency,1464,Gold,Neutral,0,36.8,0.0,0,0
1477,39,Male,Hat,Accessories,56,Wyoming,M,Magenta,Fall,4.1,No,Next Day Air,Yes,Yes,18,Credit Card,Monthly,0,1,12,29.4,70.6,High Dependency,1008,Silver,Satisfied,1,29.4,0.0,0,0
1478,24,Male,Belt,Accessories,32,Oregon,XL,Silver,Summer,4.3,No,Standard,Yes,Yes,1,PayPal,Every 3 Months,0,1,4,2.4,97.6,High Dependency,32,Bronze,Satisfied,1,2.4,0.0,0,0
1479,28,Male,Gloves,Accessories,23,Washington,M,Blue,Summer,4.2,No,Free Shipping,Yes,Yes,13,Venmo,Bi-Weekly,0,1,26,34.3,65.7,Moderate Dependency,299,Bronze,Satisfied,1,34.3,0.0,0,0
1480,48,Male,Coat,Outerwear,100,Washington,L,Black,Spring,4.0,No,Standard,Yes,Yes,2,Bank Transfer,Weekly,0,1,52,41.2,58.8,Moderate Dependency,200,Bronze,Neutral,0,41.2,0.0,0,0
1481,39,Male,Jewelry,Accessories,74,New Hampshire,M,Gold,Fall,3.6,No,Express,Yes,Yes,26,Cash,Quarterly,0,1,4,33.0,67.0,High Dependency,1924,Gold,Neutral,0,33.0,4.8,0,0
1482,64,Male,Skirt,Clothing,33,Maryland,S,Gray,Spring,3.3,No,Standard,Yes,Yes,31,PayPal,Quarterly,0,1,4,39.1,60.9,Moderate Dependency,1023,Silver,Neutral,0,39.1,0.0,0,0
1483,28,Male,Gloves,Accessories,67,Wisconsin,S,Magenta,Spring,4.1,No,2-Day Shipping,Yes,Yes,43,Bank Transfer,Weekly,0,1,52,91.4,8.6,Low Dependency,2881,Platinum,Satisfied,1,91.4,53.7,1,1
1484,39,Male,Jewelry,Accessories,61,Massachusetts,S,Yellow,Summer,4.7,No,Next Day Air,Yes,Yes,12,Debit Card,Bi-Weekly,0,1,26,33.1,66.9,High Dependency,732,Silver,Satisfied,1,33.1,0.0,0,0
1485,49,Male,Shorts,Clothing,46,Nebraska,M,Teal,Summer,4.4,No,Store Pickup,Yes,Yes,22,Venmo,Every 3 Months,0,1,4,28.1,71.9,High Dependency,1012,Silver,Satisfied,1,28.1,0.0,0,0
1486,22,Male,Gloves,Accessories,56,Nebraska,L,Red,Spring,3.4,No,Standard,Yes,Yes,3,Cash,Fortnightly,0,1,26,22.1,77.9,High Dependency,168,Bronze,Neutral,0,22.1,0.0,0,0
1487,25,Male,Sneakers,Footwear,73,Idaho,S,Yellow,Spring,5.0,No,Free Shipping,Yes,Yes,23,Venmo,Every 3 Months,0,1,4,29.3,70.7,High Dependency,1679,Gold,Satisfied,1,29.3,0.0,0,0
1488,40,Male,Skirt,Clothing,44,Arizona,L,Black,Summer,4.6,No,Store Pickup,Yes,Yes,26,PayPal,Annually,0,1,1,30.6,69.4,High Dependency,1144,Silver,Satisfied,1,30.6,0.0,0,0
1489,23,Male,Hat,Accessories,44,Hawaii,L,Pink,Winter,4.0,No,Standard,Yes,Yes,37,Credit Card,Weekly,0,1,52,84.1,15.9,Low Dependency,1628,Gold,Neutral,0,84.1,24.6,1,0
1490,24,Male,Jewelry,Accessories,26,Missouri,XL,Magenta,Summer,4.1,No,Next Day Air,Yes,Yes,42,Venmo,Quarterly,0,1,4,52.6,47.4,Moderate Dependency,1092,Silver,Satisfied,1,52.6,0.0,0,0
1491,66,Male,Sneakers,Footwear,52,Louisiana,L,Olive,Spring,4.9,No,Express,Yes,Yes,15,Venmo,Bi-Weekly,0,1,26,36.8,63.2,Moderate Dependency,780,Silver,Satisfied,1,36.8,0.0,0,0
1492,27,Male,Shirt,Clothing,54,Arkansas,S,Black,Summer,2.7,No,Free Shipping,Yes,Yes,10,Bank Transfer,Quarterly,0,1,4,13.4,86.6,High Dependency,540,Bronze,Dissatisfied,0,13.4,0.0,0,0
1493,62,Male,Jacket,Outerwear,38,North Carolina,M,Maroon,Summer,4.5,No,Free Shipping,Yes,Yes,3,Venmo,Quarterly,0,1,4,4.8,95.2,High Dependency,114,Bronze,Satisfied,1,4.8,0.0,0,0
1494,70,Male,Belt,Accessories,44,North Dakota,S,Gold,Fall,2.7,No,Standard,Yes,Yes,44,Credit Card,Quarterly,0,1,4,55.0,45.0,Moderate Dependency,1936,Gold,Dissatisfied,0,55.0,16.1,0,0
1495,43,Male,T-shirt,Clothing,76,Montana,M,Gray,Spring,3.0,No,Next Day Air,Yes,Yes,23,Bank Transfer,Fortnightly,0,1,26,46.5,53.5,Moderate Dependency,1748,Gold,Dissatisfied,0,46.5,8.0,0,0
1496,45,Male,Jewelry,Accessories,23,Rhode Island,M,Brown,Winter,4.5,No,Next Day Air,Yes,Yes,6,PayPal,Weekly,0,1,52,46.1,53.9,Moderate Dependency,138,Bronze,Satisfied,1,46.1,0.0,0,0
1497,63,Male,T-shirt,Clothing,98,Idaho,M,Purple,Winter,5.0,No,Standard,Yes,Yes,9,Venmo,Bi-Weekly,0,1,26,29.4,70.6,High Dependency,882,Silver,Satisfied,1,29.4,0.0,0,0
1498,69,Male,Jacket,Outerwear,33,Michigan,S,Magenta,Spring,3.8,No,2-Day Shipping,Yes,Yes,16,Debit Card,Every 3 Months,0,1,4,20.7,79.3,High Dependency,528,Bronze,Neutral,0,20.7,0.0,0,0
1499,59,Male,Sweater,Clothing,32,Illinois,M,Teal,Summer,3.1,No,Standard,Yes,Yes,46,Venmo,Fortnightly,0,1,26,74.7,25.3,Low Dependency,1472,Gold,Dissatisfied,0,74.7,16.7,1,0
1500,19,Male,Boots,Footwear,85,Georgia,S,Olive,Fall,3.4,No,Free Shipping,Yes,Yes,24,Credit Card,Every 3 Months,0,1,4,30.5,69.5,High Dependency,2040,Gold,Neutral,0,30.5,5.9,0,0
1501,63,Male,Jeans,Clothing,69,Alabama,L,Maroon,Summer,4.8,No,Next Day Air,Yes,Yes,22,Debit Card,Monthly,0,1,12,34.3,65.7,Moderate Dependency,1518,Gold,Satisfied,1,34.3,0.0,0,0
1502,37,Male,Jeans,Clothing,55,Alaska,XL,Silver,Spring,2.7,No,Standard,Yes,Yes,13,Debit Card,Every 3 Months,0,1,4,17.0,83.0,High Dependency,715,Silver,Dissatisfied,0,17.0,0.0,0,0
1503,37,Male,Pants,Clothing,66,Massachusetts,M,Black,Summer,3.2,No,Store Pickup,Yes,Yes,20,Cash,Fortnightly,0,1,26,42.9,57.1,Moderate Dependency,1320,Gold,Dissatisfied,0,42.9,0.0,0,0
1504,50,Male,Jacket,Outerwear,30,Michigan,M,Maroon,Fall,3.9,No,2-Day Shipping,Yes,Yes,46,Cash,Quarterly,0,1,4,57.5,42.5,Moderate Dependency,1380,Gold,Neutral,0,57.5,6.1,1,0
1505,60,Male,Jacket,Outerwear,80,Alaska,M,Teal,Winter,4.2,No,Next Day Air,Yes,Yes,10,Bank Transfer,Monthly,0,1,12,19.6,80.4,High Dependency,800,Silver,Satisfied,1,19.6,0.0,0,0
1506,46,Male,Belt,Accessories,20,North Dakota,M,Teal,Summer,3.0,No,Express,Yes,Yes,39,Cash,Monthly,0,1,12,55.2,44.8,Moderate Dependency,780,Silver,Dissatisfied,0,55.2,0.0,1,0
1507,35,Male,Shirt,Clothing,30,South Carolina,L,Beige,Fall,3.0,No,2-Day Shipping,Yes,Yes,44,PayPal,Quarterly,0,1,4,55.0,45.0,Moderate Dependency,1320,Gold,Dissatisfied,0,55.0,3.6,0,0
1508,66,Male,Dress,Clothing,86,Pennsylvania,S,Maroon,Winter,3.7,No,2-Day Shipping,Yes,Yes,7,Venmo,Annually,0,1,1,7.3,92.7,High Dependency,602,Bronze,Neutral,0,7.3,0.0,0,0
1509,35,Male,Blouse,Clothing,84,Colorado,L,Beige,Spring,4.4,No,Store Pickup,Yes,Yes,3,Cash,Every 3 Months,0,1,4,4.8,95.2,High Dependency,252,Bronze,Satisfied,1,4.8,0.0,0,0
1510,20,Male,Dress,Clothing,54,New Hampshire,XL,White,Summer,4.6,No,Free Shipping,Yes,Yes,44,Debit Card,Annually,0,1,1,52.7,47.3,Moderate Dependency,2376,Platinum,Satisfied,1,52.7,23.9,0,0
1511,55,Male,Blouse,Clothing,30,Maryland,XL,Gray,Fall,3.0,No,Free Shipping,Yes,Yes,31,Venmo,Annually,0,1,1,36.7,63.3,Moderate Dependency,930,Silver,Dissatisfied,0,36.7,0.0,0,0
1512,34,Male,Dress,Clothing,91,Georgia,M,Violet,Winter,3.6,No,Express,Yes,Yes,48,Credit Card,Weekly,0,1,52,97.6,2.4,Low Dependency,4368,Platinum,Neutral,0,97.6,87.0,1,1
1513,60,Male,Sneakers,Footwear,23,Wisconsin,L,Silver,Winter,3.9,No,Standard,Yes,Yes,18,PayPal,Bi-Weekly,0,1,26,40.4,59.6,Moderate Dependency,414,Bronze,Neutral,0,40.4,0.0,0,0
1514,22,Male,Socks,Clothing,35,Texas,M,Red,Spring,4.1,No,Free Shipping,Yes,Yes,27,Cash,Monthly,0,1,12,40.5,59.5,Moderate Dependency,945,Silver,Satisfied,1,40.5,0.0,0,0
1515,26,Male,Shoes,Footwear,90,Utah,L,Brown,Winter,3.9,No,2-Day Shipping,Yes,Yes,1,Venmo,Weekly,0,1,52,40.0,60.0,Moderate Dependency,90,Bronze,Neutral,0,40.0,0.0,0,0
1516,39,Male,Jeans,Clothing,93,Indiana,S,Turquoise,Fall,3.9,No,2-Day Shipping,Yes,Yes,34,Cash,Weekly,0,1,52,80.4,19.6,Low Dependency,3162,Platinum,Neutral,0,80.4,53.8,1,1
1517,20,Male,Jeans,Clothing,68,Nevada,L,Indigo,Winter,4.5,No,Express,Yes,Yes,5,Bank Transfer,Bi-Weekly,0,1,26,24.5,75.5,High Dependency,340,Bronze,Satisfied,1,24.5,0.0,0,0
1518,57,Male,Gloves,Accessories,41,New Hampshire,M,Violet,Spring,3.4,No,Standard,Yes,Yes,12,Cash,Quarterly,0,1,4,15.8,84.2,High Dependency,492,Bronze,Neutral,0,15.8,0.0,0,0
1519,68,Male,Belt,Accessories,73,New York,M,Yellow,Winter,4.1,No,Next Day Air,Yes,Yes,14,Venmo,Fortnightly,0,1,26,35.5,64.5,Moderate Dependency,1022,Silver,Satisfied,1,35.5,0.0,0,0
1520,50,Male,Sunglasses,Accessories,73,Texas,L,Cyan,Fall,4.9,No,Next Day Air,Yes,Yes,40,PayPal,Weekly,0,1,52,87.8,12.2,Low Dependency,2920,Platinum,Satisfied,1,87.8,52.7,1,1
1521,21,Male,Hat,Accessories,66,Iowa,M,Brown,Summer,4.4,No,2-Day Shipping,Yes,Yes,39,Cash,Quarterly,0,1,4,48.9,51.1,Moderate Dependency,2574,Platinum,Satisfied,1,48.9,26.0,0,0
1522,29,Male,Backpack,Accessories,59,Washington,M,White,Summer,2.7,No,2-Day Shipping,Yes,Yes,50,Bank Transfer,Weekly,0,1,52,100.0,0.0,Low Dependency,2950,Platinum,Dissatisfied,0,100.0,59.4,1,1
1523,38,Male,Shorts,Clothing,72,Tennessee,L,Yellow,Spring,4.8,No,Free Shipping,Yes,Yes,5,Debit Card,Monthly,0,1,12,13.5,86.5,High Dependency,360,Bronze,Satisfied,1,13.5,0.0,0,0
1524,54,Male,Socks,Clothing,88,Georgia,M,White,Summer,3.3,No,2-Day Shipping,Yes,Yes,35,Debit Card,Annually,0,1,1,41.6,58.4,Moderate Dependency,3080,Platinum,Neutral,0,41.6,32.6,0,1
1525,22,Male,Socks,Clothing,76,Massachusetts,L,Pink,Summer,4.4,No,Free Shipping,Yes,Yes,6,Cash,Bi-Weekly,0,1,26,25.7,74.3,High Dependency,456,Bronze,Satisfied,1,25.7,0.0,0,0
1526,29,Male,Belt,Accessories,31,Oregon,M,Indigo,Winter,4.6,No,2-Day Shipping,Yes,Yes,22,Cash,Fortnightly,0,1,26,45.3,54.7,Moderate Dependency,682,Silver,Satisfied,1,45.3,0.0,0,0
1527,41,Male,Jacket,Outerwear,22,Oklahoma,L,White,Summer,3.1,No,Next Day Air,Yes,Yes,27,PayPal,Monthly,0,1,12,40.5,59.5,Moderate Dependency,594,Bronze,Dissatisfied,0,40.5,0.0,0,0
1528,26,Male,Hat,Accessories,75,Wisconsin,L,Red,Fall,4.5,No,2-Day Shipping,Yes,Yes,33,Debit Card,Fortnightly,0,1,26,58.8,41.2,Moderate Dependency,2475,Platinum,Satisfied,1,58.8,29.0,1,0
1529,69,Male,T-shirt,Clothing,75,Oregon,S,Red,Spring,4.0,No,Store Pickup,Yes,Yes,47,Venmo,Bi-Weekly,0,1,26,75.9,24.1,Low Dependency,3525,Platinum,Neutral,0,75.9,58.9,1,1
1530,20,Male,Backpack,Accessories,63,Georgia,M,Lavender,Winter,3.1,No,Free Shipping,Yes,Yes,48,Credit Card,Bi-Weekly,0,1,26,77.2,22.8,Low Dependency,3024,Platinum,Dissatisfied,0,77.2,49.4,1,1
1531,59,Male,Coat,Outerwear,21,New Mexico,M,Teal,Spring,3.9,No,Next Day Air,Yes,Yes,22,Bank Transfer,Quarterly,0,1,4,28.1,71.9,High Dependency,462,Bronze,Neutral,0,28.1,0.0,0,0
1532,63,Male,Backpack,Accessories,83,Mississippi,S,Violet,Spring,4.5,No,Next Day Air,Yes,Yes,8,PayPal,Bi-Weekly,0,1,26,28.2,71.8,High Dependency,664,Silver,Satisfied,1,28.2,0.0,0,0
1533,68,Male,Jacket,Outerwear,46,Wisconsin,S,Silver,Winter,4.4,No,Next Day Air,Yes,Yes,5,PayPal,Every 3 Months,0,1,4,7.3,92.7,High Dependency,230,Bronze,Satisfied,1,7.3,0.0,0,0
1534,50,Male,Shoes,Footwear,59,New Hampshire,M,Gold,Summer,3.6,No,2-Day Shipping,Yes,Yes,16,Bank Transfer,Quarterly,0,1,4,20.7,79.3,High Dependency,944,Silver,Neutral,0,20.7,0.0,0,0
1535,55,Male,Blouse,Clothing,66,Wyoming,M,Green,Summer,3.4,No,Free Shipping,Yes,Yes,26,Venmo,Fortnightly,0,1,26,50.2,49.8,Moderate Dependency,1716,Gold,Neutral,0,50.2,9.2,0,0
1536,36,Male,Sandals,Footwear,74,West Virginia,S,Turquoise,Fall,4.0,No,2-Day Shipping,Yes,Yes,8,Venmo,Monthly,0,1,12,17.2,82.8,High Dependency,592,Bronze,Neutral,0,17.2,0.0,0,0
1537,18,Male,Sunglasses,Accessories,82,Michigan,M,Indigo,Summer,2.6,No,Store Pickup,Yes,Yes,17,Cash,Quarterly,0,1,4,21.9,78.1,High Dependency,1394,Gold,Dissatisfied,0,21.9,0.0,0,0
1538,68,Male,Shoes,Footwear,89,Alaska,L,Black,Spring,3.2,No,Next Day Air,Yes,Yes,50,Venmo,Annually,0,1,1,60.0,40.0,Moderate Dependency,4450,Platinum,Dissatisfied,0,60.0,69.7,1,1
1539,56,Male,Dress,Clothing,65,Illinois,L,Charcoal,Fall,3.2,No,Standard,Yes,Yes,22,Venmo,Bi-Weekly,0,1,26,45.3,54.7,Moderate Dependency,1430,Gold,Dissatisfied,0,45.3,1.0,0,0
1540,32,Male,Belt,Accessories,55,Hawaii,M,Turquoise,Spring,5.0,No,2-Day Shipping,Yes,Yes,19,Cash,Every 3 Months,0,1,4,24.4,75.6,High Dependency,1045,Silver,Satisfied,1,24.4,0.0,0,0
1541,28,Male,Shorts,Clothing,95,Colorado,M,Red,Winter,2.9,No,Next Day Air,Yes,Yes,14,Bank Transfer,Monthly,0,1,12,24.5,75.5,High Dependency,1330,Gold,Dissatisfied,0,24.5,0.0,0,0
1542,24,Male,Handbag,Accessories,77,Illinois,S,Indigo,Winter,2.9,No,Store Pickup,Yes,Yes,35,Cash,Bi-Weekly,0,1,26,61.2,38.8,Moderate Dependency,2695,Platinum,Dissatisfied,0,61.2,34.7,1,1
1543,59,Male,Blouse,Clothing,44,Hawaii,M,Maroon,Winter,3.5,No,Next Day Air,Yes,Yes,43,PayPal,Weekly,0,1,52,91.4,8.6,Low Dependency,1892,Gold,Neutral,0,91.4,33.6,1,1
1544,56,Male,Jeans,Clothing,89,Wisconsin,M,Indigo,Fall,4.0,No,Standard,Yes,Yes,24,Venmo,Annually,0,1,1,28.2,71.8,High Dependency,2136,Gold,Neutral,0,28.2,6.6,0,0
1545,30,Male,Jewelry,Accessories,24,Arkansas,M,Maroon,Spring,3.9,No,Standard,Yes,Yes,17,Debit Card,Bi-Weekly,0,1,26,39.2,60.8,Moderate Dependency,408,Bronze,Neutral,0,39.2,0.0,0,0
1546,48,Male,Belt,Accessories,43,Delaware,M,Black,Winter,4.9,No,Store Pickup,Yes,Yes,49,Bank Transfer,Annually,0,1,1,58.8,41.2,Moderate Dependency,2107,Gold,Satisfied,1,58.8,21.5,1,0
1547,60,Male,Sneakers,Footwear,51,Oregon,XL,Purple,Summer,3.8,No,Express,Yes,Yes,17,Bank Transfer,Annually,0,1,1,19.6,80.4,High Dependency,867,Silver,Neutral,0,19.6,0.0,0,0
1548,46,Male,Hat,Accessories,46,South Carolina,L,Teal,Summer,3.5,No,Standard,Yes,Yes,40,Cash,Quarterly,0,1,4,50.1,49.9,Moderate Dependency,1840,Gold,Neutral,0,50.1,11.7,0,0
1549,69,Male,Dress,Clothing,32,Maryland,M,Silver,Summer,3.7,No,Store Pickup,Yes,Yes,43,Bank Transfer,Weekly,0,1,52,91.4,8.6,Low Dependency,1376,Gold,Neutral,0,91.4,23.1,1,0
1550,19,Male,Sneakers,Footwear,55,Kansas,M,Black,Spring,2.9,No,2-Day Shipping,Yes,Yes,19,Debit Card,Every 3 Months,0,1,4,24.4,75.6,High Dependency,1045,Silver,Dissatisfied,0,24.4,0.0,0,0
1551,66,Male,Sunglasses,Accessories,26,Arkansas,S,Black,Summer,2.8,No,Free Shipping,Yes,Yes,40,Bank Transfer,Quarterly,0,1,4,50.1,49.9,Moderate Dependency,1040,Silver,Dissatisfied,0,50.1,0.0,0,0
1552,64,Male,Handbag,Accessories,29,Minnesota,M,Olive,Summer,3.7,No,2-Day Shipping,Yes,Yes,13,Credit Card,Monthly,0,1,12,23.3,76.7,High Dependency,377,Bronze,Neutral,0,23.3,0.0,0,0
1553,54,Male,Blouse,Clothing,49,New Mexico,L,Purple,Spring,3.0,No,Express,Yes,Yes,20,Credit Card,Monthly,0,1,12,31.9,68.1,High Dependency,980,Silver,Dissatisfied,0,31.9,0.0,0,0
1554,27,Male,Blouse,Clothing,45,Delaware,M,Indigo,Spring,4.8,No,Free Shipping,Yes,Yes,21,Debit Card,Quarterly,0,1,4,26.8,73.2,High Dependency,945,Silver,Satisfied,1,26.8,0.0,0,0
1555,64,Male,Shorts,Clothing,48,Utah,S,Lavender,Winter,2.7,No,Standard,Yes,Yes,18,Cash,Bi-Weekly,0,1,26,40.4,59.6,Moderate Dependency,864,Silver,Dissatisfied,0,40.4,0.0,0,0
1556,43,Male,Shorts,Clothing,47,Ohio,S,Cyan,Winter,4.5,No,Free Shipping,Yes,Yes,44,Cash,Quarterly,0,1,4,55.0,45.0,Moderate Dependency,2068,Gold,Satisfied,1,55.0,18.8,0,0
1557,43,Male,Hoodie,Clothing,57,Alabama,M,Gold,Fall,2.7,No,Standard,Yes,Yes,26,Credit Card,Quarterly,0,1,4,33.0,67.0,High Dependency,1482,Gold,Dissatisfied,0,33.0,0.0,0,0
1558,27,Male,Backpack,Accessories,34,South Dakota,L,Magenta,Fall,3.5,No,Next Day Air,Yes,Yes,34,PayPal,Quarterly,0,1,4,42.8,57.2,Moderate Dependency,1156,Silver,Neutral,0,42.8,0.0,0,0
1559,35,Male,Sunglasses,Accessories,75,New Mexico,XL,Teal,Fall,3.5,No,Express,Yes,Yes,24,Credit Card,Every 3 Months,0,1,4,30.5,69.5,High Dependency,1800,Gold,Neutral,0,30.5,1.0,0,0
1560,43,Male,Scarf,Accessories,94,Oregon,L,Beige,Fall,4.5,No,Store Pickup,Yes,Yes,23,PayPal,Fortnightly,0,1,26,46.5,53.5,Moderate Dependency,2162,Gold,Satisfied,1,46.5,16.4,0,0
1561,57,Male,Hat,Accessories,84,Oregon,M,Teal,Winter,3.8,No,Free Shipping,Yes,Yes,3,Debit Card,Weekly,0,1,52,42.4,57.6,Moderate Dependency,252,Bronze,Neutral,0,42.4,0.0,0,0
1562,50,Male,Scarf,Accessories,38,Mississippi,M,Indigo,Summer,3.8,No,Standard,Yes,Yes,2,Bank Transfer,Quarterly,0,1,4,3.6,96.4,High Dependency,76,Bronze,Neutral,0,3.6,0.0,0,0
1563,37,Male,Scarf,Accessories,75,Alabama,M,Purple,Winter,3.2,No,Next Day Air,Yes,Yes,23,Venmo,Bi-Weekly,0,1,26,46.5,53.5,Moderate Dependency,1725,Gold,Dissatisfied,0,46.5,7.5,0,0
1564,68,Male,Pants,Clothing,44,Kansas,M,Teal,Fall,4.3,No,Next Day Air,Yes,Yes,8,Cash,Weekly,0,1,52,48.6,51.4,Moderate Dependency,352,Bronze,Satisfied,1,48.6,0.0,0,0
1565,22,Male,Backpack,Accessories,33,California,XL,Turquoise,Summer,4.5,No,Next Day Air,Yes,Yes,30,Debit Card,Every 3 Months,0,1,4,37.9,62.1,Moderate Dependency,990,Silver,Satisfied,1,37.9,0.0,0,0
1566,58,Male,Sunglasses,Accessories,93,Idaho,L,Peach,Fall,4.2,No,Free Shipping,Yes,Yes,48,PayPal,Annually,0,1,1,57.6,42.4,Moderate Dependency,4464,Platinum,Satisfied,1,57.6,68.7,1,1
1567,48,Male,Sneakers,Footwear,99,Wyoming,S,Green,Winter,3.0,No,Free Shipping,Yes,Yes,21,Cash,Bi-Weekly,0,1,26,44.1,55.9,Moderate Dependency,2079,Gold,Dissatisfied,0,44.1,13.5,0,0
1568,30,Male,Backpack,Accessories,33,Minnesota,M,Turquoise,Spring,4.1,No,Standard,Yes,Yes,9,Cash,Monthly,0,1,12,18.4,81.6,High Dependency,297,Bronze,Satisfied,1,18.4,0.0,0,0
1569,51,Male,Sneakers,Footwear,76,Washington,L,Yellow,Spring,4.6,No,Store Pickup,Yes,Yes,8,Debit Card,Monthly,0,1,12,17.2,82.8,High Dependency,608,Bronze,Satisfied,1,17.2,0.0,0,0
1570,20,Male,Skirt,Clothing,63,Hawaii,M,Orange,Summer,2.9,No,Standard,Yes,Yes,29,Debit Card,Weekly,0,1,52,74.3,25.7,Low Dependency,1827,Gold,Dissatisfied,0,74.3,23.7,1,0
1571,30,Male,Pants,Clothing,41,Missouri,L,Brown,Winter,4.8,No,Next Day Air,Yes,Yes,3,Bank Transfer,Every 3 Months,0,1,4,4.8,95.2,High Dependency,123,Bronze,Satisfied,1,4.8,0.0,0,0
1572,28,Male,Jewelry,Accessories,88,Colorado,L,Silver,Winter,4.5,No,Next Day Air,Yes,Yes,11,Bank Transfer,Fortnightly,0,1,26,31.9,68.1,High Dependency,968,Silver,Satisfied,1,31.9,0.0,0,0
1573,37,Male,Skirt,Clothing,92,Washington,L,White,Summer,3.4,No,2-Day Shipping,Yes,Yes,16,Debit Card,Monthly,0,1,12,27.0,73.0,High Dependency,1472,Gold,Neutral,0,27.0,0.0,0,0
1574,36,Male,T-shirt,Clothing,31,North Dakota,L,Indigo,Summer,4.3,No,2-Day Shipping,Yes,Yes,25,Debit Card,Weekly,0,1,52,69.4,30.6,Low Dependency,775,Silver,Satisfied,1,69.4,0.0,1,0
1575,18,Male,Skirt,Clothing,25,Minnesota,S,Magenta,Spring,4.2,No,Free Shipping,Yes,Yes,32,PayPal,Bi-Weekly,0,1,26,57.6,42.4,Moderate Dependency,800,Silver,Satisfied,1,57.6,0.0,1,0
1576,52,Male,Shirt,Clothing,28,California,M,Turquoise,Spring,3.6,No,Next Day Air,Yes,Yes,28,Cash,Fortnightly,0,1,26,52.7,47.3,Moderate Dependency,784,Silver,Neutral,0,52.7,0.0,0,0
1577,56,Male,Dress,Clothing,75,Michigan,M,White,Spring,3.7,No,2-Day Shipping,Yes,Yes,36,PayPal,Monthly,0,1,12,51.5,48.5,Moderate Dependency,2700,Platinum,Neutral,0,51.5,29.9,0,0
1578,68,Male,Boots,Footwear,34,Delaware,S,Olive,Spring,4.0,No,Standard,Yes,Yes,7,Venmo,Fortnightly,0,1,26,27.0,73.0,High Dependency,238,Bronze,Neutral,0,27.0,0.0,0,0
1579,62,Male,Pants,Clothing,97,California,S,Maroon,Winter,4.9,No,2-Day Shipping,Yes,Yes,2,PayPal,Quarterly,0,1,4,3.6,96.4,High Dependency,194,Bronze,Satisfied,1,3.6,0.0,0,0
1580,35,Male,Jacket,Outerwear,80,Oklahoma,M,Violet,Summer,3.1,No,Free Shipping,Yes,Yes,6,Bank Transfer,Monthly,0,1,12,14.7,85.3,High Dependency,480,Bronze,Dissatisfied,0,14.7,0.0,0,0
1581,65,Male,Sneakers,Footwear,71,North Dakota,L,Cyan,Summer,3.7,No,Standard,Yes,Yes,30,Cash,Annually,0,1,1,35.5,64.5,Moderate Dependency,2130,Gold,Neutral,0,35.5,10.2,0,0
1582,69,Male,Jewelry,Accessories,77,Ohio,L,Teal,Fall,4.2,No,Free Shipping,Yes,Yes,46,Cash,Quarterly,0,1,4,57.5,42.5,Moderate Dependency,3542,Platinum,Satisfied,1,57.5,50.0,1,1
1583,28,Male,Belt,Accessories,41,Hawaii,L,Red,Spring,2.5,No,Next Day Air,Yes,Yes,39,Cash,Monthly,0,1,12,55.2,44.8,Moderate Dependency,1599,Gold,Dissatisfied,0,55.2,9.4,1,0
1584,37,Male,Scarf,Accessories,92,Maryland,XL,Yellow,Summer,4.3,No,Next Day Air,Yes,Yes,8,Venmo,Annually,0,1,1,8.6,91.4,High Dependency,736,Silver,Satisfied,1,8.6,0.0,0,0
1585,41,Male,Blouse,Clothing,95,Hawaii,S,Silver,Spring,3.1,No,Store Pickup,Yes,Yes,46,Credit Card,Quarterly,0,1,4,57.5,42.5,Moderate Dependency,4370,Platinum,Dissatisfied,0,57.5,66.8,1,1
1586,37,Male,Sweater,Clothing,25,Alabama,M,Charcoal,Fall,3.0,No,Next Day Air,Yes,Yes,40,Debit Card,Fortnightly,0,1,26,67.4,32.6,Low Dependency,1000,Silver,Dissatisfied,0,67.4,3.4,1,0
1587,25,Male,Boots,Footwear,77,Oklahoma,M,Purple,Fall,4.0,No,Express,Yes,Yes,21,Bank Transfer,Weekly,0,1,52,64.5,35.5,Moderate Dependency,1617,Gold,Neutral,0,64.5,14.4,1,0
1588,41,Male,Socks,Clothing,99,Alabama,M,Beige,Summer,3.5,No,Free Shipping,Yes,Yes,33,Credit Card,Fortnightly,0,1,26,58.8,41.2,Moderate Dependency,3267,Platinum,Neutral,0,58.8,45.0,1,1
1589,48,Male,Belt,Accessories,24,Vermont,L,Cyan,Winter,3.2,No,Next Day Air,Yes,Yes,3,Venmo,Monthly,0,1,12,11.1,88.9,High Dependency,72,Bronze,Dissatisfied,0,11.1,0.0,0,0
1590,42,Male,Sneakers,Footwear,72,Ohio,M,Silver,Summer,2.7,No,Store Pickup,Yes,Yes,48,Cash,Weekly,0,1,52,97.6,2.4,Low Dependency,3456,Platinum,Dissatisfied,0,97.6,68.5,1,1
1591,54,Male,Jeans,Clothing,80,Wisconsin,S,Pink,Winter,3.0,No,Free Shipping,Yes,Yes,8,PayPal,Annually,0,1,1,8.6,91.4,High Dependency,640,Silver,Dissatisfied,0,8.6,0.0,0,0
1592,18,Male,Skirt,Clothing,100,South Dakota,L,Gold,Winter,2.9,No,Next Day Air,Yes,Yes,24,PayPal,Annually,0,1,1,28.2,71.8,High Dependency,2400,Platinum,Dissatisfied,0,28.2,12.0,0,0
1593,56,Male,Shoes,Footwear,83,Iowa,M,Cyan,Summer,3.3,No,Free Shipping,Yes,Yes,10,Bank Transfer,Every 3 Months,0,1,4,13.4,86.6,High Dependency,830,Silver,Neutral,0,13.4,0.0,0,0
1594,61,Male,Dress,Clothing,95,Maryland,M,Black,Spring,4.9,No,2-Day Shipping,Yes,Yes,25,Bank Transfer,Monthly,0,1,12,38.0,62.0,Moderate Dependency,2375,Platinum,Satisfied,1,38.0,16.4,0,0
1595,40,Male,Handbag,Accessories,41,Colorado,XL,Charcoal,Summer,3.7,No,Store Pickup,Yes,Yes,3,Cash,Fortnightly,0,1,26,22.1,77.9,High Dependency,123,Bronze,Neutral,0,22.1,0.0,0,0
1596,34,Male,Backpack,Accessories,35,Wisconsin,S,Magenta,Spring,3.5,No,Standard,Yes,Yes,45,Debit Card,Fortnightly,0,1,26,73.5,26.5,Low Dependency,1575,Gold,Neutral,0,73.5,18.1,1,0
1597,42,Male,Jewelry,Accessories,30,Mississippi,S,Pink,Fall,4.7,No,Store Pickup,Yes,Yes,15,Debit Card,Monthly,0,1,12,25.8,74.2,High Dependency,450,Bronze,Satisfied,1,25.8,0.0,0,0
1598,43,Male,Hat,Accessories,21,Mississippi,XL,Maroon,Winter,2.6,No,Store Pickup,Yes,Yes,34,Bank Transfer,Quarterly,0,1,4,42.8,57.2,Moderate Dependency,714,Silver,Dissatisfied,0,42.8,0.0,0,0
1599,47,Male,Jewelry,Accessories,85,California,M,Teal,Fall,4.1,No,Express,Yes,Yes,21,Venmo,Bi-Weekly,0,1,26,44.1,55.9,Moderate Dependency,1785,Gold,Satisfied,1,44.1,7.6,0,0
1600,48,Male,Shirt,Clothing,54,Delaware,M,Orange,Winter,2.8,No,2-Day Shipping,Yes,Yes,22,Debit Card,Bi-Weekly,0,1,26,45.3,54.7,Moderate Dependency,1188,Silver,Dissatisfied,0,45.3,0.0,0,0
1601,20,Male,Boots,Footwear,26,Montana,S,Yellow,Spring,4.7,No,Next Day Air,Yes,Yes,24,PayPal,Weekly,0,1,52,68.2,31.8,Low Dependency,624,Silver,Satisfied,1,68.2,0.0,1,0
1602,65,Male,Shirt,Clothing,59,Indiana,XL,Red,Spring,2.9,No,Store Pickup,Yes,Yes,33,Credit Card,Monthly,0,1,12,47.8,52.2,Moderate Dependency,1947,Gold,Dissatisfied,0,47.8,12.7,0,0
1603,54,Male,Sunglasses,Accessories,48,West Virginia,S,Charcoal,Winter,2.8,No,Free Shipping,Yes,Yes,13,Venmo,Fortnightly,0,1,26,34.3,65.7,Moderate Dependency,624,Silver,Dissatisfied,0,34.3,0.0,0,0
1604,23,Male,Shorts,Clothing,98,Iowa,L,Black,Summer,4.3,No,Next Day Air,Yes,Yes,17,Debit Card,Bi-Weekly,0,1,26,39.2,60.8,Moderate Dependency,1666,Gold,Satisfied,1,39.2,2.7,0,0
1605,18,Male,Sweater,Clothing,92,Maine,M,White,Summer,4.8,No,2-Day Shipping,Yes,Yes,25,Credit Card,Every 3 Months,0,1,4,31.7,68.3,High Dependency,2300,Platinum,Satisfied,1,31.7,11.7,0,0
1606,70,Male,Belt,Accessories,46,Connecticut,M,Lavender,Winter,3.4,No,Next Day Air,Yes,Yes,15,Credit Card,Bi-Weekly,0,1,26,36.8,63.2,Moderate Dependency,690,Silver,Neutral,0,36.8,0.0,0,0
1607,55,Male,T-shirt,Clothing,21,Kansas,S,White,Spring,4.3,No,Standard,Yes,Yes,4,PayPal,Fortnightly,0,1,26,23.3,76.7,High Dependency,84,Bronze,Satisfied,1,23.3,0.0,0,0
1608,49,Male,Shorts,Clothing,72,Vermont,S,Gray,Fall,2.7,No,Free Shipping,Yes,Yes,43,Debit Card,Quarterly,0,1,4,53.8,46.2,Moderate Dependency,3096,Platinum,Dissatisfied,0,53.8,39.1,0,1
1609,26,Male,Sandals,Footwear,58,Nebraska,XL,Cyan,Fall,4.6,No,Next Day Air,Yes,Yes,12,Bank Transfer,Bi-Weekly,0,1,26,33.1,66.9,High Dependency,696,Silver,Satisfied,1,33.1,0.0,0,0
1610,33,Male,Shirt,Clothing,93,Nevada,S,Brown,Fall,4.1,No,Standard,Yes,Yes,3,Venmo,Monthly,0,1,12,11.1,88.9,High Dependency,279,Bronze,Satisfied,1,11.1,0.0,0,0
1611,20,Male,Socks,Clothing,31,Tennessee,L,Purple,Spring,3.4,No,2-Day Shipping,Yes,Yes,1,PayPal,Annually,0,1,1,0.0,100.0,High Dependency,31,Bronze,Neutral,0,0.0,0.0,0,0
1612,41,Male,Pants,Clothing,26,Arkansas,L,Yellow,Winter,4.5,No,Next Day Air,Yes,Yes,6,Debit Card,Monthly,0,1,12,14.7,85.3,High Dependency,156,Bronze,Satisfied,1,14.7,0.0,0,0
1613,18,Male,Skirt,Clothing,68,Wisconsin,M,Indigo,Summer,4.4,No,Standard,Yes,Yes,26,Venmo,Monthly,0,1,12,39.2,60.8,Moderate Dependency,1768,Gold,Satisfied,1,39.2,4.7,0,0
1614,26,Male,Jewelry,Accessories,31,Illinois,S,Black,Summer,4.0,No,Next Day Air,Yes,Yes,6,Credit Card,Fortnightly,0,1,26,25.7,74.3,High Dependency,186,Bronze,Neutral,0,25.7,0.0,0,0
1615,30,Male,T-shirt,Clothing,41,Kansas,S,Gray,Summer,3.4,No,Free Shipping,Yes,Yes,22,Cash,Bi-Weekly,0,1,26,45.3,54.7,Moderate Dependency,902,Silver,Neutral,0,45.3,0.0,0,0
1616,64,Male,Jewelry,Accessories,62,New York,M,Indigo,Fall,3.2,No,Standard,Yes,Yes,45,Cash,Bi-Weekly,0,1,26,73.5,26.5,Low Dependency,2790,Platinum,Dissatisfied,0,73.5,42.8,1,1
1617,26,Male,Hat,Accessories,41,Colorado,M,Green,Spring,3.4,No,Standard,Yes,Yes,50,Cash,Quarterly,0,1,4,62.4,37.6,Moderate Dependency,2050,Gold,Neutral,0,62.4,22.2,1,0
1618,43,Male,Blouse,Clothing,64,Wisconsin,M,Peach,Winter,4.3,No,Standard,Yes,Yes,50,Credit Card,Fortnightly,0,1,26,79.6,20.4,Low Dependency,3200,Platinum,Satisfied,1,79.6,54.2,1,1
1619,63,Male,Sandals,Footwear,72,Michigan,L,Purple,Summer,5.0,No,Standard,Yes,Yes,39,Debit Card,Quarterly,0,1,4,48.9,51.1,Moderate Dependency,2808,Platinum,Satisfied,1,48.9,30.7,0,0
1620,57,Male,Handbag,Accessories,78,Hawaii,L,Beige,Winter,3.5,No,Store Pickup,Yes,Yes,50,Venmo,Bi-Weekly,0,1,26,79.6,20.4,Low Dependency,3900,Platinum,Neutral,0,79.6,68.4,1,1
1621,25,Male,Hat,Accessories,47,Virginia,M,Charcoal,Winter,3.1,No,2-Day Shipping,Yes,Yes,27,PayPal,Every 3 Months,0,1,4,34.2,65.8,Moderate Dependency,1269,Silver,Dissatisfied,0,34.2,0.0,0,0
1622,68,Male,Scarf,Accessories,46,Ohio,L,Gray,Summer,3.9,No,2-Day Shipping,Yes,Yes,38,Debit Card,Fortnightly,0,1,26,64.9,35.1,Moderate Dependency,1748,Gold,Neutral,0,64.9,17.3,1,0
1623,31,Male,Shorts,Clothing,43,Missouri,S,Brown,Winter,4.0,No,Store Pickup,Yes,Yes,37,Bank Transfer,Every 3 Months,0,1,4,46.4,53.6,Moderate Dependency,1591,Gold,Neutral,0,46.4,4.8,0,0
1624,64,Male,Backpack,Accessories,58,Indiana,M,Cyan,Summer,3.5,No,Next Day Air,Yes,Yes,50,Debit Card,Annually,0,1,1,60.0,40.0,Moderate Dependency,2900,Platinum,Neutral,0,60.0,38.2,1,1
1625,38,Male,Sweater,Clothing,32,Florida,M,White,Winter,3.6,No,Free Shipping,Yes,Yes,40,PayPal,Every 3 Months,0,1,4,50.1,49.9,Moderate Dependency,1280,Gold,Neutral,0,50.1,0.3,0,0
1626,34,Male,Skirt,Clothing,45,Minnesota,L,Beige,Winter,3.0,No,Next Day Air,Yes,Yes,3,PayPal,Bi-Weekly,0,1,26,22.1,77.9,High Dependency,135,Bronze,Dissatisfied,0,22.1,0.0,0,0
1627,32,Male,Sneakers,Footwear,35,Nevada,L,Orange,Summer,2.6,No,Next Day Air,Yes,Yes,45,Credit Card,Bi-Weekly,0,1,26,73.5,26.5,Low Dependency,1575,Gold,Dissatisfied,0,73.5,18.1,1,0
1628,69,Male,Sunglasses,Accessories,21,Maine,M,Olive,Winter,2.9,No,Next Day Air,Yes,Yes,8,Credit Card,Annually,0,1,1,8.6,91.4,High Dependency,168,Bronze,Dissatisfied,0,8.6,0.0,0,0
1629,45,Male,Dress,Clothing,64,Massachusetts,S,Teal,Winter,3.1,No,Next Day Air,Yes,Yes,7,Cash,Monthly,0,1,12,16.0,84.0,High Dependency,448,Bronze,Dissatisfied,0,16.0,0.0,0,0
1630,35,Male,Blouse,Clothing,88,North Dakota,S,Silver,Spring,3.3,No,Next Day Air,Yes,Yes,13,Venmo,Quarterly,0,1,4,17.0,83.0,High Dependency,1144,Silver,Neutral,0,17.0,0.0,0,0
1631,63,Male,Shoes,Footwear,48,New Jersey,M,Gold,Summer,2.9,No,Store Pickup,Yes,Yes,29,Venmo,Every 3 Months,0,1,4,36.6,63.4,Moderate Dependency,1392,Gold,Dissatisfied,0,36.6,0.0,0,0
1632,65,Male,Sweater,Clothing,36,Indiana,L,Violet,Summer,3.9,No,2-Day Shipping,Yes,Yes,7,Bank Transfer,Fortnightly,0,1,26,27.0,73.0,High Dependency,252,Bronze,Neutral,0,27.0,0.0,0,0
1633,35,Male,Gloves,Accessories,28,Oregon,S,White,Summer,4.7,No,2-Day Shipping,Yes,Yes,50,Debit Card,Every 3 Months,0,1,4,62.4,37.6,Moderate Dependency,1400,Gold,Satisfied,1,62.4,9.0,1,0
1634,54,Male,Socks,Clothing,80,North Dakota,M,Peach,Spring,4.4,No,2-Day Shipping,Yes,Yes,33,Debit Card,Bi-Weekly,0,1,26,58.8,41.2,Moderate Dependency,2640,Platinum,Satisfied,1,58.8,32.3,1,1
1635,28,Male,Coat,Outerwear,23,South Carolina,S,Orange,Summer,3.6,No,Store Pickup,Yes,Yes,30,Cash,Every 3 Months,0,1,4,37.9,62.1,Moderate Dependency,690,Silver,Neutral,0,37.9,0.0,0,0
1636,68,Male,Sunglasses,Accessories,24,North Carolina,L,Violet,Summer,3.2,No,Standard,Yes,Yes,40,Cash,Annually,0,1,1,47.8,52.2,Moderate Dependency,960,Silver,Dissatisfied,0,47.8,0.0,0,0
1637,58,Male,Boots,Footwear,22,North Dakota,L,Green,Fall,4.0,No,Free Shipping,Yes,Yes,49,Cash,Fortnightly,0,1,26,78.4,21.6,Low Dependency,1078,Silver,Neutral,0,78.4,10.5,1,0
1638,35,Male,Dress,Clothing,21,Massachusetts,M,Peach,Spring,3.5,No,Next Day Air,Yes,Yes,32,Venmo,Fortnightly,0,1,26,57.6,42.4,Moderate Dependency,672,Silver,Neutral,0,57.6,0.0,1,0
1639,68,Male,Jacket,Outerwear,51,Tennessee,M,Black,Spring,4.6,No,Free Shipping,Yes,Yes,18,Venmo,Weekly,0,1,52,60.8,39.2,Moderate Dependency,918,Silver,Satisfied,1,60.8,0.0,1,0
1640,41,Male,Gloves,Accessories,65,Missouri,L,Blue,Summer,3.3,No,Free Shipping,Yes,Yes,50,PayPal,Annually,0,1,1,60.0,40.0,Moderate Dependency,3250,Platinum,Neutral,0,60.0,45.3,1,1
1641,65,Male,Scarf,Accessories,51,Tennessee,S,Magenta,Spring,4.0,No,2-Day Shipping,Yes,Yes,13,PayPal,Weekly,0,1,52,54.7,45.3,Moderate Dependency,663,Silver,Neutral,0,54.7,0.0,0,0
1642,50,Male,Hoodie,Clothing,32,Colorado,L,Violet,Summer,3.4,No,Free Shipping,Yes,Yes,1,Bank Transfer,Every 3 Months,0,1,4,2.4,97.6,High Dependency,32,Bronze,Neutral,0,2.4,0.0,0,0
1643,18,Male,Coat,Outerwear,70,Mississippi,M,Beige,Spring,4.2,No,Store Pickup,Yes,Yes,16,PayPal,Fortnightly,0,1,26,38.0,62.0,Moderate Dependency,1120,Silver,Satisfied,1,38.0,0.0,0,0
1644,38,Male,Scarf,Accessories,77,Ohio,L,Pink,Summer,3.9,No,2-Day Shipping,Yes,Yes,6,PayPal,Monthly,0,1,12,14.7,85.3,High Dependency,462,Bronze,Neutral,0,14.7,0.0,0,0
1645,68,Male,Coat,Outerwear,90,North Carolina,S,Beige,Summer,3.9,No,Next Day Air,Yes,Yes,21,Debit Card,Monthly,0,1,12,33.1,66.9,High Dependency,1890,Gold,Neutral,0,33.1,4.1,0,0
1646,53,Male,Scarf,Accessories,36,Ohio,L,Green,Summer,2.8,No,Standard,Yes,Yes,36,Venmo,Every 3 Months,0,1,4,45.2,54.8,Moderate Dependency,1296,Gold,Dissatisfied,0,45.2,0.0,0,0
1647,58,Male,Handbag,Accessories,77,Nebraska,S,Silver,Summer,3.7,No,Standard,Yes,Yes,20,Bank Transfer,Every 3 Months,0,1,4,25.6,74.4,High Dependency,1540,Gold,Neutral,0,25.6,0.0,0,0
1648,34,Male,Boots,Footwear,78,Hawaii,M,Purple,Summer,4.9,No,Store Pickup,Yes,Yes,8,Debit Card,Quarterly,0,1,4,10.9,89.1,High Dependency,624,Silver,Satisfied,1,10.9,0.0,0,0
1649,36,Male,Pants,Clothing,69,Oklahoma,M,Gray,Summer,2.6,No,Express,Yes,Yes,22,Credit Card,Monthly,0,1,12,34.3,65.7,Moderate Dependency,1518,Gold,Dissatisfied,0,34.3,0.0,0,0
1650,58,Male,T-shirt,Clothing,63,Wisconsin,M,White,Summer,4.9,No,Free Shipping,Yes,Yes,3,Credit Card,Quarterly,0,1,4,4.8,95.2,High Dependency,189,Bronze,Satisfied,1,4.8,0.0,0,0
1651,60,Male,Scarf,Accessories,36,Arkansas,M,Silver,Winter,3.4,No,Next Day Air,Yes,Yes,46,Credit Card,Fortnightly,0,1,26,74.7,25.3,Low Dependency,1656,Gold,Neutral,0,74.7,20.4,1,0
1652,59,Male,Coat,Outerwear,80,Texas,M,Blue,Winter,3.9,No,Standard,Yes,Yes,42,Debit Card,Monthly,0,1,12,58.8,41.2,Moderate Dependency,3360,Platinum,Neutral,0,58.8,46.9,1,1
1653,65,Male,Sweater,Clothing,35,New Mexico,M,Orange,Summer,4.0,No,Next Day Air,Yes,Yes,1,Bank Transfer,Fortnightly,0,1,26,19.6,80.4,High Dependency,35,Bronze,Neutral,0,19.6,0.0,0,0
1654,31,Male,Belt,Accessories,93,Colorado,L,Silver,Winter,3.0,No,2-Day Shipping,Yes,Yes,29,Debit Card,Bi-Weekly,0,1,26,53.9,46.1,Moderate Dependency,2697,Platinum,Dissatisfied,0,53.9,31.0,0,0
1655,43,Male,Belt,Accessories,25,Indiana,L,Gray,Spring,2.6,No,Store Pickup,Yes,Yes,14,Credit Card,Quarterly,0,1,4,18.3,81.7,High Dependency,350,Bronze,Dissatisfied,0,18.3,0.0,0,0
1656,37,Male,Sweater,Clothing,81,Arizona,L,Gold,Spring,3.2,No,Next Day Air,Yes,Yes,4,PayPal,Monthly,0,1,12,12.3,87.7,High Dependency,324,Bronze,Dissatisfied,0,12.3,0.0,0,0
1657,21,Male,Blouse,Clothing,42,Indiana,L,Brown,Spring,2.6,No,2-Day Shipping,Yes,Yes,41,PayPal,Every 3 Months,0,1,4,51.3,48.7,Moderate Dependency,1722,Gold,Dissatisfied,0,51.3,9.9,0,0
1658,69,Male,Skirt,Clothing,36,Indiana,L,Turquoise,Spring,3.2,No,Store Pickup,Yes,Yes,4,Debit Card,Bi-Weekly,0,1,26,23.3,76.7,High Dependency,144,Bronze,Dissatisfied,0,23.3,0.0,0,0
1659,32,Male,Jewelry,Accessories,66,Alaska,S,Pink,Spring,4.1,No,Store Pickup,Yes,Yes,47,Cash,Weekly,0,1,52,96.3,3.7,Low Dependency,3102,Platinum,Satisfied,1,96.3,60.6,1,1
1660,53,Male,Gloves,Accessories,37,Utah,M,Black,Fall,3.9,No,Next Day Air,Yes,Yes,44,Venmo,Annually,0,1,1,52.7,47.3,Moderate Dependency,1628,Gold,Neutral,0,52.7,8.7,0,0
1661,59,Male,T-shirt,Clothing,45,Louisiana,L,Yellow,Winter,4.1,No,Standard,Yes,Yes,37,Venmo,Monthly,0,1,12,52.7,47.3,Moderate Dependency,1665,Gold,Satisfied,1,52.7,9.5,0,0
1662,64,Male,Gloves,Accessories,86,Iowa,S,Beige,Summer,2.7,No,2-Day Shipping,Yes,Yes,21,Debit Card,Quarterly,0,1,4,26.8,73.2,High Dependency,1806,Gold,Dissatisfied,0,26.8,0.0,0,0
1663,63,Male,Sunglasses,Accessories,24,New Mexico,M,Olive,Winter,4.6,No,Free Shipping,Yes,Yes,46,Debit Card,Fortnightly,0,1,26,74.7,25.3,Low Dependency,1104,Silver,Satisfied,1,74.7,9.2,1,0
1664,43,Male,Shirt,Clothing,22,Maine,XL,Gold,Summer,3.5,No,Standard,Yes,Yes,1,Cash,Bi-Weekly,0,1,26,19.6,80.4,High Dependency,22,Bronze,Neutral,0,19.6,0.0,0,0
1665,19,Male,Handbag,Accessories,53,Minnesota,M,Purple,Spring,5.0,No,Next Day Air,Yes,Yes,35,PayPal,Weekly,0,1,52,81.6,18.4,Low Dependency,1855,Gold,Satisfied,1,81.6,27.9,1,0
1666,40,Male,Jacket,Outerwear,41,New Mexico,L,Pink,Fall,3.4,No,Next Day Air,Yes,Yes,49,Venmo,Monthly,0,1,12,67.4,32.6,Low Dependency,2009,Gold,Neutral,0,67.4,23.9,1,0
1667,51,Male,Skirt,Clothing,64,Arkansas,M,Blue,Summer,3.1,No,Store Pickup,Yes,Yes,47,PayPal,Annually,0,1,1,56.3,43.7,Moderate Dependency,3008,Platinum,Dissatisfied,0,56.3,38.5,1,1
1668,51,Male,Handbag,Accessories,40,Oklahoma,L,Brown,Winter,3.4,No,2-Day Shipping,Yes,Yes,24,Bank Transfer,Every 3 Months,0,1,4,30.5,69.5,High Dependency,960,Silver,Neutral,0,30.5,0.0,0,0
1669,66,Male,Blouse,Clothing,33,Utah,L,Charcoal,Summer,4.0,No,Standard,Yes,Yes,28,Debit Card,Fortnightly,0,1,26,52.7,47.3,Moderate Dependency,924,Silver,Neutral,0,52.7,0.0,0,0
1670,42,Male,T-shirt,Clothing,59,Wisconsin,L,Maroon,Winter,2.7,No,Store Pickup,Yes,Yes,22,Bank Transfer,Quarterly,0,1,4,28.1,71.9,High Dependency,1298,Gold,Dissatisfied,0,28.1,0.0,0,0
1671,22,Male,Pants,Clothing,73,Utah,L,Cyan,Fall,3.6,No,Free Shipping,Yes,Yes,20,Cash,Weekly,0,1,52,63.3,36.7,Moderate Dependency,1460,Gold,Neutral,0,63.3,10.7,1,0
1672,31,Male,Hoodie,Clothing,22,Utah,M,Olive,Winter,4.0,No,Free Shipping,Yes,Yes,25,Bank Transfer,Weekly,0,1,52,69.4,30.6,Low Dependency,550,Bronze,Neutral,0,69.4,0.0,1,0
1673,18,Male,Boots,Footwear,73,South Carolina,L,Gold,Fall,3.8,No,Free Shipping,Yes,Yes,15,Venmo,Quarterly,0,1,4,19.5,80.5,High Dependency,1095,Silver,Neutral,0,19.5,0.0,0,0
1674,21,Male,Blouse,Clothing,62,Hawaii,M,Violet,Fall,3.4,No,Next Day Air,Yes,Yes,49,Venmo,Bi-Weekly,0,1,26,78.4,21.6,Low Dependency,3038,Platinum,Neutral,0,78.4,50.3,1,1
1675,35,Male,Coat,Outerwear,56,Alaska,M,Peach,Winter,3.2,No,Free Shipping,Yes,Yes,10,Debit Card,Fortnightly,0,1,26,30.6,69.4,High Dependency,560,Bronze,Dissatisfied,0,30.6,0.0,0,0
1676,35,Male,Pants,Clothing,90,Colorado,M,Beige,Spring,4.7,No,Next Day Air,Yes,Yes,21,Credit Card,Annually,0,1,1,24.5,75.5,High Dependency,1890,Gold,Satisfied,1,24.5,0.0,0,0
1677,27,Male,Sunglasses,Accessories,44,West Virginia,M,Cyan,Winter,3.1,No,Next Day Air,Yes,Yes,34,Bank Transfer,Weekly,0,1,52,80.4,19.6,Low Dependency,1496,Gold,Dissatisfied,0,80.4,20.0,1,0
1678,65,Male,Jeans,Clothing,35,Oregon,L,Silver,Summer,3.3,No,Next Day Air,No,No,41,Debit Card,Weekly,0,0,52,89.0,0.0,No Promo Use,1435,Gold,Neutral,0,89.0,28.7,1,0
1679,41,Male,Pants,Clothing,71,Ohio,S,Magenta,Summer,4.8,No,2-Day Shipping,No,No,30,Venmo,Fortnightly,0,0,26,55.1,0.0,No Promo Use,2130,Gold,Satisfied,1,55.1,42.8,1,1
1680,60,Male,Dress,Clothing,52,Massachusetts,S,Black,Fall,4.5,No,Next Day Air,No,No,24,Debit Card,Bi-Weekly,0,0,26,47.8,0.0,No Promo Use,1248,Silver,Satisfied,1,47.8,24.9,0,0
1681,61,Male,Shoes,Footwear,37,Louisiana,M,Olive,Summer,3.4,No,Store Pickup,No,No,6,Credit Card,Annually,0,0,1,6.1,0.0,No Promo Use,222,Bronze,Neutral,0,6.1,4.1,0,0
1682,24,Male,Sneakers,Footwear,95,Virginia,L,Green,Winter,3.7,No,2-Day Shipping,No,No,14,Credit Card,Bi-Weekly,0,0,26,35.5,0.0,No Promo Use,1330,Gold,Neutral,0,35.5,26.6,0,0
1683,65,Male,Socks,Clothing,97,New York,M,Yellow,Fall,4.9,No,2-Day Shipping,No,No,37,Credit Card,Bi-Weekly,0,0,26,63.7,0.0,No Promo Use,3589,Platinum,Satisfied,1,63.7,72.4,1,1
1684,23,Male,Coat,Outerwear,57,Arkansas,S,Lavender,Spring,3.5,No,Next Day Air,No,No,37,Venmo,Quarterly,0,0,4,46.4,0.0,No Promo Use,2109,Gold,Neutral,0,46.4,42.4,0,1
1685,30,Male,Shirt,Clothing,93,New Mexico,M,Indigo,Spring,4.6,No,Standard,No,No,28,PayPal,Weekly,0,0,52,73.1,0.0,No Promo Use,2604,Platinum,Satisfied,1,73.1,52.4,1,1
1686,33,Male,Blouse,Clothing,48,Minnesota,M,Pink,Winter,4.6,No,Standard,No,No,43,PayPal,Bi-Weekly,0,0,26,71.0,0.0,No Promo Use,2064,Gold,Satisfied,1,71.0,41.4,1,1
1687,22,Male,Gloves,Accessories,75,Illinois,L,Red,Fall,4.2,No,Store Pickup,No,No,25,Cash,Annually,0,0,1,29.4,0.0,No Promo Use,1875,Gold,Satisfied,1,29.4,37.6,0,1
1688,67,Male,Skirt,Clothing,70,Georgia,S,Magenta,Winter,3.7,No,Free Shipping,No,No,4,PayPal,Annually,0,0,1,3.7,0.0,No Promo Use,280,Bronze,Neutral,0,3.7,5.3,0,0
1689,28,Male,Handbag,Accessories,26,Mississippi,S,Peach,Winter,3.0,No,Next Day Air,No,No,13,Venmo,Fortnightly,0,0,26,34.3,0.0,No Promo Use,338,Bronze,Dissatisfied,0,34.3,6.4,0,0
1690,32,Male,Shirt,Clothing,73,North Carolina,L,Turquoise,Winter,4.6,No,Store Pickup,No,No,32,Bank Transfer,Monthly,0,0,12,46.6,0.0,No Promo Use,2336,Platinum,Satisfied,1,46.6,47.0,0,1
1691,40,Male,Coat,Outerwear,30,Nevada,M,Black,Summer,3.2,No,Free Shipping,No,No,1,Cash,Annually,0,0,1,0.0,0.0,No Promo Use,30,Bronze,Dissatisfied,0,0.0,0.2,0,0
1692,64,Male,Shoes,Footwear,61,Connecticut,L,Blue,Summer,3.5,No,Next Day Air,No,No,4,Cash,Annually,0,0,1,3.7,0.0,No Promo Use,244,Bronze,Neutral,0,3.7,4.5,0,0
1693,56,Male,Handbag,Accessories,75,Utah,M,Beige,Winter,2.6,No,Standard,No,No,33,Cash,Bi-Weekly,0,0,26,58.8,0.0,No Promo Use,2475,Platinum,Dissatisfied,0,58.8,49.8,1,1
1694,63,Male,Jacket,Outerwear,88,Tennessee,XL,Olive,Fall,4.9,No,Standard,No,No,45,Bank Transfer,Fortnightly,0,0,26,73.5,0.0,No Promo Use,3960,Platinum,Satisfied,1,73.5,79.9,1,1
1695,20,Male,Shirt,Clothing,67,Mississippi,M,Turquoise,Summer,2.7,No,Express,No,No,20,Debit Card,Fortnightly,0,0,26,42.9,0.0,No Promo Use,1340,Gold,Dissatisfied,0,42.9,26.8,0,0
1696,54,Male,Hat,Accessories,95,Nebraska,S,Yellow,Fall,4.7,No,2-Day Shipping,No,No,1,PayPal,Fortnightly,0,0,26,19.6,0.0,No Promo Use,95,Bronze,Satisfied,1,19.6,1.5,0,0
1697,31,Male,Sunglasses,Accessories,69,West Virginia,S,Turquoise,Spring,4.0,No,Free Shipping,No,No,7,Credit Card,Bi-Weekly,0,0,26,27.0,0.0,No Promo Use,483,Bronze,Neutral,0,27.0,9.4,0,0
1698,36,Male,Shirt,Clothing,87,South Carolina,L,Lavender,Fall,3.5,No,Next Day Air,No,No,48,Credit Card,Every 3 Months,0,0,4,59.9,0.0,No Promo Use,4176,Platinum,Neutral,0,59.9,84.3,1,1
1699,25,Male,Belt,Accessories,41,Iowa,XL,Turquoise,Winter,4.8,No,Standard,No,No,46,Bank Transfer,Quarterly,0,0,4,57.5,0.0,No Promo Use,1886,Gold,Satisfied,1,57.5,37.8,1,1
1700,20,Male,Sweater,Clothing,67,North Dakota,L,Teal,Spring,4.0,No,Free Shipping,No,No,34,Debit Card,Annually,0,0,1,40.4,0.0,No Promo Use,2278,Platinum,Neutral,0,40.4,45.8,0,1
1701,62,Male,Hoodie,Clothing,70,West Virginia,L,Black,Fall,4.1,No,Express,No,No,36,Bank Transfer,Monthly,0,0,12,51.5,0.0,No Promo Use,2520,Platinum,Satisfied,1,51.5,50.7,0,1
1702,69,Male,Handbag,Accessories,41,Mississippi,XL,Blue,Winter,3.8,No,Next Day Air,No,No,44,Debit Card,Every 3 Months,0,0,4,55.0,0.0,No Promo Use,1804,Gold,Neutral,0,55.0,36.2,0,1
1703,54,Male,Jeans,Clothing,83,Alabama,XL,Yellow,Summer,5.0,No,Express,No,No,48,Bank Transfer,Weekly,0,0,52,97.6,0.0,No Promo Use,3984,Platinum,Satisfied,1,97.6,80.4,1,1
1704,39,Male,Backpack,Accessories,22,California,M,Black,Spring,4.0,No,Next Day Air,No,No,12,Bank Transfer,Annually,0,0,1,13.5,0.0,No Promo Use,264,Bronze,Neutral,0,13.5,4.9,0,0
1705,56,Male,Sneakers,Footwear,20,Idaho,M,Lavender,Summer,3.9,No,Store Pickup,No,No,19,Cash,Every 3 Months,0,0,4,24.4,0.0,No Promo Use,380,Bronze,Neutral,0,24.4,7.3,0,0
1706,39,Male,Jewelry,Accessories,29,South Dakota,L,Cyan,Summer,3.4,No,2-Day Shipping,No,No,49,Venmo,Bi-Weekly,0,0,26,78.4,0.0,No Promo Use,1421,Gold,Neutral,0,78.4,28.4,1,0
1707,37,Male,Sunglasses,Accessories,87,North Dakota,M,Brown,Spring,3.0,No,Standard,No,No,25,Venmo,Fortnightly,0,0,26,49.0,0.0,No Promo Use,2175,Gold,Dissatisfied,0,49.0,43.7,0,1
1708,25,Male,Shorts,Clothing,81,Nevada,L,Maroon,Fall,4.9,No,2-Day Shipping,No,No,25,Cash,Bi-Weekly,0,0,26,49.0,0.0,No Promo Use,2025,Gold,Satisfied,1,49.0,40.7,0,1
1709,35,Male,Boots,Footwear,58,Florida,L,Cyan,Spring,3.2,No,Express,No,No,1,Credit Card,Quarterly,0,0,4,2.4,0.0,No Promo Use,58,Bronze,Dissatisfied,0,2.4,0.8,0,0
1710,45,Male,Skirt,Clothing,83,Indiana,M,Pink,Winter,3.8,No,Standard,No,No,19,Bank Transfer,Annually,0,0,1,22.0,0.0,No Promo Use,1577,Gold,Neutral,0,22.0,31.6,0,0
1711,19,Male,Pants,Clothing,59,Arkansas,XL,Orange,Fall,3.8,No,Store Pickup,No,No,7,Credit Card,Quarterly,0,0,4,9.7,0.0,No Promo Use,413,Bronze,Neutral,0,9.7,8.0,0,0
1712,21,Male,T-shirt,Clothing,93,North Carolina,M,Lavender,Spring,4.7,No,Express,No,No,19,Credit Card,Monthly,0,0,12,30.7,0.0,No Promo Use,1767,Gold,Satisfied,1,30.7,35.4,0,1
1713,65,Male,T-shirt,Clothing,87,Illinois,S,Beige,Fall,3.8,No,2-Day Shipping,No,No,9,Cash,Fortnightly,0,0,26,29.4,0.0,No Promo Use,783,Silver,Neutral,0,29.4,15.5,0,0
1714,49,Male,Jacket,Outerwear,22,Missouri,M,Pink,Winter,4.6,No,Free Shipping,No,No,37,PayPal,Quarterly,0,0,4,46.4,0.0,No Promo Use,814,Silver,Satisfied,1,46.4,16.1,0,0
1715,30,Male,Jeans,Clothing,71,South Dakota,S,Charcoal,Summer,4.4,No,Standard,No,No,15,Cash,Monthly,0,0,12,25.8,0.0,No Promo Use,1065,Silver,Satisfied,1,25.8,21.2,0,0
1716,23,Male,Dress,Clothing,69,Idaho,XL,Gray,Spring,3.4,No,2-Day Shipping,No,No,30,PayPal,Bi-Weekly,0,0,26,55.1,0.0,No Promo Use,2070,Gold,Neutral,0,55.1,41.6,1,1
1717,69,Male,Blouse,Clothing,47,Connecticut,M,Cyan,Winter,4.7,No,Standard,No,No,30,Cash,Every 3 Months,0,0,4,37.9,0.0,No Promo Use,1410,Gold,Satisfied,1,37.9,28.2,0,0
1718,29,Male,Hoodie,Clothing,50,Hawaii,L,Orange,Summer,2.9,No,Express,No,No,16,Debit Card,Bi-Weekly,0,0,26,38.0,0.0,No Promo Use,800,Silver,Dissatisfied,0,38.0,15.8,0,0
1719,54,Male,T-shirt,Clothing,96,Maryland,L,Pink,Winter,3.4,No,2-Day Shipping,No,No,14,PayPal,Every 3 Months,0,0,4,18.3,0.0,No Promo Use,1344,Gold,Neutral,0,18.3,26.8,0,0
1720,45,Male,Sweater,Clothing,39,Maryland,M,White,Winter,3.2,No,Free Shipping,No,No,8,Venmo,Quarterly,0,0,4,10.9,0.0,No Promo Use,312,Bronze,Dissatisfied,0,10.9,5.9,0,0
1721,25,Male,Shorts,Clothing,84,Massachusetts,S,Beige,Winter,2.8,No,Express,No,No,40,Debit Card,Bi-Weekly,0,0,26,67.4,0.0,No Promo Use,3360,Platinum,Dissatisfied,0,67.4,67.7,1,1
1722,34,Male,Jewelry,Accessories,28,Delaware,S,Magenta,Spring,4.3,No,Free Shipping,No,No,24,Credit Card,Monthly,0,0,12,36.8,0.0,No Promo Use,672,Silver,Satisfied,1,36.8,13.2,0,0
1723,46,Male,T-shirt,Clothing,51,Massachusetts,L,Violet,Summer,3.3,No,Standard,No,No,14,Cash,Fortnightly,0,0,26,35.5,0.0,No Promo Use,714,Silver,Neutral,0,35.5,14.1,0,0
1724,70,Male,Scarf,Accessories,20,New York,XL,Gold,Spring,3.3,No,Standard,No,No,39,PayPal,Annually,0,0,1,46.5,0.0,No Promo Use,780,Silver,Neutral,0,46.5,15.4,0,0
1725,42,Male,Shoes,Footwear,72,Delaware,S,Teal,Winter,3.3,No,Free Shipping,No,No,21,PayPal,Weekly,0,0,52,64.5,0.0,No Promo Use,1512,Gold,Neutral,0,64.5,30.2,1,0
1726,45,Male,Sunglasses,Accessories,33,Massachusetts,M,Indigo,Spring,3.0,No,Next Day Air,No,No,32,Venmo,Quarterly,0,0,4,40.3,0.0,No Promo Use,1056,Silver,Dissatisfied,0,40.3,21.0,0,0
1727,57,Male,Coat,Outerwear,28,Indiana,S,Olive,Summer,2.8,No,Express,No,No,45,Debit Card,Weekly,0,0,52,93.9,0.0,No Promo Use,1260,Silver,Dissatisfied,0,93.9,25.1,1,0
1728,49,Male,Blouse,Clothing,53,Virginia,S,Violet,Spring,4.0,No,Express,No,No,19,PayPal,Monthly,0,0,12,30.7,0.0,No Promo Use,1007,Silver,Neutral,0,30.7,20.0,0,0
1729,23,Male,Jeans,Clothing,48,Wyoming,L,Black,Fall,4.3,No,Express,No,No,1,Debit Card,Every 3 Months,0,0,4,2.4,0.0,No Promo Use,48,Bronze,Satisfied,1,2.4,0.5,0,0
1730,47,Male,Shorts,Clothing,21,Illinois,M,Brown,Winter,3.8,No,Store Pickup,No,No,12,Venmo,Fortnightly,0,0,26,33.1,0.0,No Promo Use,252,Bronze,Neutral,0,33.1,4.7,0,0
1731,23,Male,Shirt,Clothing,22,Alabama,S,Silver,Fall,4.2,No,Free Shipping,No,No,26,Credit Card,Weekly,0,0,52,70.6,0.0,No Promo Use,572,Bronze,Satisfied,1,70.6,11.2,1,0
1732,21,Male,Backpack,Accessories,87,Idaho,M,Gray,Fall,3.1,No,Next Day Air,No,No,12,Cash,Monthly,0,0,12,22.1,0.0,No Promo Use,1044,Silver,Dissatisfied,0,22.1,20.8,0,0
1733,45,Male,Belt,Accessories,50,Rhode Island,S,Charcoal,Winter,2.6,No,Free Shipping,No,No,36,Cash,Every 3 Months,0,0,4,45.2,0.0,No Promo Use,1800,Gold,Dissatisfied,0,45.2,36.1,0,1
1734,67,Male,Blouse,Clothing,85,New York,L,Black,Summer,3.4,No,Express,No,No,22,Credit Card,Annually,0,0,1,25.7,0.0,No Promo Use,1870,Gold,Neutral,0,25.7,37.5,0,1
1735,31,Male,Jeans,Clothing,98,Missouri,L,Brown,Spring,3.1,No,Next Day Air,No,No,16,PayPal,Quarterly,0,0,4,20.7,0.0,No Promo Use,1568,Gold,Dissatisfied,0,20.7,31.4,0,0
1736,58,Male,Dress,Clothing,34,Texas,M,Purple,Winter,3.6,No,Express,No,No,31,Venmo,Annually,0,0,1,36.7,0.0,No Promo Use,1054,Silver,Neutral,0,36.7,21.0,0,0
1737,57,Male,Shorts,Clothing,61,Tennessee,M,Purple,Summer,2.6,No,2-Day Shipping,No,No,43,Cash,Quarterly,0,0,4,53.8,0.0,No Promo Use,2623,Platinum,Dissatisfied,0,53.8,52.8,0,1
1738,42,Male,Jewelry,Accessories,98,Ohio,L,Gray,Summer,4.2,No,Store Pickup,No,No,50,Venmo,Bi-Weekly,0,0,26,79.6,0.0,No Promo Use,4900,Platinum,Satisfied,1,79.6,99.0,1,1
1739,60,Male,Handbag,Accessories,61,Tennessee,M,Green,Spring,2.9,No,2-Day Shipping,No,No,37,Credit Card,Weekly,0,0,52,84.1,0.0,No Promo Use,2257,Platinum,Dissatisfied,0,84.1,45.4,1,1
1740,21,Male,Jewelry,Accessories,98,Minnesota,L,Silver,Winter,4.2,No,Express,No,No,23,Cash,Weekly,0,0,52,66.9,0.0,No Promo Use,2254,Platinum,Satisfied,1,66.9,45.3,1,1
1741,69,Male,Pants,Clothing,21,Wisconsin,L,Charcoal,Fall,3.3,No,Next Day Air,No,No,10,Bank Transfer,Every 3 Months,0,0,4,13.4,0.0,No Promo Use,210,Bronze,Neutral,0,13.4,3.8,0,0
1742,41,Male,Pants,Clothing,51,Delaware,XL,Teal,Winter,3.6,No,Next Day Air,No,No,20,Bank Transfer,Monthly,0,0,12,31.9,0.0,No Promo Use,1020,Silver,Neutral,0,31.9,20.3,0,0
1743,51,Male,Sandals,Footwear,80,Kansas,XL,White,Spring,4.3,No,Express,No,No,18,Venmo,Every 3 Months,0,0,4,23.2,0.0,No Promo Use,1440,Gold,Satisfied,1,23.2,28.8,0,0
1744,23,Male,Skirt,Clothing,72,Missouri,XL,Brown,Winter,3.3,No,Standard,No,No,3,Bank Transfer,Weekly,0,0,52,42.4,0.0,No Promo Use,216,Bronze,Neutral,0,42.4,4.0,0,0
1745,57,Male,Sunglasses,Accessories,63,Michigan,L,Teal,Winter,3.0,No,Standard,No,No,23,PayPal,Weekly,0,0,52,66.9,0.0,No Promo Use,1449,Gold,Dissatisfied,0,66.9,29.0,1,0
1746,40,Male,Skirt,Clothing,27,West Virginia,L,Red,Winter,3.6,No,Store Pickup,No,No,27,Cash,Weekly,0,0,52,71.8,0.0,No Promo Use,729,Silver,Neutral,0,71.8,14.4,1,0
1747,65,Male,Handbag,Accessories,44,Alabama,L,Brown,Summer,3.1,No,Store Pickup,No,No,44,Bank Transfer,Fortnightly,0,0,26,72.3,0.0,No Promo Use,1936,Gold,Dissatisfied,0,72.3,38.9,1,1
1748,61,Male,Coat,Outerwear,23,New Hampshire,M,Yellow,Winter,2.9,No,Express,No,No,41,Venmo,Quarterly,0,0,4,51.3,0.0,No Promo Use,943,Silver,Dissatisfied,0,51.3,18.7,0,0
1749,34,Male,Skirt,Clothing,93,Montana,L,Teal,Winter,3.9,No,2-Day Shipping,No,No,41,Bank Transfer,Annually,0,0,1,49.0,0.0,No Promo Use,3813,Platinum,Neutral,0,49.0,76.9,0,1
1750,43,Male,Hoodie,Clothing,70,Wyoming,L,Pink,Fall,3.2,No,2-Day Shipping,No,No,36,Debit Card,Every 3 Months,0,0,4,45.2,0.0,No Promo Use,2520,Platinum,Dissatisfied,0,45.2,50.7,0,1
1751,31,Male,Sunglasses,Accessories,85,Missouri,M,White,Fall,3.1,No,Express,No,No,38,Venmo,Every 3 Months,0,0,4,47.7,0.0,No Promo Use,3230,Platinum,Dissatisfied,0,47.7,65.1,0,1
1752,57,Male,Sweater,Clothing,40,Ohio,M,Silver,Winter,3.2,No,2-Day Shipping,No,No,34,Cash,Annually,0,0,1,40.4,0.0,No Promo Use,1360,Gold,Dissatisfied,0,40.4,27.2,0,0
1753,34,Male,Boots,Footwear,29,South Dakota,L,Blue,Winter,3.3,No,Store Pickup,No,No,14,Venmo,Quarterly,0,0,4,18.3,0.0,No Promo Use,406,Bronze,Neutral,0,18.3,7.8,0,0
1754,25,Male,Skirt,Clothing,27,Colorado,L,Black,Fall,4.8,No,Next Day Air,No,No,23,Credit Card,Fortnightly,0,0,26,46.5,0.0,No Promo Use,621,Silver,Satisfied,1,46.5,12.2,0,0
1755,66,Male,Dress,Clothing,93,Massachusetts,S,Beige,Fall,3.8,No,2-Day Shipping,No,No,18,Credit Card,Fortnightly,0,0,26,40.4,0.0,No Promo Use,1674,Gold,Neutral,0,40.4,33.5,0,1
1756,56,Male,Belt,Accessories,20,Delaware,XL,Charcoal,Spring,4.6,No,Next Day Air,No,No,45,Cash,Monthly,0,0,12,62.5,0.0,No Promo Use,900,Silver,Satisfied,1,62.5,17.8,1,0
1757,49,Male,Jewelry,Accessories,55,New Hampshire,S,Cyan,Fall,2.8,No,Free Shipping,No,No,14,Bank Transfer,Weekly,0,0,52,55.9,0.0,No Promo Use,770,Silver,Dissatisfied,0,55.9,15.2,1,0
1758,19,Male,Dress,Clothing,94,Michigan,L,Yellow,Fall,3.6,No,Standard,No,No,48,Debit Card,Annually,0,0,1,57.6,0.0,No Promo Use,4512,Platinum,Neutral,0,57.6,91.1,1,1
1759,27,Male,Hat,Accessories,56,Pennsylvania,M,Silver,Winter,4.3,No,Free Shipping,No,No,17,Venmo,Bi-Weekly,0,0,26,39.2,0.0,No Promo Use,952,Silver,Satisfied,1,39.2,18.9,0,0
1760,68,Male,Sweater,Clothing,58,Louisiana,L,Green,Spring,4.0,No,Next Day Air,No,No,1,PayPal,Weekly,0,0,52,40.0,0.0,No Promo Use,58,Bronze,Neutral,0,40.0,0.8,0,0
1761,20,Male,Skirt,Clothing,44,Minnesota,XL,Peach,Spring,3.5,No,Standard,No,No,39,PayPal,Weekly,0,0,52,86.5,0.0,No Promo Use,1716,Gold,Neutral,0,86.5,34.4,1,1
1762,21,Male,Hoodie,Clothing,95,Hawaii,S,Green,Fall,4.9,No,2-Day Shipping,No,No,24,Cash,Weekly,0,0,52,68.2,0.0,No Promo Use,2280,Platinum,Satisfied,1,68.2,45.8,1,1
1763,36,Male,Sandals,Footwear,42,Idaho,M,Brown,Summer,3.1,No,Express,No,No,41,Bank Transfer,Fortnightly,0,0,26,68.6,0.0,No Promo Use,1722,Gold,Dissatisfied,0,68.6,34.5,1,1
1764,37,Male,Jewelry,Accessories,93,Vermont,M,Lavender,Winter,3.9,No,Store Pickup,No,No,28,PayPal,Annually,0,0,1,33.1,0.0,No Promo Use,2604,Platinum,Neutral,0,33.1,52.4,0,1
1765,61,Male,Dress,Clothing,56,Delaware,M,Charcoal,Summer,3.0,No,Store Pickup,No,No,34,Venmo,Quarterly,0,0,4,42.8,0.0,No Promo Use,1904,Gold,Dissatisfied,0,42.8,38.2,0,1
1766,68,Male,Hoodie,Clothing,88,New Mexico,M,Orange,Spring,4.1,No,2-Day Shipping,No,No,41,Venmo,Quarterly,0,0,4,51.3,0.0,No Promo Use,3608,Platinum,Satisfied,1,51.3,72.8,0,1
1767,60,Male,Sweater,Clothing,54,Alaska,S,Cyan,Winter,4.3,No,2-Day Shipping,No,No,27,Cash,Bi-Weekly,0,0,26,51.4,0.0,No Promo Use,1458,Gold,Satisfied,1,51.4,29.2,0,0
1768,69,Male,Jewelry,Accessories,89,Minnesota,L,Lavender,Fall,3.8,No,2-Day Shipping,No,No,46,Debit Card,Fortnightly,0,0,26,74.7,0.0,No Promo Use,4094,Platinum,Neutral,0,74.7,82.6,1,1
1769,25,Male,Sandals,Footwear,45,Nebraska,M,Indigo,Summer,3.9,No,2-Day Shipping,No,No,2,PayPal,Every 3 Months,0,0,4,3.6,0.0,No Promo Use,90,Bronze,Neutral,0,3.6,1.4,0,0
1770,32,Male,Socks,Clothing,75,Alaska,L,Brown,Winter,4.3,No,Free Shipping,No,No,45,Cash,Monthly,0,0,12,62.5,0.0,No Promo Use,3375,Platinum,Satisfied,1,62.5,68.0,1,1
1771,53,Male,Backpack,Accessories,22,Michigan,M,Pink,Fall,4.3,No,Express,No,No,34,Bank Transfer,Weekly,0,0,52,80.4,0.0,No Promo Use,748,Silver,Satisfied,1,80.4,14.7,1,0
1772,46,Male,Shirt,Clothing,82,Indiana,XL,Turquoise,Fall,4.7,No,Store Pickup,No,No,9,Credit Card,Annually,0,0,1,9.8,0.0,No Promo Use,738,Silver,Satisfied,1,9.8,14.5,0,0
1773,58,Male,Shoes,Footwear,34,Hawaii,M,Gold,Summer,3.1,No,2-Day Shipping,No,No,1,Bank Transfer,Annually,0,0,1,0.0,0.0,No Promo Use,34,Bronze,Dissatisfied,0,0.0,0.3,0,0
1774,21,Male,Coat,Outerwear,92,West Virginia,M,Blue,Summer,2.7,No,Free Shipping,No,No,17,PayPal,Annually,0,0,1,19.6,0.0,No Promo Use,1564,Gold,Dissatisfied,0,19.6,31.3,0,0
1775,46,Male,Sweater,Clothing,78,New York,M,Lavender,Spring,3.7,No,Express,No,No,6,PayPal,Weekly,0,0,52,46.1,0.0,No Promo Use,468,Bronze,Neutral,0,46.1,9.1,0,0
1776,18,Male,Jacket,Outerwear,47,Iowa,M,Violet,Spring,3.3,No,2-Day Shipping,No,No,12,Cash,Bi-Weekly,0,0,26,33.1,0.0,No Promo Use,564,Bronze,Neutral,0,33.1,11.0,0,0
1777,56,Male,Jacket,Outerwear,64,Arizona,L,Cyan,Summer,3.4,No,Free Shipping,No,No,10,Venmo,Every 3 Months,0,0,4,13.4,0.0,No Promo Use,640,Silver,Neutral,0,13.4,12.6,0,0
1778,18,Male,Sneakers,Footwear,44,Minnesota,L,Purple,Winter,4.7,No,Free Shipping,No,No,4,Cash,Fortnightly,0,0,26,23.3,0.0,No Promo Use,176,Bronze,Satisfied,1,23.3,3.1,0,0
1779,49,Male,Belt,Accessories,94,Texas,M,Red,Winter,4.9,No,Store Pickup,No,No,8,Debit Card,Bi-Weekly,0,0,26,28.2,0.0,No Promo Use,752,Silver,Satisfied,1,28.2,14.8,0,0
1780,29,Male,Scarf,Accessories,62,Virginia,M,Charcoal,Winter,4.3,No,Free Shipping,No,No,41,Venmo,Weekly,0,0,52,89.0,0.0,No Promo Use,2542,Platinum,Satisfied,1,89.0,51.1,1,1
1781,67,Male,Jewelry,Accessories,81,North Dakota,S,Gray,Summer,4.2,No,Next Day Air,No,No,49,Credit Card,Weekly,0,0,52,98.8,0.0,No Promo Use,3969,Platinum,Satisfied,1,98.8,80.1,1,1
1782,31,Male,T-shirt,Clothing,33,Iowa,M,Pink,Fall,3.7,No,Express,No,No,49,Bank Transfer,Quarterly,0,0,4,61.1,0.0,No Promo Use,1617,Gold,Neutral,0,61.1,32.4,1,1
1783,52,Male,Pants,Clothing,88,Utah,M,Lavender,Fall,2.7,No,Next Day Air,No,No,40,Bank Transfer,Fortnightly,0,0,26,67.4,0.0,No Promo Use,3520,Platinum,Dissatisfied,0,67.4,71.0,1,1
1784,42,Male,Handbag,Accessories,49,Ohio,L,Lavender,Winter,3.3,No,Free Shipping,No,No,30,Credit Card,Monthly,0,0,12,44.1,0.0,No Promo Use,1470,Gold,Neutral,0,44.1,29.4,0,0
1785,32,Male,Backpack,Accessories,31,Louisiana,L,Yellow,Summer,4.8,No,Standard,No,No,4,Debit Card,Quarterly,0,0,4,6.0,0.0,No Promo Use,124,Bronze,Satisfied,1,6.0,2.1,0,0
1786,47,Male,Gloves,Accessories,29,Iowa,S,Peach,Fall,4.1,No,Next Day Air,No,No,22,Venmo,Monthly,0,0,12,34.3,0.0,No Promo Use,638,Silver,Satisfied,1,34.3,12.5,0,0
1787,45,Male,Jacket,Outerwear,34,Maryland,M,Brown,Spring,4.6,No,2-Day Shipping,No,No,22,Venmo,Monthly,0,0,12,34.3,0.0,No Promo Use,748,Silver,Satisfied,1,34.3,14.7,0,0
1788,20,Male,Sweater,Clothing,38,Montana,L,Gold,Fall,4.9,No,2-Day Shipping,No,No,10,Bank Transfer,Quarterly,0,0,4,13.4,0.0,No Promo Use,380,Bronze,Satisfied,1,13.4,7.3,0,0
1789,66,Male,Blouse,Clothing,41,Illinois,L,Pink,Summer,3.1,No,Store Pickup,No,No,23,Cash,Bi-Weekly,0,0,26,46.5,0.0,No Promo Use,943,Silver,Dissatisfied,0,46.5,18.7,0,0
1790,52,Male,Blouse,Clothing,34,Arizona,L,Peach,Spring,3.0,No,2-Day Shipping,No,No,43,Debit Card,Quarterly,0,0,4,53.8,0.0,No Promo Use,1462,Gold,Dissatisfied,0,53.8,29.2,0,0
1791,50,Male,Gloves,Accessories,26,North Carolina,S,Violet,Summer,3.7,No,Store Pickup,No,No,31,PayPal,Bi-Weekly,0,0,26,56.3,0.0,No Promo Use,806,Silver,Neutral,0,56.3,15.9,1,0
1792,62,Male,Jeans,Clothing,98,Montana,S,Purple,Winter,4.0,No,Store Pickup,No,No,38,Cash,Annually,0,0,1,45.3,0.0,No Promo Use,3724,Platinum,Neutral,0,45.3,75.1,0,1
1793,38,Male,Sneakers,Footwear,59,Iowa,M,Peach,Fall,3.0,No,Express,No,No,22,Debit Card,Every 3 Months,0,0,4,28.1,0.0,No Promo Use,1298,Gold,Dissatisfied,0,28.1,25.9,0,0
1794,65,Male,Hat,Accessories,92,Iowa,S,White,Fall,3.8,No,Store Pickup,No,No,45,Cash,Every 3 Months,0,0,4,56.2,0.0,No Promo Use,4140,Platinum,Neutral,0,56.2,83.6,1,1
1795,60,Male,Backpack,Accessories,40,Ohio,L,Indigo,Spring,3.7,No,Express,No,No,21,Debit Card,Fortnightly,0,0,26,44.1,0.0,No Promo Use,840,Silver,Neutral,0,44.1,16.6,0,0
1796,68,Male,Jeans,Clothing,20,Wisconsin,S,Violet,Fall,4.0,No,2-Day Shipping,No,No,9,Debit Card,Fortnightly,0,0,26,29.4,0.0,No Promo Use,180,Bronze,Neutral,0,29.4,3.2,0,0
1797,62,Male,Skirt,Clothing,35,South Carolina,S,Brown,Spring,3.1,No,Store Pickup,No,No,34,Venmo,Weekly,0,0,52,80.4,0.0,No Promo Use,1190,Silver,Dissatisfied,0,80.4,23.7,1,0
1798,62,Male,Belt,Accessories,35,Oregon,L,Maroon,Spring,3.9,No,2-Day Shipping,No,No,26,Venmo,Weekly,0,0,52,70.6,0.0,No Promo Use,910,Silver,Neutral,0,70.6,18.0,1,0
1799,40,Male,Dress,Clothing,82,North Dakota,L,Magenta,Winter,3.7,No,Express,No,No,1,Cash,Weekly,0,0,52,40.0,0.0,No Promo Use,82,Bronze,Neutral,0,40.0,1.2,0,0
1800,32,Male,Hoodie,Clothing,48,California,M,Charcoal,Fall,3.9,No,Express,No,No,47,Venmo,Weekly,0,0,52,96.3,0.0,No Promo Use,2256,Platinum,Neutral,0,96.3,45.3,1,1
1801,22,Male,Coat,Outerwear,58,Mississippi,XL,Indigo,Winter,2.7,No,Express,No,No,30,Credit Card,Weekly,0,0,52,75.5,0.0,No Promo Use,1740,Gold,Dissatisfied,0,75.5,34.9,1,1
1802,33,Male,Sweater,Clothing,57,New Jersey,M,Turquoise,Spring,3.9,No,Express,No,No,48,Debit Card,Fortnightly,0,0,26,77.2,0.0,No Promo Use,2736,Platinum,Neutral,0,77.2,55.1,1,1
1803,57,Male,Shorts,Clothing,96,Rhode Island,L,Turquoise,Winter,2.6,No,Store Pickup,No,No,31,Venmo,Bi-Weekly,0,0,26,56.3,0.0,No Promo Use,2976,Platinum,Dissatisfied,0,56.3,60.0,1,1
1804,60,Male,Sneakers,Footwear,97,New Hampshire,S,Gray,Summer,3.5,No,Free Shipping,No,No,33,Venmo,Fortnightly,0,0,26,58.8,0.0,No Promo Use,3201,Platinum,Neutral,0,58.8,64.5,1,1
1805,30,Male,Sweater,Clothing,42,Louisiana,L,Peach,Winter,4.4,No,Next Day Air,No,No,39,Credit Card,Weekly,0,0,52,86.5,0.0,No Promo Use,1638,Gold,Satisfied,1,86.5,32.8,1,1
1806,41,Male,T-shirt,Clothing,62,Arizona,L,Gold,Spring,4.9,No,Store Pickup,No,No,46,Debit Card,Weekly,0,0,52,95.1,0.0,No Promo Use,2852,Platinum,Satisfied,1,95.1,57.4,1,1
1807,58,Male,Handbag,Accessories,67,Rhode Island,M,Green,Fall,3.9,No,Standard,No,No,24,Venmo,Annually,0,0,1,28.2,0.0,No Promo Use,1608,Gold,Neutral,0,28.2,32.2,0,1
1808,34,Male,Sneakers,Footwear,46,Vermont,L,Gold,Summer,3.5,No,Standard,No,No,37,Venmo,Fortnightly,0,0,26,63.7,0.0,No Promo Use,1702,Gold,Neutral,0,63.7,34.1,1,1
1809,67,Male,Jacket,Outerwear,71,Tennessee,M,Lavender,Spring,4.3,No,Next Day Air,No,No,7,Debit Card,Monthly,0,0,12,16.0,0.0,No Promo Use,497,Bronze,Satisfied,1,16.0,9.7,0,0
1810,58,Male,Backpack,Accessories,99,Alaska,S,Blue,Fall,3.4,No,Free Shipping,No,No,6,Debit Card,Fortnightly,0,0,26,25.7,0.0,No Promo Use,594,Bronze,Neutral,0,25.7,11.6,0,0
1811,41,Male,Jeans,Clothing,28,Maryland,M,Magenta,Fall,2.7,No,Standard,No,No,16,Cash,Bi-Weekly,0,0,26,38.0,0.0,No Promo Use,448,Bronze,Dissatisfied,0,38.0,8.7,0,0
1812,42,Male,Belt,Accessories,77,Wisconsin,L,Blue,Summer,3.6,No,Standard,No,No,33,Bank Transfer,Annually,0,0,1,39.2,0.0,No Promo Use,2541,Platinum,Neutral,0,39.2,51.1,0,1
1813,50,Male,Boots,Footwear,63,Nevada,S,Blue,Summer,4.9,No,Express,No,No,18,PayPal,Bi-Weekly,0,0,26,40.4,0.0,No Promo Use,1134,Silver,Satisfied,1,40.4,22.6,0,0
1814,40,Male,Shorts,Clothing,62,Illinois,M,Olive,Spring,3.5,No,Free Shipping,No,No,24,PayPal,Weekly,0,0,52,68.2,0.0,No Promo Use,1488,Gold,Neutral,0,68.2,29.8,1,0
1815,32,Male,Jeans,Clothing,92,Montana,M,White,Summer,3.8,No,Free Shipping,No,No,24,Cash,Quarterly,0,0,4,30.5,0.0,No Promo Use,2208,Gold,Neutral,0,30.5,44.4,0,1
1816,51,Male,Shoes,Footwear,72,New Mexico,L,White,Winter,4.5,No,2-Day Shipping,No,No,48,Credit Card,Every 3 Months,0,0,4,59.9,0.0,No Promo Use,3456,Platinum,Satisfied,1,59.9,69.7,1,1
1817,26,Male,Hat,Accessories,79,Virginia,M,Purple,Summer,4.0,No,Express,No,No,4,Cash,Weekly,0,0,52,43.7,0.0,No Promo Use,316,Bronze,Neutral,0,43.7,6.0,0,0
1818,32,Male,T-shirt,Clothing,27,Delaware,M,White,Summer,4.7,No,Free Shipping,No,No,20,Cash,Weekly,0,0,52,63.3,0.0,No Promo Use,540,Bronze,Satisfied,1,63.3,10.5,1,0
1819,58,Male,Sunglasses,Accessories,39,North Carolina,M,White,Fall,3.8,No,Express,No,No,47,Debit Card,Every 3 Months,0,0,4,58.7,0.0,No Promo Use,1833,Gold,Neutral,0,58.7,36.8,1,1
1820,51,Male,Socks,Clothing,86,Nevada,S,Peach,Spring,4.5,No,Next Day Air,No,No,50,Cash,Quarterly,0,0,4,62.4,0.0,No Promo Use,4300,Platinum,Satisfied,1,62.4,86.8,1,1
1821,19,Male,Shirt,Clothing,94,Washington,XL,Gold,Fall,5.0,No,Express,No,No,31,PayPal,Monthly,0,0,12,45.4,0.0,No Promo Use,2914,Platinum,Satisfied,1,45.4,58.7,0,1
1822,57,Male,Shorts,Clothing,53,Maine,M,Teal,Spring,2.8,No,Express,No,No,29,PayPal,Quarterly,0,0,4,36.6,0.0,No Promo Use,1537,Gold,Dissatisfied,0,36.6,30.8,0,0
1823,66,Male,Shirt,Clothing,85,Connecticut,S,Cyan,Summer,4.4,No,Standard,No,No,4,Cash,Annually,0,0,1,3.7,0.0,No Promo Use,340,Bronze,Satisfied,1,3.7,6.5,0,0
1824,62,Male,Socks,Clothing,50,Louisiana,L,Pink,Fall,4.7,No,Free Shipping,No,No,40,Bank Transfer,Bi-Weekly,0,0,26,67.4,0.0,No Promo Use,2000,Gold,Satisfied,1,67.4,40.2,1,1
1825,58,Male,Pants,Clothing,47,Illinois,XL,Magenta,Winter,3.8,No,Express,No,No,31,Cash,Monthly,0,0,12,45.4,0.0,No Promo Use,1457,Gold,Neutral,0,45.4,29.1,0,0
1826,23,Male,Boots,Footwear,75,South Dakota,M,Pink,Winter,4.9,No,Next Day Air,No,No,41,Credit Card,Weekly,0,0,52,89.0,0.0,No Promo Use,3075,Platinum,Satisfied,1,89.0,62.0,1,1
1827,45,Male,T-shirt,Clothing,60,Indiana,M,Turquoise,Winter,4.2,No,Express,No,No,44,Debit Card,Annually,0,0,1,52.7,0.0,No Promo Use,2640,Platinum,Satisfied,1,52.7,53.1,0,1
1828,20,Male,T-shirt,Clothing,36,Vermont,S,Pink,Spring,4.9,No,2-Day Shipping,No,No,31,Bank Transfer,Weekly,0,0,52,76.7,0.0,No Promo Use,1116,Silver,Satisfied,1,76.7,22.2,1,0
1829,33,Male,Coat,Outerwear,80,New Hampshire,L,Gray,Spring,3.9,No,Express,No,No,45,Cash,Every 3 Months,0,0,4,56.2,0.0,No Promo Use,3600,Platinum,Neutral,0,56.2,72.6,1,1
1830,30,Male,Hat,Accessories,96,Oregon,M,White,Spring,4.9,No,2-Day Shipping,No,No,50,Credit Card,Quarterly,0,0,4,62.4,0.0,No Promo Use,4800,Platinum,Satisfied,1,62.4,97.0,1,1
1831,50,Male,Sunglasses,Accessories,80,Kansas,M,Blue,Winter,4.8,No,Express,No,No,7,Venmo,Annually,0,0,1,7.3,0.0,No Promo Use,560,Bronze,Satisfied,1,7.3,10.9,0,0
1832,62,Male,Blouse,Clothing,71,Maine,M,Cyan,Summer,3.3,No,Free Shipping,No,No,5,Bank Transfer,Every 3 Months,0,0,4,7.3,0.0,No Promo Use,355,Bronze,Neutral,0,7.3,6.8,0,0
1833,69,Male,Jewelry,Accessories,29,Louisiana,M,Blue,Fall,4.6,No,Free Shipping,No,No,48,Cash,Monthly,0,0,12,66.2,0.0,No Promo Use,1392,Gold,Satisfied,1,66.2,27.8,1,0
1834,34,Male,Jewelry,Accessories,53,Louisiana,M,Yellow,Spring,4.5,No,2-Day Shipping,No,No,19,PayPal,Fortnightly,0,0,26,41.6,0.0,No Promo Use,1007,Silver,Satisfied,1,41.6,20.0,0,0
1835,49,Male,Skirt,Clothing,35,Indiana,M,Charcoal,Summer,4.1,No,2-Day Shipping,No,No,39,Venmo,Fortnightly,0,0,26,66.1,0.0,No Promo Use,1365,Gold,Satisfied,1,66.1,27.3,1,0
1836,65,Male,Scarf,Accessories,75,Kentucky,M,Lavender,Fall,3.2,No,2-Day Shipping,No,No,45,Credit Card,Quarterly,0,0,4,56.2,0.0,No Promo Use,3375,Platinum,Dissatisfied,0,56.2,68.0,1,1
1837,66,Male,Pants,Clothing,52,South Carolina,M,Teal,Fall,4.2,No,2-Day Shipping,No,No,35,Credit Card,Monthly,0,0,12,50.3,0.0,No Promo Use,1820,Gold,Satisfied,1,50.3,36.5,0,1
1838,41,Male,Hat,Accessories,77,Montana,M,Beige,Winter,4.8,No,Free Shipping,No,No,8,Venmo,Monthly,0,0,12,17.2,0.0,No Promo Use,616,Bronze,Satisfied,1,17.2,12.1,0,0
1839,37,Male,Gloves,Accessories,24,Vermont,L,Blue,Fall,4.1,No,Next Day Air,No,No,11,Credit Card,Quarterly,0,0,4,14.6,0.0,No Promo Use,264,Bronze,Satisfied,1,14.6,4.9,0,0
1840,32,Male,Shirt,Clothing,78,Mississippi,XL,Purple,Winter,3.7,No,Store Pickup,No,No,32,Cash,Annually,0,0,1,38.0,0.0,No Promo Use,2496,Platinum,Neutral,0,38.0,50.2,0,1
1841,42,Male,Sandals,Footwear,98,Wyoming,M,Gold,Winter,2.6,No,Store Pickup,No,No,46,Bank Transfer,Every 3 Months,0,0,4,57.5,0.0,No Promo Use,4508,Platinum,Dissatisfied,0,57.5,91.0,1,1
1842,31,Male,Socks,Clothing,57,Vermont,L,Blue,Winter,3.0,No,Standard,No,No,7,PayPal,Every 3 Months,0,0,4,9.7,0.0,No Promo Use,399,Bronze,Dissatisfied,0,9.7,7.7,0,0
1843,61,Male,Handbag,Accessories,78,Alabama,M,Black,Summer,4.4,No,Express,No,No,1,Debit Card,Annually,0,0,1,0.0,0.0,No Promo Use,78,Bronze,Satisfied,1,0.0,1.2,0,0
1844,36,Male,Jacket,Outerwear,76,Kentucky,M,Charcoal,Fall,4.7,No,Next Day Air,No,No,32,Credit Card,Monthly,0,0,12,46.6,0.0,No Promo Use,2432,Platinum,Satisfied,1,46.6,48.9,0,1
1845,60,Male,Shorts,Clothing,26,South Dakota,M,Purple,Spring,2.7,No,2-Day Shipping,No,No,31,Credit Card,Annually,0,0,1,36.7,0.0,No Promo Use,806,Silver,Dissatisfied,0,36.7,15.9,0,0
1846,51,Male,Sandals,Footwear,78,Delaware,M,Orange,Winter,2.8,No,2-Day Shipping,No,No,39,Bank Transfer,Quarterly,0,0,4,48.9,0.0,No Promo Use,3042,Platinum,Dissatisfied,0,48.9,61.3,0,1
1847,68,Male,Scarf,Accessories,53,Wisconsin,M,Yellow,Summer,2.9,No,Standard,No,No,9,Venmo,Quarterly,0,0,4,12.1,0.0,No Promo Use,477,Bronze,Dissatisfied,0,12.1,9.3,0,0
1848,46,Male,Sandals,Footwear,100,Arizona,XL,Cyan,Summer,4.4,No,Free Shipping,No,No,49,Credit Card,Weekly,0,0,52,98.8,0.0,No Promo Use,4900,Platinum,Satisfied,1,98.8,99.0,1,1
1849,19,Male,Jeans,Clothing,73,Maine,XL,Yellow,Winter,2.7,No,Express,No,No,34,Cash,Every 3 Months,0,0,4,42.8,0.0,No Promo Use,2482,Platinum,Dissatisfied,0,42.8,49.9,0,1
1850,30,Male,Skirt,Clothing,40,New Mexico,M,Maroon,Winter,4.5,No,Store Pickup,No,No,35,Bank Transfer,Monthly,0,0,12,50.3,0.0,No Promo Use,1400,Gold,Satisfied,1,50.3,28.0,0,0
1851,51,Male,Gloves,Accessories,76,Wyoming,S,Black,Winter,2.8,No,Store Pickup,No,No,50,Debit Card,Weekly,0,0,52,100.0,0.0,No Promo Use,3800,Platinum,Dissatisfied,0,100.0,76.7,1,1
1852,28,Male,Skirt,Clothing,80,Delaware,S,Lavender,Fall,3.1,No,Free Shipping,No,No,4,Bank Transfer,Fortnightly,0,0,26,23.3,0.0,No Promo Use,320,Bronze,Dissatisfied,0,23.3,6.1,0,0
1853,41,Male,Sweater,Clothing,80,Pennsylvania,XL,Violet,Winter,3.8,No,Store Pickup,No,No,32,Cash,Weekly,0,0,52,78.0,0.0,No Promo Use,2560,Platinum,Neutral,0,78.0,51.5,1,1
1854,29,Male,Blouse,Clothing,67,North Dakota,XL,Olive,Spring,2.9,No,Express,No,No,11,PayPal,Fortnightly,0,0,26,31.9,0.0,No Promo Use,737,Silver,Dissatisfied,0,31.9,14.5,0,0
1855,25,Male,Sweater,Clothing,61,Kentucky,M,Teal,Spring,3.8,No,Express,No,No,49,Credit Card,Annually,0,0,1,58.8,0.0,No Promo Use,2989,Platinum,Neutral,0,58.8,60.2,1,1
1856,60,Male,Shirt,Clothing,76,Rhode Island,XL,Teal,Spring,4.7,No,Standard,No,No,9,Cash,Annually,0,0,1,9.8,0.0,No Promo Use,684,Silver,Satisfied,1,9.8,13.5,0,0
1857,63,Male,Jewelry,Accessories,55,Arizona,XL,Beige,Summer,3.2,No,Free Shipping,No,No,30,PayPal,Bi-Weekly,0,0,26,55.1,0.0,No Promo Use,1650,Gold,Dissatisfied,0,55.1,33.0,1,1
1858,51,Male,T-shirt,Clothing,85,Colorado,L,Maroon,Summer,4.0,No,Next Day Air,No,No,33,Cash,Monthly,0,0,12,47.8,0.0,No Promo Use,2805,Platinum,Neutral,0,47.8,56.5,0,1
1859,22,Male,Scarf,Accessories,69,Maine,S,Peach,Spring,4.9,No,2-Day Shipping,No,No,8,Debit Card,Annually,0,0,1,8.6,0.0,No Promo Use,552,Bronze,Satisfied,1,8.6,10.8,0,0
1860,54,Male,Belt,Accessories,26,New Jersey,L,Beige,Summer,3.7,No,Store Pickup,No,No,29,Debit Card,Fortnightly,0,0,26,53.9,0.0,No Promo Use,754,Silver,Neutral,0,53.9,14.9,0,0
1861,18,Male,T-shirt,Clothing,64,Kansas,M,Silver,Summer,4.8,No,Next Day Air,No,No,4,Credit Card,Monthly,0,0,12,12.3,0.0,No Promo Use,256,Bronze,Satisfied,1,12.3,4.8,0,0
1862,29,Male,Sneakers,Footwear,60,South Dakota,S,Peach,Fall,3.6,No,Standard,No,No,19,Debit Card,Monthly,0,0,12,30.7,0.0,No Promo Use,1140,Silver,Neutral,0,30.7,22.7,0,0
1863,59,Male,Gloves,Accessories,36,New Hampshire,M,Turquoise,Winter,4.6,No,Express,No,No,10,PayPal,Fortnightly,0,0,26,30.6,0.0,No Promo Use,360,Bronze,Satisfied,1,30.6,6.9,0,0
1864,25,Male,Sandals,Footwear,21,Connecticut,L,Orange,Spring,4.3,No,2-Day Shipping,No,No,39,Debit Card,Monthly,0,0,12,55.2,0.0,No Promo Use,819,Silver,Satisfied,1,55.2,16.2,1,0
1865,19,Male,Backpack,Accessories,72,Wyoming,S,Cyan,Fall,3.2,No,2-Day Shipping,No,No,21,Venmo,Quarterly,0,0,4,26.8,0.0,No Promo Use,1512,Gold,Dissatisfied,0,26.8,30.2,0,0
1866,56,Male,Pants,Clothing,62,Missouri,S,Silver,Summer,3.8,No,Store Pickup,No,No,12,Bank Transfer,Monthly,0,0,12,22.1,0.0,No Promo Use,744,Silver,Neutral,0,22.1,14.7,0,0
1867,31,Male,T-shirt,Clothing,44,Alaska,XL,Gold,Winter,4.2,No,Standard,No,No,9,Credit Card,Fortnightly,0,0,26,29.4,0.0,No Promo Use,396,Bronze,Satisfied,1,29.4,7.6,0,0
1868,45,Male,Skirt,Clothing,52,Delaware,M,Brown,Fall,3.4,No,2-Day Shipping,No,No,20,Venmo,Quarterly,0,0,4,25.6,0.0,No Promo Use,1040,Silver,Neutral,0,25.6,20.7,0,0
1869,23,Male,Gloves,Accessories,58,Indiana,M,Silver,Spring,4.7,No,Next Day Air,No,No,44,Cash,Fortnightly,0,0,26,72.3,0.0,No Promo Use,2552,Platinum,Satisfied,1,72.3,51.3,1,1
1870,18,Male,Blouse,Clothing,77,West Virginia,S,Beige,Spring,3.9,No,2-Day Shipping,No,No,16,Debit Card,Every 3 Months,0,0,4,20.7,0.0,No Promo Use,1232,Silver,Neutral,0,20.7,24.6,0,0
1871,43,Male,Blouse,Clothing,99,Wyoming,L,Violet,Spring,4.3,No,Store Pickup,No,No,27,Debit Card,Fortnightly,0,0,26,51.4,0.0,No Promo Use,2673,Platinum,Satisfied,1,51.4,53.8,0,1
1872,56,Male,Jeans,Clothing,96,Illinois,XL,Violet,Fall,2.7,No,Standard,No,No,14,Cash,Every 3 Months,0,0,4,18.3,0.0,No Promo Use,1344,Gold,Dissatisfied,0,18.3,26.8,0,0
1873,43,Male,T-shirt,Clothing,64,Alaska,M,Lavender,Summer,4.6,No,Standard,No,No,24,Credit Card,Monthly,0,0,12,36.8,0.0,No Promo Use,1536,Gold,Satisfied,1,36.8,30.7,0,0
1874,64,Male,Sweater,Clothing,44,Wisconsin,XL,Red,Fall,2.9,No,Express,No,No,49,Bank Transfer,Weekly,0,0,52,98.8,0.0,No Promo Use,2156,Gold,Dissatisfied,0,98.8,43.3,1,1
1875,67,Male,Pants,Clothing,33,Indiana,L,Purple,Fall,3.6,No,Free Shipping,No,No,14,Cash,Weekly,0,0,52,55.9,0.0,No Promo Use,462,Bronze,Neutral,0,55.9,8.9,1,0
1876,63,Male,Boots,Footwear,71,Tennessee,M,Brown,Winter,3.9,No,Next Day Air,No,No,6,Credit Card,Quarterly,0,0,4,8.5,0.0,No Promo Use,426,Bronze,Neutral,0,8.5,8.2,0,0
1877,54,Male,Skirt,Clothing,36,Illinois,M,Gray,Fall,2.6,No,Standard,No,No,20,Venmo,Quarterly,0,0,4,25.6,0.0,No Promo Use,720,Silver,Dissatisfied,0,25.6,14.2,0,0
1878,69,Male,Gloves,Accessories,62,Pennsylvania,L,Pink,Fall,3.6,No,Express,No,No,3,Credit Card,Annually,0,0,1,2.4,0.0,No Promo Use,186,Bronze,Neutral,0,2.4,3.3,0,0
1879,34,Male,Socks,Clothing,29,Oklahoma,L,Magenta,Summer,3.4,No,Store Pickup,No,No,5,Credit Card,Monthly,0,0,12,13.5,0.0,No Promo Use,145,Bronze,Neutral,0,13.5,2.5,0,0
1880,56,Male,T-shirt,Clothing,33,Tennessee,L,Charcoal,Spring,3.5,No,Express,No,No,46,Cash,Bi-Weekly,0,0,26,74.7,0.0,No Promo Use,1518,Gold,Neutral,0,74.7,30.4,1,0
1881,34,Male,Blouse,Clothing,33,New Jersey,L,Yellow,Fall,3.1,No,2-Day Shipping,No,No,8,Debit Card,Monthly,0,0,12,17.2,0.0,No Promo Use,264,Bronze,Dissatisfied,0,17.2,4.9,0,0
1882,58,Male,Blouse,Clothing,41,New Jersey,M,Red,Winter,4.3,No,Standard,No,No,13,Cash,Bi-Weekly,0,0,26,34.3,0.0,No Promo Use,533,Bronze,Satisfied,1,34.3,10.4,0,0
1883,44,Male,Scarf,Accessories,54,Tennessee,L,Blue,Winter,5.0,No,Store Pickup,No,No,25,Bank Transfer,Quarterly,0,0,4,31.7,0.0,No Promo Use,1350,Gold,Satisfied,1,31.7,27.0,0,0
1884,25,Male,Backpack,Accessories,58,Georgia,M,Cyan,Spring,4.9,No,Store Pickup,No,No,39,Debit Card,Fortnightly,0,0,26,66.1,0.0,No Promo Use,2262,Platinum,Satisfied,1,66.1,45.5,1,1
1885,27,Male,Shorts,Clothing,30,Arizona,S,Pink,Summer,4.3,No,Next Day Air,No,No,15,Bank Transfer,Bi-Weekly,0,0,26,36.8,0.0,No Promo Use,450,Bronze,Satisfied,1,36.8,8.7,0,0
1886,26,Male,Jewelry,Accessories,53,Nevada,S,Maroon,Winter,4.4,No,Standard,No,No,35,Cash,Monthly,0,0,12,50.3,0.0,No Promo Use,1855,Gold,Satisfied,1,50.3,37.2,0,1
1887,18,Male,Gloves,Accessories,91,Arkansas,L,Beige,Spring,4.4,No,Next Day Air,No,No,46,Cash,Bi-Weekly,0,0,26,74.7,0.0,No Promo Use,4186,Platinum,Satisfied,1,74.7,84.5,1,1
1888,64,Male,Hoodie,Clothing,44,North Dakota,XL,Gold,Fall,3.5,No,Express,No,No,3,PayPal,Monthly,0,0,12,11.1,0.0,No Promo Use,132,Bronze,Neutral,0,11.1,2.3,0,0
1889,62,Male,Hoodie,Clothing,89,South Dakota,XL,Turquoise,Winter,3.4,No,Free Shipping,No,No,48,Credit Card,Weekly,0,0,52,97.6,0.0,No Promo Use,4272,Platinum,Neutral,0,97.6,86.2,1,1
1890,59,Male,Skirt,Clothing,57,North Carolina,L,Peach,Spring,2.5,No,Next Day Air,No,No,27,Bank Transfer,Weekly,0,0,52,71.8,0.0,No Promo Use,1539,Gold,Dissatisfied,0,71.8,30.8,1,0
1891,36,Male,Sunglasses,Accessories,57,Hawaii,M,Lavender,Spring,3.4,No,Store Pickup,No,No,5,Credit Card,Weekly,0,0,52,44.9,0.0,No Promo Use,285,Bronze,Neutral,0,44.9,5.4,0,0
1892,69,Male,Jewelry,Accessories,74,New Hampshire,M,Gray,Summer,2.6,No,Next Day Air,No,No,48,Debit Card,Quarterly,0,0,4,59.9,0.0,No Promo Use,3552,Platinum,Dissatisfied,0,59.9,71.6,1,1
1893,39,Male,Jacket,Outerwear,30,California,M,Blue,Fall,4.6,No,2-Day Shipping,No,No,12,Venmo,Weekly,0,0,52,53.5,0.0,No Promo Use,360,Bronze,Satisfied,1,53.5,6.9,0,0
1894,28,Male,Dress,Clothing,20,Delaware,L,Red,Summer,3.7,No,Express,No,No,10,PayPal,Fortnightly,0,0,26,30.6,0.0,No Promo Use,200,Bronze,Neutral,0,30.6,3.6,0,0
1895,42,Male,Hoodie,Clothing,90,Arizona,M,Purple,Fall,2.5,No,Free Shipping,No,No,48,Debit Card,Bi-Weekly,0,0,26,77.2,0.0,No Promo Use,4320,Platinum,Dissatisfied,0,77.2,87.2,1,1
1896,31,Male,Jeans,Clothing,61,Washington,L,Indigo,Fall,4.5,No,Express,No,No,3,Debit Card,Monthly,0,0,12,11.1,0.0,No Promo Use,183,Bronze,Satisfied,1,11.1,3.3,0,0
1897,57,Male,Sandals,Footwear,51,Nevada,M,Gold,Fall,2.9,No,Standard,No,No,19,Venmo,Monthly,0,0,12,30.7,0.0,No Promo Use,969,Silver,Dissatisfied,0,30.7,19.2,0,0
1898,53,Male,Sunglasses,Accessories,97,Alaska,L,Teal,Winter,2.9,No,Free Shipping,No,No,11,Debit Card,Fortnightly,0,0,26,31.9,0.0,No Promo Use,1067,Silver,Dissatisfied,0,31.9,21.2,0,0
1899,59,Male,Pants,Clothing,97,Texas,L,Magenta,Fall,3.5,No,Next Day Air,No,No,25,Venmo,Monthly,0,0,12,38.0,0.0,No Promo Use,2425,Platinum,Neutral,0,38.0,48.8,0,1
1900,32,Male,Shorts,Clothing,40,New York,L,Maroon,Winter,4.2,No,Store Pickup,No,No,42,PayPal,Weekly,0,0,52,90.2,0.0,No Promo Use,1680,Gold,Satisfied,1,90.2,33.7,1,1
1901,65,Male,Jewelry,Accessories,85,Iowa,S,Blue,Summer,3.3,No,Free Shipping,No,No,34,Cash,Quarterly,0,0,4,42.8,0.0,No Promo Use,2890,Platinum,Neutral,0,42.8,58.2,0,1
1902,56,Male,Socks,Clothing,76,Arizona,S,Beige,Winter,3.9,No,Store Pickup,No,No,50,Cash,Quarterly,0,0,4,62.4,0.0,No Promo Use,3800,Platinum,Neutral,0,62.4,76.7,1,1
1903,31,Male,Sandals,Footwear,22,New Mexico,S,Olive,Spring,5.0,No,Store Pickup,No,No,21,Venmo,Monthly,0,0,12,33.1,0.0,No Promo Use,462,Bronze,Satisfied,1,33.1,8.9,0,0
1904,59,Male,Pants,Clothing,63,North Carolina,M,Gold,Summer,3.3,No,Standard,No,No,37,Bank Transfer,Weekly,0,0,52,84.1,0.0,No Promo Use,2331,Platinum,Neutral,0,84.1,46.9,1,1
1905,22,Male,T-shirt,Clothing,71,Nevada,S,Silver,Spring,4.2,No,Free Shipping,No,No,46,Cash,Monthly,0,0,12,63.7,0.0,No Promo Use,3266,Platinum,Satisfied,1,63.7,65.8,1,1
1906,47,Male,Boots,Footwear,35,Idaho,M,Teal,Summer,4.9,No,2-Day Shipping,No,No,14,Bank Transfer,Fortnightly,0,0,26,35.5,0.0,No Promo Use,490,Bronze,Satisfied,1,35.5,9.5,0,0
1907,23,Male,Backpack,Accessories,30,Vermont,M,Green,Spring,4.6,No,2-Day Shipping,No,No,24,PayPal,Fortnightly,0,0,26,47.8,0.0,No Promo Use,720,Silver,Satisfied,1,47.8,14.2,0,0
1908,69,Male,Skirt,Clothing,74,New Mexico,L,Orange,Fall,4.8,No,Store Pickup,No,No,36,Credit Card,Every 3 Months,0,0,4,45.2,0.0,No Promo Use,2664,Platinum,Satisfied,1,45.2,53.6,0,1
1909,18,Male,Scarf,Accessories,71,Georgia,XL,Charcoal,Winter,2.7,No,Next Day Air,No,No,19,Debit Card,Bi-Weekly,0,0,26,41.6,0.0,No Promo Use,1349,Gold,Dissatisfied,0,41.6,26.9,0,0
1910,50,Male,Sweater,Clothing,84,Kentucky,S,Black,Spring,4.3,No,Store Pickup,No,No,12,Credit Card,Monthly,0,0,12,22.1,0.0,No Promo Use,1008,Silver,Satisfied,1,22.1,20.0,0,0
1911,29,Male,Sandals,Footwear,38,New York,S,Yellow,Fall,3.8,No,Express,No,No,13,Debit Card,Quarterly,0,0,4,17.0,0.0,No Promo Use,494,Bronze,Neutral,0,17.0,9.6,0,0
1912,65,Male,Jewelry,Accessories,81,Arizona,M,Gray,Spring,4.9,No,Express,No,No,32,Debit Card,Bi-Weekly,0,0,26,57.6,0.0,No Promo Use,2592,Platinum,Satisfied,1,57.6,52.2,1,1
1913,29,Male,Sweater,Clothing,56,Colorado,S,Charcoal,Winter,3.4,No,2-Day Shipping,No,No,5,Credit Card,Bi-Weekly,0,0,26,24.5,0.0,No Promo Use,280,Bronze,Neutral,0,24.5,5.3,0,0
1914,49,Male,Skirt,Clothing,48,Kentucky,M,Peach,Winter,3.6,No,Express,No,No,29,Cash,Annually,0,0,1,34.3,0.0,No Promo Use,1392,Gold,Neutral,0,34.3,27.8,0,0
1915,28,Male,Shorts,Clothing,97,Alaska,L,Green,Fall,3.4,No,Standard,No,No,40,Credit Card,Fortnightly,0,0,26,67.4,0.0,No Promo Use,3880,Platinum,Neutral,0,67.4,78.3,1,1
1916,51,Male,Backpack,Accessories,74,Alabama,M,Magenta,Fall,4.7,No,2-Day Shipping,No,No,44,Cash,Weekly,0,0,52,92.7,0.0,No Promo Use,3256,Platinum,Satisfied,1,92.7,65.6,1,1
1917,26,Male,Hoodie,Clothing,50,Connecticut,S,Beige,Winter,3.0,No,Next Day Air,No,No,3,Debit Card,Bi-Weekly,0,0,26,22.1,0.0,No Promo Use,150,Bronze,Dissatisfied,0,22.1,2.6,0,0
1918,38,Male,Skirt,Clothing,71,Hawaii,L,Black,Winter,3.4,No,Free Shipping,No,No,35,PayPal,Bi-Weekly,0,0,26,61.2,0.0,No Promo Use,2485,Platinum,Neutral,0,61.2,50.0,1,1
1919,35,Male,Skirt,Clothing,33,Idaho,S,Purple,Summer,4.6,No,Standard,No,No,33,Debit Card,Monthly,0,0,12,47.8,0.0,No Promo Use,1089,Silver,Satisfied,1,47.8,21.7,0,0
1920,34,Male,Backpack,Accessories,56,Virginia,M,Olive,Summer,3.1,No,Express,No,No,20,PayPal,Bi-Weekly,0,0,26,42.9,0.0,No Promo Use,1120,Silver,Dissatisfied,0,42.9,22.3,0,0
1921,51,Male,Blouse,Clothing,84,Connecticut,M,Purple,Spring,2.8,No,Standard,No,No,40,Cash,Every 3 Months,0,0,4,50.1,0.0,No Promo Use,3360,Platinum,Dissatisfied,0,50.1,67.7,0,1
1922,47,Male,Shirt,Clothing,36,Michigan,M,Green,Fall,3.5,No,Store Pickup,No,No,13,Venmo,Annually,0,0,1,14.7,0.0,No Promo Use,468,Bronze,Neutral,0,14.7,9.1,0,0
1923,18,Male,Gloves,Accessories,63,Kentucky,S,Peach,Summer,4.6,No,Standard,No,No,9,PayPal,Monthly,0,0,12,18.4,0.0,No Promo Use,567,Bronze,Satisfied,1,18.4,11.1,0,0
1924,64,Male,Sandals,Footwear,36,Nebraska,XL,Blue,Summer,4.3,No,Standard,No,No,7,Cash,Annually,0,0,1,7.3,0.0,No Promo Use,252,Bronze,Satisfied,1,7.3,4.7,0,0
1925,30,Male,Jacket,Outerwear,63,Michigan,M,Gray,Fall,4.8,No,Free Shipping,No,No,42,PayPal,Quarterly,0,0,4,52.6,0.0,No Promo Use,2646,Platinum,Satisfied,1,52.6,53.3,0,1
1926,59,Male,Sneakers,Footwear,32,Utah,L,Black,Winter,2.9,No,Express,No,No,44,Credit Card,Fortnightly,0,0,26,72.3,0.0,No Promo Use,1408,Gold,Dissatisfied,0,72.3,28.1,1,0
1927,66,Male,Backpack,Accessories,93,New Mexico,M,Silver,Spring,3.0,No,Express,No,No,6,PayPal,Annually,0,0,1,6.1,0.0,No Promo Use,558,Bronze,Dissatisfied,0,6.1,10.9,0,0
1928,40,Male,Pants,Clothing,29,Florida,M,Pink,Summer,2.9,No,Standard,No,No,8,Cash,Every 3 Months,0,0,4,10.9,0.0,No Promo Use,232,Bronze,Dissatisfied,0,10.9,4.3,0,0
1929,25,Male,Sunglasses,Accessories,92,Mississippi,S,Lavender,Summer,3.7,No,Standard,No,No,10,PayPal,Weekly,0,0,52,51.0,0.0,No Promo Use,920,Silver,Neutral,0,51.0,18.2,0,0
1930,59,Male,Jeans,Clothing,33,Hawaii,L,Brown,Fall,4.7,No,Standard,No,No,46,Venmo,Quarterly,0,0,4,57.5,0.0,No Promo Use,1518,Gold,Satisfied,1,57.5,30.4,1,0
1931,66,Male,Pants,Clothing,52,North Carolina,L,Turquoise,Spring,3.5,No,Store Pickup,No,No,26,Cash,Weekly,0,0,52,70.6,0.0,No Promo Use,1352,Gold,Neutral,0,70.6,27.0,1,0
1932,54,Male,Jewelry,Accessories,42,Illinois,S,Olive,Spring,2.7,No,Store Pickup,No,No,6,Debit Card,Every 3 Months,0,0,4,8.5,0.0,No Promo Use,252,Bronze,Dissatisfied,0,8.5,4.7,0,0
1933,42,Male,Hoodie,Clothing,36,Maryland,M,White,Spring,5.0,No,Free Shipping,No,No,47,Credit Card,Every 3 Months,0,0,4,58.7,0.0,No Promo Use,1692,Gold,Satisfied,1,58.7,33.9,1,1
1934,48,Male,Sandals,Footwear,67,Montana,L,Violet,Summer,4.1,No,Next Day Air,No,No,28,Venmo,Annually,0,0,1,33.1,0.0,No Promo Use,1876,Gold,Satisfied,1,33.1,37.6,0,1
1935,34,Male,Jacket,Outerwear,43,Michigan,L,Gold,Winter,2.7,No,Free Shipping,No,No,23,Bank Transfer,Annually,0,0,1,26.9,0.0,No Promo Use,989,Silver,Dissatisfied,0,26.9,19.6,0,0
1936,19,Male,Blouse,Clothing,68,North Carolina,XL,Violet,Spring,4.8,No,Free Shipping,No,No,45,Cash,Fortnightly,0,0,26,73.5,0.0,No Promo Use,3060,Platinum,Satisfied,1,73.5,61.7,1,1
1937,70,Male,Jewelry,Accessories,60,Minnesota,S,Teal,Summer,4.3,No,2-Day Shipping,No,No,44,PayPal,Every 3 Months,0,0,4,55.0,0.0,No Promo Use,2640,Platinum,Satisfied,1,55.0,53.1,0,1
1938,43,Male,Socks,Clothing,53,Delaware,M,Olive,Summer,4.5,No,2-Day Shipping,No,No,11,Bank Transfer,Monthly,0,0,12,20.9,0.0,No Promo Use,583,Bronze,Satisfied,1,20.9,11.4,0,0
1939,46,Male,Jeans,Clothing,23,Kentucky,L,Blue,Spring,3.8,No,Standard,No,No,39,Debit Card,Bi-Weekly,0,0,26,66.1,0.0,No Promo Use,897,Silver,Neutral,0,66.1,17.8,1,0
1940,66,Male,Gloves,Accessories,57,Ohio,L,Magenta,Winter,3.7,No,Store Pickup,No,No,20,PayPal,Every 3 Months,0,0,4,25.6,0.0,No Promo Use,1140,Silver,Neutral,0,25.6,22.7,0,0
1941,50,Male,Hat,Accessories,89,Alaska,L,Gray,Fall,3.9,No,2-Day Shipping,No,No,48,PayPal,Fortnightly,0,0,26,77.2,0.0,No Promo Use,4272,Platinum,Neutral,0,77.2,86.2,1,1
1942,55,Male,Shoes,Footwear,99,Vermont,XL,Peach,Winter,3.3,No,Standard,No,No,46,Credit Card,Quarterly,0,0,4,57.5,0.0,No Promo Use,4554,Platinum,Neutral,0,57.5,92.0,1,1
1943,63,Male,Pants,Clothing,28,Alabama,M,Cyan,Fall,3.4,No,Express,No,No,22,PayPal,Monthly,0,0,12,34.3,0.0,No Promo Use,616,Bronze,Neutral,0,34.3,12.1,0,0
1944,32,Male,Socks,Clothing,53,Wisconsin,L,Violet,Summer,3.8,No,Next Day Air,No,No,45,Cash,Annually,0,0,1,53.9,0.0,No Promo Use,2385,Platinum,Neutral,0,53.9,48.0,0,1
1945,30,Male,Hoodie,Clothing,45,Arkansas,M,Gold,Winter,2.7,No,Free Shipping,No,No,49,Cash,Every 3 Months,0,0,4,61.1,0.0,No Promo Use,2205,Gold,Dissatisfied,0,61.1,44.3,1,1
1946,35,Male,Hoodie,Clothing,38,Georgia,M,Gold,Winter,2.9,No,2-Day Shipping,No,No,9,Credit Card,Every 3 Months,0,0,4,12.1,0.0,No Promo Use,342,Bronze,Dissatisfied,0,12.1,6.5,0,0
1947,59,Male,Pants,Clothing,49,Louisiana,M,White,Summer,4.5,No,Standard,No,No,41,Credit Card,Quarterly,0,0,4,51.3,0.0,No Promo Use,2009,Gold,Satisfied,1,51.3,40.3,0,1
1948,59,Male,Shirt,Clothing,32,New York,M,Gray,Summer,2.6,No,Store Pickup,No,No,2,PayPal,Monthly,0,0,12,9.9,0.0,No Promo Use,64,Bronze,Dissatisfied,0,9.9,0.9,0,0
1949,54,Male,T-shirt,Clothing,37,Connecticut,L,Brown,Winter,3.1,No,Next Day Air,No,No,39,PayPal,Bi-Weekly,0,0,26,66.1,0.0,No Promo Use,1443,Gold,Dissatisfied,0,66.1,28.8,1,0
1950,63,Male,Dress,Clothing,80,Nebraska,L,Gray,Winter,4.7,No,Store Pickup,No,No,12,PayPal,Quarterly,0,0,4,15.8,0.0,No Promo Use,960,Silver,Satisfied,1,15.8,19.1,0,0
1951,43,Male,Backpack,Accessories,78,Arkansas,L,Blue,Summer,4.6,No,Free Shipping,No,No,26,PayPal,Every 3 Months,0,0,4,33.0,0.0,No Promo Use,2028,Gold,Satisfied,1,33.0,40.7,0,1
1952,33,Male,Gloves,Accessories,53,Connecticut,L,Gold,Summer,2.7,No,Next Day Air,No,No,32,Bank Transfer,Bi-Weekly,0,0,26,57.6,0.0,No Promo Use,1696,Gold,Dissatisfied,0,57.6,34.0,1,1
1953,57,Male,Shoes,Footwear,82,Maryland,L,Yellow,Summer,4.6,No,2-Day Shipping,No,No,50,Cash,Bi-Weekly,0,0,26,79.6,0.0,No Promo Use,4100,Platinum,Satisfied,1,79.6,82.8,1,1
1954,25,Male,Skirt,Clothing,33,Colorado,XL,Green,Spring,4.8,No,Standard,No,No,3,PayPal,Fortnightly,0,0,26,22.1,0.0,No Promo Use,99,Bronze,Satisfied,1,22.1,1.6,0,0
1955,26,Male,Gloves,Accessories,77,Colorado,M,Pink,Winter,4.2,No,Free Shipping,No,No,3,Venmo,Quarterly,0,0,4,4.8,0.0,No Promo Use,231,Bronze,Satisfied,1,4.8,4.3,0,0
1956,50,Male,Hoodie,Clothing,56,Maine,M,Pink,Winter,4.9,No,Express,No,No,37,Cash,Monthly,0,0,12,52.7,0.0,No Promo Use,2072,Gold,Satisfied,1,52.7,41.6,0,1
1957,70,Male,Socks,Clothing,37,Oklahoma,M,Pink,Winter,4.9,No,Express,No,No,20,Credit Card,Fortnightly,0,0,26,42.9,0.0,No Promo Use,740,Silver,Satisfied,1,42.9,14.6,0,0
1958,68,Male,Gloves,Accessories,54,South Carolina,M,Cyan,Spring,4.5,No,Store Pickup,No,No,26,Cash,Bi-Weekly,0,0,26,50.2,0.0,No Promo Use,1404,Gold,Satisfied,1,50.2,28.1,0,0
1959,39,Male,Shorts,Clothing,67,Nevada,M,Gray,Winter,2.7,No,Store Pickup,No,No,47,Cash,Quarterly,0,0,4,58.7,0.0,No Promo Use,3149,Platinum,Dissatisfied,0,58.7,63.5,1,1
1960,46,Male,Shoes,Footwear,90,Colorado,M,White,Fall,3.1,No,Store Pickup,No,No,7,Credit Card,Every 3 Months,0,0,4,9.7,0.0,No Promo Use,630,Silver,Dissatisfied,0,9.7,12.4,0,0
1961,57,Male,Jeans,Clothing,72,Massachusetts,L,Red,Summer,3.3,No,2-Day Shipping,No,No,40,Credit Card,Annually,0,0,1,47.8,0.0,No Promo Use,2880,Platinum,Neutral,0,47.8,58.0,0,1
1962,47,Male,Boots,Footwear,59,Nevada,L,Black,Summer,2.6,No,Free Shipping,No,No,45,Debit Card,Quarterly,0,0,4,56.2,0.0,No Promo Use,2655,Platinum,Dissatisfied,0,56.2,53.4,1,1
1963,40,Male,Hat,Accessories,45,Iowa,M,Silver,Fall,4.4,No,Standard,No,No,20,PayPal,Fortnightly,0,0,26,42.9,0.0,No Promo Use,900,Silver,Satisfied,1,42.9,17.8,0,0
1964,52,Male,Shorts,Clothing,30,Michigan,L,Pink,Spring,3.9,No,Standard,No,No,11,Credit Card,Weekly,0,0,52,52.2,0.0,No Promo Use,330,Bronze,Neutral,0,52.2,6.3,0,0
1965,40,Male,Pants,Clothing,51,West Virginia,S,Cyan,Summer,4.6,No,Express,No,No,50,Debit Card,Monthly,0,0,12,68.6,0.0,No Promo Use,2550,Platinum,Satisfied,1,68.6,51.3,1,1
1966,67,Male,Sweater,Clothing,90,Indiana,M,White,Fall,4.9,No,Express,No,No,25,Debit Card,Quarterly,0,0,4,31.7,0.0,No Promo Use,2250,Platinum,Satisfied,1,31.7,45.2,0,1
1967,67,Male,Jacket,Outerwear,95,Indiana,XL,Purple,Winter,3.7,No,Express,No,No,5,Credit Card,Fortnightly,0,0,26,24.5,0.0,No Promo Use,475,Bronze,Neutral,0,24.5,9.2,0,0
1968,37,Male,Dress,Clothing,81,Georgia,L,Yellow,Fall,3.7,No,Standard,No,No,4,Venmo,Annually,0,0,1,3.7,0.0,No Promo Use,324,Bronze,Neutral,0,3.7,6.1,0,0
1969,67,Male,Shirt,Clothing,70,Minnesota,S,Blue,Spring,4.2,No,Standard,No,No,25,Credit Card,Weekly,0,0,52,69.4,0.0,No Promo Use,1750,Gold,Satisfied,1,69.4,35.1,1,1
1970,64,Male,Dress,Clothing,32,Louisiana,S,Cyan,Winter,3.5,No,Next Day Air,No,No,11,Bank Transfer,Fortnightly,0,0,26,31.9,0.0,No Promo Use,352,Bronze,Neutral,0,31.9,6.7,0,0
1971,28,Male,Belt,Accessories,94,Maryland,M,Indigo,Spring,2.9,No,Next Day Air,No,No,4,Credit Card,Bi-Weekly,0,0,26,23.3,0.0,No Promo Use,376,Bronze,Dissatisfied,0,23.3,7.2,0,0
1972,54,Male,Hat,Accessories,29,Pennsylvania,XL,Indigo,Spring,3.4,No,Next Day Air,No,No,1,Venmo,Monthly,0,0,12,8.6,0.0,No Promo Use,29,Bronze,Neutral,0,8.6,0.2,0,0
1973,54,Male,Backpack,Accessories,31,Louisiana,M,Silver,Summer,3.3,No,Express,No,No,48,PayPal,Every 3 Months,0,0,4,59.9,0.0,No Promo Use,1488,Gold,Neutral,0,59.9,29.8,1,0
1974,24,Male,Skirt,Clothing,20,Maryland,XL,Red,Fall,4.5,No,Standard,No,No,9,Venmo,Every 3 Months,0,0,4,12.1,0.0,No Promo Use,180,Bronze,Satisfied,1,12.1,3.2,0,0
1975,27,Male,Gloves,Accessories,44,Tennessee,M,Peach,Winter,4.6,No,2-Day Shipping,No,No,2,PayPal,Fortnightly,0,0,26,20.8,0.0,No Promo Use,88,Bronze,Satisfied,1,20.8,1.4,0,0
1976,53,Male,Jacket,Outerwear,77,Illinois,L,Turquoise,Fall,2.9,No,Express,No,No,4,Cash,Quarterly,0,0,4,6.0,0.0,No Promo Use,308,Bronze,Dissatisfied,0,6.0,5.8,0,0
1977,32,Male,Handbag,Accessories,51,Wyoming,M,Pink,Spring,3.2,No,Next Day Air,No,No,43,PayPal,Fortnightly,0,0,26,71.0,0.0,No Promo Use,2193,Gold,Dissatisfied,0,71.0,44.1,1,1
1978,24,Male,Sandals,Footwear,49,Florida,M,Teal,Summer,2.6,No,Free Shipping,No,No,32,Bank Transfer,Annually,0,0,1,38.0,0.0,No Promo Use,1568,Gold,Dissatisfied,0,38.0,31.4,0,0
1979,45,Male,Sunglasses,Accessories,78,Massachusetts,L,Magenta,Spring,3.8,No,Store Pickup,No,No,1,Cash,Quarterly,0,0,4,2.4,0.0,No Promo Use,78,Bronze,Neutral,0,2.4,1.2,0,0
1980,49,Male,Jeans,Clothing,98,Tennessee,L,Blue,Spring,2.8,No,Store Pickup,No,No,38,Debit Card,Fortnightly,0,0,26,64.9,0.0,No Promo Use,3724,Platinum,Dissatisfied,0,64.9,75.1,1,1
1981,51,Male,Sandals,Footwear,94,Iowa,M,Green,Winter,4.4,No,Store Pickup,No,No,25,PayPal,Fortnightly,0,0,26,49.0,0.0,No Promo Use,2350,Platinum,Satisfied,1,49.0,47.3,0,1
1982,69,Male,Shoes,Footwear,91,Michigan,L,Violet,Summer,4.7,No,Express,No,No,42,PayPal,Quarterly,0,0,4,52.6,0.0,No Promo Use,3822,Platinum,Satisfied,1,52.6,77.1,0,1
1983,41,Male,Sunglasses,Accessories,77,Kansas,M,Turquoise,Summer,2.7,No,2-Day Shipping,No,No,32,PayPal,Monthly,0,0,12,46.6,0.0,No Promo Use,2464,Platinum,Dissatisfied,0,46.6,49.6,0,1
1984,59,Male,Scarf,Accessories,97,Georgia,M,Pink,Summer,2.6,No,Next Day Air,No,No,21,Debit Card,Quarterly,0,0,4,26.8,0.0,No Promo Use,2037,Gold,Dissatisfied,0,26.8,40.9,0,1
1985,26,Male,Skirt,Clothing,58,West Virginia,M,Black,Summer,3.4,No,2-Day Shipping,No,No,26,PayPal,Fortnightly,0,0,26,50.2,0.0,No Promo Use,1508,Gold,Neutral,0,50.2,30.2,0,0
1986,23,Male,Gloves,Accessories,97,Tennessee,M,Gold,Spring,3.9,No,2-Day Shipping,No,No,6,Credit Card,Fortnightly,0,0,26,25.7,0.0,No Promo Use,582,Bronze,Neutral,0,25.7,11.4,0,0
1987,62,Male,Coat,Outerwear,48,Arkansas,L,Green,Summer,3.4,No,2-Day Shipping,No,No,14,Venmo,Quarterly,0,0,4,18.3,0.0,No Promo Use,672,Silver,Neutral,0,18.3,13.2,0,0
1988,69,Male,Belt,Accessories,23,Vermont,XL,White,Summer,3.4,No,Express,No,No,4,Cash,Quarterly,0,0,4,6.0,0.0,No Promo Use,92,Bronze,Neutral,0,6.0,1.4,0,0
1989,46,Male,Pants,Clothing,79,Virginia,M,Gold,Winter,3.9,No,Free Shipping,No,No,26,Bank Transfer,Weekly,0,0,52,70.6,0.0,No Promo Use,2054,Gold,Neutral,0,70.6,41.2,1,1
1990,35,Male,Jewelry,Accessories,42,Maryland,S,Charcoal,Spring,4.0,No,Express,No,No,39,PayPal,Bi-Weekly,0,0,26,66.1,0.0,No Promo Use,1638,Gold,Neutral,0,66.1,32.8,1,1
1991,32,Male,Backpack,Accessories,95,Connecticut,L,White,Spring,3.4,No,2-Day Shipping,No,No,15,PayPal,Annually,0,0,1,17.1,0.0,No Promo Use,1425,Gold,Neutral,0,17.1,28.5,0,0
1992,46,Male,Sneakers,Footwear,29,Missouri,M,Brown,Summer,3.7,No,Next Day Air,No,No,1,Venmo,Every 3 Months,0,0,4,2.4,0.0,No Promo Use,29,Bronze,Neutral,0,2.4,0.2,0,0
1993,33,Male,Hoodie,Clothing,98,New Jersey,L,Gold,Winter,4.9,No,2-Day Shipping,No,No,28,Venmo,Monthly,0,0,12,41.7,0.0,No Promo Use,2744,Platinum,Satisfied,1,41.7,55.2,0,1
1994,32,Male,Blouse,Clothing,96,Arkansas,S,Purple,Spring,5.0,No,Express,No,No,17,Cash,Weekly,0,0,52,59.6,0.0,No Promo Use,1632,Gold,Satisfied,1,59.6,32.7,1,1
1995,33,Male,Sunglasses,Accessories,66,Nevada,M,Brown,Fall,2.9,No,Next Day Air,No,No,24,Credit Card,Weekly,0,0,52,68.2,0.0,No Promo Use,1584,Gold,Dissatisfied,0,68.2,31.7,1,1
1996,67,Male,Boots,Footwear,80,Missouri,S,Teal,Spring,3.0,No,Standard,No,No,29,Debit Card,Quarterly,0,0,4,36.6,0.0,No Promo Use,2320,Platinum,Dissatisfied,0,36.6,46.6,0,1
1997,67,Male,Sneakers,Footwear,27,South Dakota,L,Indigo,Summer,3.3,No,Next Day Air,No,No,18,Cash,Every 3 Months,0,0,4,23.2,0.0,No Promo Use,486,Bronze,Neutral,0,23.2,9.4,0,0
1998,42,Male,Backpack,Accessories,25,Connecticut,M,Purple,Fall,4.7,No,Express,No,No,10,Debit Card,Bi-Weekly,0,0,26,30.6,0.0,No Promo Use,250,Bronze,Satisfied,1,30.6,4.6,0,0
1999,20,Male,Pants,Clothing,45,Vermont,M,Orange,Fall,3.4,No,2-Day Shipping,No,No,19,Cash,Quarterly,0,0,4,24.4,0.0,No Promo Use,855,Silver,Neutral,0,24.4,16.9,0,0
2000,39,Male,Socks,Clothing,89,Tennessee,L,Indigo,Winter,4.6,No,2-Day Shipping,No,No,26,Debit Card,Monthly,0,0,12,39.2,0.0,No Promo Use,2314,Platinum,Satisfied,1,39.2,46.5,0,1
2001,26,Male,Belt,Accessories,27,California,M,Lavender,Winter,3.6,No,2-Day Shipping,No,No,25,Cash,Bi-Weekly,0,0,26,49.0,0.0,No Promo Use,675,Silver,Neutral,0,49.0,13.3,0,0
2002,51,Male,Sunglasses,Accessories,90,Wyoming,S,Purple,Winter,2.6,No,Free Shipping,No,No,2,Debit Card,Fortnightly,0,0,26,20.8,0.0,No Promo Use,180,Bronze,Dissatisfied,0,20.8,3.2,0,0
2003,31,Male,Shirt,Clothing,65,New York,M,Red,Summer,2.7,No,Express,No,No,19,PayPal,Every 3 Months,0,0,4,24.4,0.0,No Promo Use,1235,Silver,Dissatisfied,0,24.4,24.6,0,0
2004,68,Male,Sneakers,Footwear,72,Maine,S,Blue,Spring,3.1,No,Express,No,No,32,Cash,Quarterly,0,0,4,40.3,0.0,No Promo Use,2304,Platinum,Dissatisfied,0,40.3,46.3,0,1
2005,44,Male,Shoes,Footwear,70,Georgia,L,Blue,Fall,3.2,No,2-Day Shipping,No,No,13,Cash,Bi-Weekly,0,0,26,34.3,0.0,No Promo Use,910,Silver,Dissatisfied,0,34.3,18.0,0,0
2006,18,Male,Sandals,Footwear,82,Tennessee,M,Cyan,Winter,3.4,No,Store Pickup,No,No,30,PayPal,Fortnightly,0,0,26,55.1,0.0,No Promo Use,2460,Platinum,Neutral,0,55.1,49.5,1,1
2007,58,Male,Scarf,Accessories,97,New Mexico,S,Pink,Fall,4.4,No,Express,No,No,2,Credit Card,Annually,0,0,1,1.2,0.0,No Promo Use,194,Bronze,Satisfied,1,1.2,3.5,0,0
2008,26,Male,Shirt,Clothing,25,Virginia,M,Silver,Summer,3.2,No,2-Day Shipping,No,No,8,PayPal,Quarterly,0,0,4,10.9,0.0,No Promo Use,200,Bronze,Dissatisfied,0,10.9,3.6,0,0
2009,57,Male,Skirt,Clothing,48,Florida,M,Gray,Spring,2.5,No,Free Shipping,No,No,27,PayPal,Every 3 Months,0,0,4,34.2,0.0,No Promo Use,1296,Gold,Dissatisfied,0,34.2,25.9,0,0
2010,37,Male,Boots,Footwear,99,Alabama,M,Indigo,Summer,3.8,No,Next Day Air,No,No,26,Venmo,Bi-Weekly,0,0,26,50.2,0.0,No Promo Use,2574,Platinum,Neutral,0,50.2,51.8,0,1
2011,24,Male,Sweater,Clothing,21,Texas,M,Maroon,Summer,4.4,No,2-Day Shipping,No,No,3,Debit Card,Bi-Weekly,0,0,26,22.1,0.0,No Promo Use,63,Bronze,Satisfied,1,22.1,0.9,0,0
2012,57,Male,Sandals,Footwear,94,West Virginia,M,Beige,Spring,3.7,No,Express,No,No,4,Bank Transfer,Monthly,0,0,12,12.3,0.0,No Promo Use,376,Bronze,Neutral,0,12.3,7.2,0,0
2013,48,Male,Jeans,Clothing,53,Nevada,L,Green,Fall,3.2,No,Store Pickup,No,No,5,Cash,Fortnightly,0,0,26,24.5,0.0,No Promo Use,265,Bronze,Dissatisfied,0,24.5,5.0,0,0
2014,39,Male,Backpack,Accessories,70,Virginia,M,Peach,Winter,4.9,No,Standard,No,No,25,Debit Card,Quarterly,0,0,4,31.7,0.0,No Promo Use,1750,Gold,Satisfied,1,31.7,35.1,0,1
2015,51,Male,Skirt,Clothing,26,Wisconsin,L,Black,Summer,3.9,No,Standard,No,No,47,PayPal,Bi-Weekly,0,0,26,75.9,0.0,No Promo Use,1222,Silver,Neutral,0,75.9,24.4,1,0
2016,57,Male,Belt,Accessories,82,Virginia,S,Pink,Summer,4.5,No,Next Day Air,No,No,8,Credit Card,Fortnightly,0,0,26,28.2,0.0,No Promo Use,656,Silver,Satisfied,1,28.2,12.9,0,0
2017,53,Male,Shoes,Footwear,47,Maine,S,Violet,Winter,3.4,No,Standard,No,No,20,Debit Card,Fortnightly,0,0,26,42.9,0.0,No Promo Use,940,Silver,Neutral,0,42.9,18.6,0,0
2018,70,Male,Socks,Clothing,32,Massachusetts,S,Green,Winter,4.1,No,Next Day Air,No,No,42,Bank Transfer,Every 3 Months,0,0,4,52.6,0.0,No Promo Use,1344,Gold,Satisfied,1,52.6,26.8,0,0
2019,60,Male,Backpack,Accessories,97,Arkansas,S,Gold,Fall,4.5,No,Store Pickup,No,No,20,Bank Transfer,Weekly,0,0,52,63.3,0.0,No Promo Use,1940,Gold,Satisfied,1,63.3,38.9,1,1
2020,31,Male,Shirt,Clothing,68,Idaho,S,Red,Winter,4.7,No,Store Pickup,No,No,23,Cash,Fortnightly,0,0,26,46.5,0.0,No Promo Use,1564,Gold,Satisfied,1,46.5,31.3,0,0
2021,41,Male,Sweater,Clothing,23,Pennsylvania,M,Beige,Winter,4.8,No,Next Day Air,No,No,26,Cash,Quarterly,0,0,4,33.0,0.0,No Promo Use,598,Bronze,Satisfied,1,33.0,11.7,0,0
2022,62,Male,Handbag,Accessories,33,Maine,M,Green,Winter,4.4,No,Standard,No,No,48,Venmo,Quarterly,0,0,4,59.9,0.0,No Promo Use,1584,Gold,Satisfied,1,59.9,31.7,1,1
2023,59,Male,Jewelry,Accessories,38,Alabama,S,Black,Winter,4.0,No,Store Pickup,No,No,16,Cash,Bi-Weekly,0,0,26,38.0,0.0,No Promo Use,608,Bronze,Neutral,0,38.0,11.9,0,0
2024,46,Male,Socks,Clothing,68,Idaho,S,Teal,Winter,4.1,No,Store Pickup,No,No,28,Cash,Bi-Weekly,0,0,26,52.7,0.0,No Promo Use,1904,Gold,Satisfied,1,52.7,38.2,0,1
2025,62,Male,Socks,Clothing,23,Arkansas,L,Silver,Fall,3.7,No,Express,No,No,39,PayPal,Weekly,0,0,52,86.5,0.0,No Promo Use,897,Silver,Neutral,0,86.5,17.8,1,0
2026,42,Male,Shirt,Clothing,29,Delaware,M,Turquoise,Summer,3.0,No,Express,No,No,43,Debit Card,Fortnightly,0,0,26,71.0,0.0,No Promo Use,1247,Silver,Dissatisfied,0,71.0,24.9,1,0
2027,37,Male,Scarf,Accessories,35,Maine,M,Orange,Winter,3.6,No,Express,No,No,45,Bank Transfer,Every 3 Months,0,0,4,56.2,0.0,No Promo Use,1575,Gold,Neutral,0,56.2,31.5,1,0
2028,50,Male,Shoes,Footwear,73,Nebraska,S,Gold,Fall,4.8,No,Standard,No,No,50,Credit Card,Every 3 Months,0,0,4,62.4,0.0,No Promo Use,3650,Platinum,Satisfied,1,62.4,73.6,1,1
2029,29,Male,Shoes,Footwear,84,Ohio,XL,Purple,Fall,3.7,No,2-Day Shipping,No,No,10,Venmo,Bi-Weekly,0,0,26,30.6,0.0,No Promo Use,840,Silver,Neutral,0,30.6,16.6,0,0
2030,25,Male,Scarf,Accessories,23,Montana,M,Pink,Spring,4.6,No,Next Day Air,No,No,40,PayPal,Quarterly,0,0,4,50.1,0.0,No Promo Use,920,Silver,Satisfied,1,50.1,18.2,0,0
2031,66,Male,Sunglasses,Accessories,67,New Mexico,S,Green,Summer,2.8,No,Standard,No,No,38,Credit Card,Monthly,0,0,12,53.9,0.0,No Promo Use,2546,Platinum,Dissatisfied,0,53.9,51.2,0,1
2032,21,Male,Socks,Clothing,51,North Carolina,L,Charcoal,Spring,4.0,No,Standard,No,No,2,Credit Card,Monthly,0,0,12,9.9,0.0,No Promo Use,102,Bronze,Neutral,0,9.9,1.6,0,0
2033,46,Male,Blouse,Clothing,36,South Carolina,M,Maroon,Winter,4.2,No,Next Day Air,No,No,13,Cash,Annually,0,0,1,14.7,0.0,No Promo Use,468,Bronze,Satisfied,1,14.7,9.1,0,0
2034,57,Male,Jeans,Clothing,55,Illinois,L,Olive,Summer,3.6,No,Express,No,No,33,Venmo,Annually,0,0,1,39.2,0.0,No Promo Use,1815,Gold,Neutral,0,39.2,36.4,0,1
2035,61,Male,Shorts,Clothing,30,Alabama,M,Peach,Spring,2.9,No,Store Pickup,No,No,27,PayPal,Monthly,0,0,12,40.5,0.0,No Promo Use,810,Silver,Dissatisfied,0,40.5,16.0,0,0
2036,53,Male,T-shirt,Clothing,70,Oklahoma,S,Yellow,Summer,4.1,No,Express,No,No,43,Bank Transfer,Weekly,0,0,52,91.4,0.0,No Promo Use,3010,Platinum,Satisfied,1,91.4,60.6,1,1
2037,37,Male,Blouse,Clothing,63,Minnesota,S,Lavender,Winter,3.1,No,Next Day Air,No,No,46,Cash,Weekly,0,0,52,95.1,0.0,No Promo Use,2898,Platinum,Dissatisfied,0,95.1,58.4,1,1
2038,39,Male,Belt,Accessories,87,Illinois,S,Green,Summer,4.3,No,Express,No,No,7,Venmo,Bi-Weekly,0,0,26,27.0,0.0,No Promo Use,609,Bronze,Satisfied,1,27.0,11.9,0,0
2039,53,Male,Blouse,Clothing,70,Arkansas,L,Orange,Spring,4.4,No,Next Day Air,No,No,35,Credit Card,Fortnightly,0,0,26,61.2,0.0,No Promo Use,2450,Platinum,Satisfied,1,61.2,49.3,1,1
2040,35,Male,T-shirt,Clothing,51,Minnesota,M,Olive,Spring,3.1,No,Next Day Air,No,No,31,Debit Card,Bi-Weekly,0,0,26,56.3,0.0,No Promo Use,1581,Gold,Dissatisfied,0,56.3,31.6,1,0
2041,69,Male,Jewelry,Accessories,25,South Carolina,XL,Gray,Spring,2.9,No,Free Shipping,No,No,42,Venmo,Quarterly,0,0,4,52.6,0.0,No Promo Use,1050,Silver,Dissatisfied,0,52.6,20.9,0,0
2042,66,Male,Jacket,Outerwear,32,New York,S,Lavender,Winter,3.2,No,Next Day Air,No,No,14,PayPal,Bi-Weekly,0,0,26,35.5,0.0,No Promo Use,448,Bronze,Dissatisfied,0,35.5,8.7,0,0
2043,19,Male,Shoes,Footwear,52,Alabama,M,Red,Spring,4.0,No,2-Day Shipping,No,No,35,Venmo,Monthly,0,0,12,50.3,0.0,No Promo Use,1820,Gold,Neutral,0,50.3,36.5,0,1
2044,47,Male,Gloves,Accessories,33,New York,M,Charcoal,Summer,2.7,No,Standard,No,No,49,PayPal,Weekly,0,0,52,98.8,0.0,No Promo Use,1617,Gold,Dissatisfied,0,98.8,32.4,1,1
2045,49,Male,Jeans,Clothing,68,Missouri,L,Orange,Spring,3.0,No,Free Shipping,No,No,17,PayPal,Fortnightly,0,0,26,39.2,0.0,No Promo Use,1156,Silver,Dissatisfied,0,39.2,23.0,0,0
2046,31,Male,Jewelry,Accessories,20,Georgia,M,Red,Fall,4.4,No,Express,No,No,26,PayPal,Quarterly,0,0,4,33.0,0.0,No Promo Use,520,Bronze,Satisfied,1,33.0,10.1,0,0
2047,39,Male,Pants,Clothing,32,Oklahoma,M,Maroon,Winter,2.8,No,Free Shipping,No,No,30,Cash,Every 3 Months,0,0,4,37.9,0.0,No Promo Use,960,Silver,Dissatisfied,0,37.9,19.1,0,0
2048,58,Male,Jewelry,Accessories,82,Connecticut,M,Silver,Summer,3.1,No,Store Pickup,No,No,32,Cash,Annually,0,0,1,38.0,0.0,No Promo Use,2624,Platinum,Dissatisfied,0,38.0,52.8,0,1
2049,45,Male,Sneakers,Footwear,64,Michigan,XL,Pink,Winter,3.9,No,Express,No,No,35,Bank Transfer,Quarterly,0,0,4,44.0,0.0,No Promo Use,2240,Platinum,Neutral,0,44.0,45.0,0,1
2050,68,Male,Boots,Footwear,24,Rhode Island,L,Blue,Fall,2.7,No,Standard,No,No,15,Venmo,Annually,0,0,1,17.1,0.0,No Promo Use,360,Bronze,Dissatisfied,0,17.1,6.9,0,0
2051,35,Male,Hat,Accessories,96,Mississippi,M,Teal,Summer,3.4,No,Store Pickup,No,No,10,Debit Card,Annually,0,0,1,11.0,0.0,No Promo Use,960,Silver,Neutral,0,11.0,19.1,0,0
2052,65,Male,T-shirt,Clothing,94,Massachusetts,L,Black,Spring,3.8,No,Free Shipping,No,No,14,Credit Card,Monthly,0,0,12,24.5,0.0,No Promo Use,1316,Gold,Neutral,0,24.5,26.3,0,0
2053,45,Male,Backpack,Accessories,48,New Hampshire,M,Gray,Winter,3.7,No,2-Day Shipping,No,No,30,Bank Transfer,Annually,0,0,1,35.5,0.0,No Promo Use,1440,Gold,Neutral,0,35.5,28.8,0,0
2054,19,Male,Sunglasses,Accessories,60,Wyoming,S,Purple,Spring,4.5,No,2-Day Shipping,No,No,16,Credit Card,Fortnightly,0,0,26,38.0,0.0,No Promo Use,960,Silver,Satisfied,1,38.0,19.1,0,0
2055,65,Male,Sweater,Clothing,56,New Jersey,XL,Gold,Spring,2.9,No,Express,No,No,14,PayPal,Annually,0,0,1,15.9,0.0,No Promo Use,784,Silver,Dissatisfied,0,15.9,15.5,0,0
2056,28,Male,Handbag,Accessories,33,Texas,M,Silver,Fall,3.4,No,2-Day Shipping,No,No,28,Bank Transfer,Weekly,0,0,52,73.1,0.0,No Promo Use,924,Silver,Neutral,0,73.1,18.3,1,0
2057,55,Male,Backpack,Accessories,46,Minnesota,L,Blue,Spring,4.4,No,2-Day Shipping,No,No,29,PayPal,Monthly,0,0,12,42.9,0.0,No Promo Use,1334,Gold,Satisfied,1,42.9,26.6,0,0
2058,66,Male,Socks,Clothing,37,South Dakota,L,Yellow,Spring,4.2,No,Standard,No,No,5,PayPal,Every 3 Months,0,0,4,7.3,0.0,No Promo Use,185,Bronze,Satisfied,1,7.3,3.3,0,0
2059,29,Male,Shirt,Clothing,98,Washington,M,Brown,Winter,3.3,No,Store Pickup,No,No,17,Bank Transfer,Quarterly,0,0,4,21.9,0.0,No Promo Use,1666,Gold,Neutral,0,21.9,33.4,0,1
2060,56,Male,Shorts,Clothing,50,California,XL,Beige,Spring,3.7,No,Express,No,No,50,PayPal,Weekly,0,0,52,100.0,0.0,No Promo Use,2500,Platinum,Neutral,0,100.0,50.3,1,1
2061,21,Male,Belt,Accessories,63,Wisconsin,M,Blue,Fall,3.2,No,Next Day Air,No,No,23,Bank Transfer,Quarterly,0,0,4,29.3,0.0,No Promo Use,1449,Gold,Dissatisfied,0,29.3,29.0,0,0
2062,32,Male,Sweater,Clothing,70,Michigan,S,Magenta,Summer,2.6,No,Store Pickup,No,No,22,Debit Card,Annually,0,0,1,25.7,0.0,No Promo Use,1540,Gold,Dissatisfied,0,25.7,30.8,0,0
2063,54,Male,Coat,Outerwear,63,South Carolina,L,Silver,Fall,2.8,No,Standard,No,No,15,Cash,Quarterly,0,0,4,19.5,0.0,No Promo Use,945,Silver,Dissatisfied,0,19.5,18.7,0,0
2064,61,Male,Shorts,Clothing,86,Indiana,M,Cyan,Fall,2.9,No,Standard,No,No,32,Cash,Monthly,0,0,12,46.6,0.0,No Promo Use,2752,Platinum,Dissatisfied,0,46.6,55.4,0,1
2065,31,Male,Shoes,Footwear,99,Arkansas,M,Green,Summer,4.0,No,2-Day Shipping,No,No,5,Bank Transfer,Monthly,0,0,12,13.5,0.0,No Promo Use,495,Bronze,Neutral,0,13.5,9.6,0,0
2066,27,Male,Sneakers,Footwear,40,Oregon,M,Blue,Spring,2.9,No,Free Shipping,No,No,6,Bank Transfer,Bi-Weekly,0,0,26,25.7,0.0,No Promo Use,240,Bronze,Dissatisfied,0,25.7,4.4,0,0
2067,64,Male,Sneakers,Footwear,92,Illinois,M,Olive,Fall,4.7,No,Store Pickup,No,No,44,Debit Card,Fortnightly,0,0,26,72.3,0.0,No Promo Use,4048,Platinum,Satisfied,1,72.3,81.7,1,1
2068,60,Male,Pants,Clothing,21,Maryland,XL,Beige,Fall,3.1,No,2-Day Shipping,No,No,23,Cash,Fortnightly,0,0,26,46.5,0.0,No Promo Use,483,Bronze,Dissatisfied,0,46.5,9.4,0,0
2069,70,Male,Jewelry,Accessories,81,Vermont,XL,Black,Summer,3.9,No,Store Pickup,No,No,44,Venmo,Monthly,0,0,12,61.3,0.0,No Promo Use,3564,Platinum,Neutral,0,61.3,71.9,1,1
2070,36,Male,T-shirt,Clothing,82,Texas,M,Indigo,Fall,3.4,No,Free Shipping,No,No,3,Debit Card,Quarterly,0,0,4,4.8,0.0,No Promo Use,246,Bronze,Neutral,0,4.8,4.6,0,0
2071,56,Male,Jewelry,Accessories,88,Nebraska,XL,Red,Spring,3.1,No,Express,No,No,14,Cash,Monthly,0,0,12,24.5,0.0,No Promo Use,1232,Silver,Dissatisfied,0,24.5,24.6,0,0
2072,69,Male,Jacket,Outerwear,100,South Carolina,S,Yellow,Fall,4.8,No,Store Pickup,No,No,37,PayPal,Quarterly,0,0,4,46.4,0.0,No Promo Use,3700,Platinum,Satisfied,1,46.4,74.6,0,1
2073,39,Male,Backpack,Accessories,66,Massachusetts,M,Beige,Winter,3.9,No,Next Day Air,No,No,22,Bank Transfer,Weekly,0,0,52,65.7,0.0,No Promo Use,1452,Gold,Neutral,0,65.7,29.0,1,0
2074,38,Male,Belt,Accessories,25,Texas,S,Green,Winter,3.5,No,Next Day Air,No,No,2,PayPal,Every 3 Months,0,0,4,3.6,0.0,No Promo Use,50,Bronze,Neutral,0,3.6,0.6,0,0
2075,36,Male,Scarf,Accessories,53,Florida,M,White,Summer,3.1,No,Free Shipping,No,No,44,Debit Card,Fortnightly,0,0,26,72.3,0.0,No Promo Use,2332,Platinum,Dissatisfied,0,72.3,46.9,1,1
2076,46,Male,Sweater,Clothing,28,South Carolina,S,Turquoise,Fall,4.7,No,Express,No,No,49,Debit Card,Monthly,0,0,12,67.4,0.0,No Promo Use,1372,Gold,Satisfied,1,67.4,27.4,1,0
2077,59,Male,Gloves,Accessories,23,Florida,S,Indigo,Fall,4.6,No,Free Shipping,No,No,22,Debit Card,Bi-Weekly,0,0,26,45.3,0.0,No Promo Use,506,Bronze,Satisfied,1,45.3,9.8,0,0
2078,64,Male,Scarf,Accessories,34,Nebraska,L,Orange,Fall,3.3,No,Free Shipping,No,No,26,Bank Transfer,Annually,0,0,1,30.6,0.0,No Promo Use,884,Silver,Neutral,0,30.6,17.5,0,0
2079,49,Male,Dress,Clothing,42,Hawaii,M,Blue,Spring,3.2,No,Next Day Air,No,No,40,Debit Card,Weekly,0,0,52,87.8,0.0,No Promo Use,1680,Gold,Dissatisfied,0,87.8,33.7,1,1
2080,32,Male,Jeans,Clothing,24,Montana,L,Violet,Summer,3.1,No,Next Day Air,No,No,16,PayPal,Quarterly,0,0,4,20.7,0.0,No Promo Use,384,Bronze,Dissatisfied,0,20.7,7.4,0,0
2081,29,Male,Sunglasses,Accessories,47,South Dakota,S,Gray,Fall,3.5,No,Free Shipping,No,No,17,Debit Card,Bi-Weekly,0,0,26,39.2,0.0,No Promo Use,799,Silver,Neutral,0,39.2,15.8,0,0
2082,24,Male,Coat,Outerwear,78,Alabama,S,Cyan,Spring,4.3,No,Standard,No,No,48,Bank Transfer,Bi-Weekly,0,0,26,77.2,0.0,No Promo Use,3744,Platinum,Satisfied,1,77.2,75.5,1,1
2083,41,Male,Jeans,Clothing,89,Arkansas,M,Yellow,Summer,2.9,No,Free Shipping,No,No,28,Venmo,Every 3 Months,0,0,4,35.4,0.0,No Promo Use,2492,Platinum,Dissatisfied,0,35.4,50.1,0,1
2084,41,Male,Scarf,Accessories,59,Mississippi,L,Orange,Fall,2.7,No,Store Pickup,No,No,26,Credit Card,Fortnightly,0,0,26,50.2,0.0,No Promo Use,1534,Gold,Dissatisfied,0,50.2,30.7,0,0
2085,32,Male,Blouse,Clothing,94,Vermont,S,Brown,Summer,4.0,No,Standard,No,No,43,Bank Transfer,Quarterly,0,0,4,53.8,0.0,No Promo Use,4042,Platinum,Neutral,0,53.8,81.6,0,1
2086,69,Male,Jeans,Clothing,49,New York,M,Teal,Fall,4.6,No,Free Shipping,No,No,38,Debit Card,Weekly,0,0,52,85.3,0.0,No Promo Use,1862,Gold,Satisfied,1,85.3,37.4,1,1
2087,65,Male,Dress,Clothing,89,North Dakota,L,Beige,Summer,4.7,No,2-Day Shipping,No,No,36,Cash,Every 3 Months,0,0,4,45.2,0.0,No Promo Use,3204,Platinum,Satisfied,1,45.2,64.6,0,1
2088,54,Male,Hat,Accessories,91,Wisconsin,M,Blue,Summer,4.7,No,Standard,No,No,1,Credit Card,Weekly,0,0,52,40.0,0.0,No Promo Use,91,Bronze,Satisfied,1,40.0,1.4,0,0
2089,39,Male,Sandals,Footwear,89,California,L,Orange,Spring,4.0,No,Standard,No,No,49,Debit Card,Annually,0,0,1,58.8,0.0,No Promo Use,4361,Platinum,Neutral,0,58.8,88.1,1,1
2090,37,Male,Jacket,Outerwear,57,Maryland,L,Gold,Spring,3.6,No,Free Shipping,No,No,41,Credit Card,Every 3 Months,0,0,4,51.3,0.0,No Promo Use,2337,Platinum,Neutral,0,51.3,47.0,0,1
2091,51,Male,Socks,Clothing,71,Massachusetts,S,Teal,Winter,3.4,No,Free Shipping,No,No,21,Debit Card,Monthly,0,0,12,33.1,0.0,No Promo Use,1491,Gold,Neutral,0,33.1,29.8,0,0
2092,26,Male,Jeans,Clothing,97,Washington,XL,Beige,Fall,3.0,No,Next Day Air,No,No,24,Bank Transfer,Quarterly,0,0,4,30.5,0.0,No Promo Use,2328,Platinum,Dissatisfied,0,30.5,46.8,0,1
2093,42,Male,Sandals,Footwear,45,Minnesota,M,Silver,Fall,2.6,No,Next Day Air,No,No,27,Bank Transfer,Weekly,0,0,52,71.8,0.0,No Promo Use,1215,Silver,Dissatisfied,0,71.8,24.2,1,0
2094,21,Male,Dress,Clothing,91,Washington,M,Maroon,Spring,4.2,No,Store Pickup,No,No,4,Debit Card,Annually,0,0,1,3.7,0.0,No Promo Use,364,Bronze,Satisfied,1,3.7,7.0,0,0
2095,53,Male,Socks,Clothing,25,South Carolina,M,Indigo,Spring,3.4,No,Standard,No,No,19,Venmo,Annually,0,0,1,22.0,0.0,No Promo Use,475,Bronze,Neutral,0,22.0,9.2,0,0
2096,36,Male,Hoodie,Clothing,63,New Mexico,M,Gray,Fall,4.0,No,Store Pickup,No,No,1,Bank Transfer,Fortnightly,0,0,26,19.6,0.0,No Promo Use,63,Bronze,Neutral,0,19.6,0.9,0,0
2097,21,Male,Dress,Clothing,52,North Carolina,L,Blue,Summer,4.7,No,Free Shipping,No,No,27,Debit Card,Annually,0,0,1,31.8,0.0,No Promo Use,1404,Gold,Satisfied,1,31.8,28.1,0,0
2098,33,Male,Sneakers,Footwear,43,Iowa,S,Cyan,Winter,3.9,No,Next Day Air,No,No,5,Credit Card,Weekly,0,0,52,44.9,0.0,No Promo Use,215,Bronze,Neutral,0,44.9,3.9,0,0
2099,49,Male,T-shirt,Clothing,28,Louisiana,M,White,Summer,3.3,No,2-Day Shipping,No,No,20,Venmo,Quarterly,0,0,4,25.6,0.0,No Promo Use,560,Bronze,Neutral,0,25.6,10.9,0,0
2100,31,Male,T-shirt,Clothing,78,Oklahoma,L,Green,Summer,2.9,No,Express,No,No,50,PayPal,Annually,0,0,1,60.0,0.0,No Promo Use,3900,Platinum,Dissatisfied,0,60.0,78.7,1,1
2101,68,Male,Sweater,Clothing,31,Michigan,M,Silver,Spring,4.4,No,Free Shipping,No,No,36,Cash,Fortnightly,0,0,26,62.5,0.0,No Promo Use,1116,Silver,Satisfied,1,62.5,22.2,1,0
2102,49,Male,Shirt,Clothing,23,Oregon,M,Blue,Winter,3.6,No,Next Day Air,No,No,12,Bank Transfer,Bi-Weekly,0,0,26,33.1,0.0,No Promo Use,276,Bronze,Neutral,0,33.1,5.2,0,0
2103,23,Male,Hat,Accessories,25,Idaho,M,Brown,Spring,4.5,No,Store Pickup,No,No,23,Cash,Monthly,0,0,12,35.6,0.0,No Promo Use,575,Bronze,Satisfied,1,35.6,11.2,0,0
2104,30,Male,Pants,Clothing,86,Indiana,S,Red,Summer,3.7,No,Store Pickup,No,No,21,Venmo,Weekly,0,0,52,64.5,0.0,No Promo Use,1806,Gold,Neutral,0,64.5,36.2,1,1
2105,53,Male,Shoes,Footwear,88,New Mexico,M,Gold,Spring,2.8,No,Free Shipping,No,No,47,Venmo,Weekly,0,0,52,96.3,0.0,No Promo Use,4136,Platinum,Dissatisfied,0,96.3,83.5,1,1
2106,65,Male,Gloves,Accessories,35,South Carolina,M,Silver,Spring,4.5,No,Free Shipping,No,No,38,Venmo,Bi-Weekly,0,0,26,64.9,0.0,No Promo Use,1330,Gold,Satisfied,1,64.9,26.6,1,0
2107,60,Male,Jewelry,Accessories,34,Vermont,M,Gray,Fall,4.4,No,Standard,No,No,40,Credit Card,Every 3 Months,0,0,4,50.1,0.0,No Promo Use,1360,Gold,Satisfied,1,50.1,27.2,0,0
2108,46,Male,Pants,Clothing,75,Delaware,M,Black,Winter,3.3,No,Standard,No,No,35,PayPal,Quarterly,0,0,4,44.0,0.0,No Promo Use,2625,Platinum,Neutral,0,44.0,52.8,0,1
2109,54,Male,Hoodie,Clothing,46,North Dakota,XL,Beige,Winter,4.2,No,Express,No,No,4,Credit Card,Quarterly,0,0,4,6.0,0.0,No Promo Use,184,Bronze,Satisfied,1,6.0,3.3,0,0
2110,59,Male,Jewelry,Accessories,31,California,L,Peach,Fall,2.7,No,Free Shipping,No,No,28,Venmo,Every 3 Months,0,0,4,35.4,0.0,No Promo Use,868,Silver,Dissatisfied,0,35.4,17.2,0,0
2111,52,Male,Socks,Clothing,93,Montana,L,Cyan,Spring,3.9,No,Store Pickup,No,No,36,Debit Card,Every 3 Months,0,0,4,45.2,0.0,No Promo Use,3348,Platinum,Neutral,0,45.2,67.5,0,1
2112,41,Male,Sunglasses,Accessories,85,Missouri,XL,Pink,Spring,2.6,No,Free Shipping,No,No,15,Bank Transfer,Annually,0,0,1,17.1,0.0,No Promo Use,1275,Silver,Dissatisfied,0,17.1,25.4,0,0
2113,43,Male,Belt,Accessories,68,Tennessee,M,Lavender,Fall,4.5,No,2-Day Shipping,No,No,7,Cash,Fortnightly,0,0,26,27.0,0.0,No Promo Use,476,Bronze,Satisfied,1,27.0,9.2,0,0
2114,63,Male,Dress,Clothing,40,Virginia,M,Brown,Spring,2.7,No,Store Pickup,No,No,29,PayPal,Every 3 Months,0,0,4,36.6,0.0,No Promo Use,1160,Silver,Dissatisfied,0,36.6,23.1,0,0
2115,37,Male,Shirt,Clothing,51,Vermont,M,Magenta,Winter,2.9,No,Standard,No,No,12,Debit Card,Annually,0,0,1,13.5,0.0,No Promo Use,612,Bronze,Dissatisfied,0,13.5,12.0,0,0
2116,44,Male,Scarf,Accessories,85,Rhode Island,M,Violet,Winter,3.4,No,Store Pickup,No,No,16,Bank Transfer,Bi-Weekly,0,0,26,38.0,0.0,No Promo Use,1360,Gold,Neutral,0,38.0,27.2,0,0
2117,67,Male,Jacket,Outerwear,23,Kansas,M,Teal,Summer,2.9,No,Express,No,No,50,Debit Card,Bi-Weekly,0,0,26,79.6,0.0,No Promo Use,1150,Silver,Dissatisfied,0,79.6,22.9,1,0
2118,27,Male,Dress,Clothing,28,Colorado,L,Brown,Summer,3.8,No,Free Shipping,No,No,11,Debit Card,Annually,0,0,1,12.2,0.0,No Promo Use,308,Bronze,Neutral,0,12.2,5.8,0,0
2119,60,Male,Socks,Clothing,44,Georgia,M,Olive,Fall,4.2,No,2-Day Shipping,No,No,28,Debit Card,Quarterly,0,0,4,35.4,0.0,No Promo Use,1232,Silver,Satisfied,1,35.4,24.6,0,0
2120,58,Male,Jewelry,Accessories,57,Nebraska,M,Indigo,Spring,3.5,No,Store Pickup,No,No,36,Venmo,Bi-Weekly,0,0,26,62.5,0.0,No Promo Use,2052,Gold,Neutral,0,62.5,41.2,1,1
2121,53,Male,Scarf,Accessories,98,Missouri,S,Red,Fall,3.1,No,Next Day Air,No,No,38,PayPal,Quarterly,0,0,4,47.7,0.0,No Promo Use,3724,Platinum,Dissatisfied,0,47.7,75.1,0,1
2122,43,Male,Backpack,Accessories,68,Alaska,M,Olive,Winter,3.5,No,2-Day Shipping,No,No,32,Bank Transfer,Monthly,0,0,12,46.6,0.0,No Promo Use,2176,Gold,Neutral,0,46.6,43.7,0,1
2123,32,Male,Jacket,Outerwear,36,Virginia,L,Teal,Fall,4.0,No,Express,No,No,42,Debit Card,Weekly,0,0,52,90.2,0.0,No Promo Use,1512,Gold,Neutral,0,90.2,30.2,1,0
2124,54,Male,Coat,Outerwear,71,Nebraska,L,Cyan,Spring,3.7,No,Express,No,No,22,Debit Card,Bi-Weekly,0,0,26,45.3,0.0,No Promo Use,1562,Gold,Neutral,0,45.3,31.3,0,0
2125,47,Male,Skirt,Clothing,60,Rhode Island,M,Teal,Fall,4.2,No,Next Day Air,No,No,22,Venmo,Quarterly,0,0,4,28.1,0.0,No Promo Use,1320,Gold,Satisfied,1,28.1,26.4,0,0
2126,57,Male,Coat,Outerwear,87,New Hampshire,M,Beige,Fall,4.8,No,Store Pickup,No,No,31,PayPal,Quarterly,0,0,4,39.1,0.0,No Promo Use,2697,Platinum,Satisfied,1,39.1,54.3,0,1
2127,63,Male,Shoes,Footwear,38,Alabama,XL,Magenta,Winter,4.1,No,Express,No,No,28,Credit Card,Monthly,0,0,12,41.7,0.0,No Promo Use,1064,Silver,Satisfied,1,41.7,21.2,0,0
2128,70,Male,Boots,Footwear,45,North Carolina,M,Indigo,Spring,4.5,No,2-Day Shipping,No,No,40,Debit Card,Weekly,0,0,52,87.8,0.0,No Promo Use,1800,Gold,Satisfied,1,87.8,36.1,1,1
2129,62,Male,Coat,Outerwear,47,New Mexico,L,Cyan,Fall,2.7,No,2-Day Shipping,No,No,21,PayPal,Weekly,0,0,52,64.5,0.0,No Promo Use,987,Silver,Dissatisfied,0,64.5,19.6,1,0
2130,40,Male,Skirt,Clothing,57,Minnesota,L,Orange,Fall,2.8,No,Store Pickup,No,No,12,PayPal,Every 3 Months,0,0,4,15.8,0.0,No Promo Use,684,Silver,Dissatisfied,0,15.8,13.5,0,0
2131,25,Male,Backpack,Accessories,68,Arizona,L,Violet,Summer,3.7,No,Free Shipping,No,No,33,Credit Card,Annually,0,0,1,39.2,0.0,No Promo Use,2244,Platinum,Neutral,0,39.2,45.1,0,1
2132,19,Male,Shorts,Clothing,52,Montana,M,Red,Fall,3.6,No,Express,No,No,9,Bank Transfer,Fortnightly,0,0,26,29.4,0.0,No Promo Use,468,Bronze,Neutral,0,29.4,9.1,0,0
2133,25,Male,Skirt,Clothing,87,Vermont,M,Magenta,Fall,4.7,No,2-Day Shipping,No,No,15,Debit Card,Weekly,0,0,52,57.1,0.0,No Promo Use,1305,Gold,Satisfied,1,57.1,26.0,1,0
2134,21,Male,Hat,Accessories,34,Maine,M,Olive,Summer,3.8,No,Standard,No,No,13,Bank Transfer,Annually,0,0,1,14.7,0.0,No Promo Use,442,Bronze,Neutral,0,14.7,8.5,0,0
2135,55,Male,Sandals,Footwear,41,Virginia,XL,Maroon,Winter,2.9,No,Standard,No,No,35,Credit Card,Fortnightly,0,0,26,61.2,0.0,No Promo Use,1435,Gold,Dissatisfied,0,61.2,28.7,1,0
2136,34,Male,Sunglasses,Accessories,94,California,S,Yellow,Winter,4.6,No,Next Day Air,No,No,1,Debit Card,Every 3 Months,0,0,4,2.4,0.0,No Promo Use,94,Bronze,Satisfied,1,2.4,1.5,0,0
2137,47,Male,Sunglasses,Accessories,93,New York,M,Red,Summer,2.8,No,Standard,No,No,25,Bank Transfer,Fortnightly,0,0,26,49.0,0.0,No Promo Use,2325,Platinum,Dissatisfied,0,49.0,46.7,0,1
2138,27,Male,Socks,Clothing,51,Indiana,XL,Purple,Winter,4.6,No,2-Day Shipping,No,No,20,Credit Card,Every 3 Months,0,0,4,25.6,0.0,No Promo Use,1020,Silver,Satisfied,1,25.6,20.3,0,0
2139,67,Male,Sweater,Clothing,42,Mississippi,M,Teal,Fall,2.8,No,Next Day Air,No,No,36,Venmo,Quarterly,0,0,4,45.2,0.0,No Promo Use,1512,Gold,Dissatisfied,0,45.2,30.2,0,0
2140,40,Male,Boots,Footwear,95,New York,M,Red,Winter,3.0,No,Free Shipping,No,No,33,Cash,Weekly,0,0,52,79.2,0.0,No Promo Use,3135,Platinum,Dissatisfied,0,79.2,63.2,1,1
2141,53,Male,Handbag,Accessories,90,New Mexico,M,Brown,Fall,3.7,No,Standard,No,No,36,Cash,Fortnightly,0,0,26,62.5,0.0,No Promo Use,3240,Platinum,Neutral,0,62.5,65.3,1,1
2142,24,Male,Dress,Clothing,98,Kentucky,M,Peach,Winter,4.1,No,2-Day Shipping,No,No,32,PayPal,Annually,0,0,1,38.0,0.0,No Promo Use,3136,Platinum,Satisfied,1,38.0,63.2,0,1
2143,47,Male,Hat,Accessories,39,North Dakota,M,Maroon,Winter,4.3,No,Next Day Air,No,No,21,Venmo,Quarterly,0,0,4,26.8,0.0,No Promo Use,819,Silver,Satisfied,1,26.8,16.2,0,0
2144,53,Male,Sandals,Footwear,66,Arkansas,L,Red,Fall,3.8,No,Next Day Air,No,No,48,Venmo,Bi-Weekly,0,0,26,77.2,0.0,No Promo Use,3168,Platinum,Neutral,0,77.2,63.8,1,1
2145,47,Male,Shoes,Footwear,23,Maryland,L,Orange,Winter,3.7,No,Free Shipping,No,No,25,PayPal,Quarterly,0,0,4,31.7,0.0,No Promo Use,575,Bronze,Neutral,0,31.7,11.2,0,0
2146,38,Male,Skirt,Clothing,73,Connecticut,S,White,Winter,4.8,No,Standard,No,No,32,PayPal,Annually,0,0,1,38.0,0.0,No Promo Use,2336,Platinum,Satisfied,1,38.0,47.0,0,1
2147,48,Male,Sunglasses,Accessories,23,Utah,XL,White,Summer,4.6,No,Standard,No,No,45,PayPal,Every 3 Months,0,0,4,56.2,0.0,No Promo Use,1035,Silver,Satisfied,1,56.2,20.6,1,0
2148,47,Male,Skirt,Clothing,43,Missouri,S,Charcoal,Fall,4.8,No,Standard,No,No,4,Cash,Fortnightly,0,0,26,23.3,0.0,No Promo Use,172,Bronze,Satisfied,1,23.3,3.1,0,0
2149,19,Male,T-shirt,Clothing,45,Nebraska,XL,Turquoise,Winter,4.6,No,2-Day Shipping,No,No,19,PayPal,Bi-Weekly,0,0,26,41.6,0.0,No Promo Use,855,Silver,Satisfied,1,41.6,16.9,0,0
2150,38,Male,Sandals,Footwear,21,Hawaii,L,Orange,Winter,4.0,No,Standard,No,No,1,Bank Transfer,Weekly,0,0,52,40.0,0.0,No Promo Use,21,Bronze,Neutral,0,40.0,0.0,0,0
2151,57,Male,Shirt,Clothing,40,Illinois,M,Orange,Spring,2.6,No,2-Day Shipping,No,No,12,Cash,Weekly,0,0,52,53.5,0.0,No Promo Use,480,Bronze,Dissatisfied,0,53.5,9.3,0,0
2152,70,Male,Jeans,Clothing,58,Vermont,L,Brown,Fall,2.6,No,2-Day Shipping,No,No,18,Venmo,Monthly,0,0,12,29.4,0.0,No Promo Use,1044,Silver,Dissatisfied,0,29.4,20.8,0,0
2153,38,Male,Shorts,Clothing,48,New Jersey,L,Magenta,Summer,4.5,No,Next Day Air,No,No,43,Bank Transfer,Bi-Weekly,0,0,26,71.0,0.0,No Promo Use,2064,Gold,Satisfied,1,71.0,41.4,1,1
2154,35,Male,Shirt,Clothing,94,Kentucky,M,Violet,Fall,4.2,No,Free Shipping,No,No,31,PayPal,Annually,0,0,1,36.7,0.0,No Promo Use,2914,Platinum,Satisfied,1,36.7,58.7,0,1
2155,46,Male,Scarf,Accessories,74,Wyoming,M,Violet,Spring,3.4,No,Store Pickup,No,No,33,Cash,Every 3 Months,0,0,4,41.5,0.0,No Promo Use,2442,Platinum,Neutral,0,41.5,49.1,0,1
2156,32,Male,Handbag,Accessories,51,Hawaii,L,Yellow,Fall,3.7,No,Store Pickup,No,No,46,PayPal,Monthly,0,0,12,63.7,0.0,No Promo Use,2346,Platinum,Neutral,0,63.7,47.2,1,1
2157,38,Male,Skirt,Clothing,83,Missouri,M,Maroon,Winter,3.6,No,Next Day Air,No,No,41,Debit Card,Bi-Weekly,0,0,26,68.6,0.0,No Promo Use,3403,Platinum,Neutral,0,68.6,68.6,1,1
2158,41,Male,Handbag,Accessories,68,Mississippi,L,Turquoise,Winter,4.0,No,Next Day Air,No,No,41,Venmo,Fortnightly,0,0,26,68.6,0.0,No Promo Use,2788,Platinum,Neutral,0,68.6,56.1,1,1
2159,19,Male,Gloves,Accessories,84,Massachusetts,XL,Olive,Spring,4.6,No,Standard,No,No,9,Bank Transfer,Fortnightly,0,0,26,29.4,0.0,No Promo Use,756,Silver,Satisfied,1,29.4,14.9,0,0
2160,18,Male,Shirt,Clothing,58,Louisiana,M,Peach,Fall,3.0,No,Free Shipping,No,No,34,Cash,Annually,0,0,1,40.4,0.0,No Promo Use,1972,Gold,Dissatisfied,0,40.4,39.6,0,1
2161,45,Male,Blouse,Clothing,92,West Virginia,L,Charcoal,Winter,3.3,No,Express,No,No,21,PayPal,Annually,0,0,1,24.5,0.0,No Promo Use,1932,Gold,Neutral,0,24.5,38.8,0,1
2162,23,Male,Dress,Clothing,69,Washington,S,Peach,Summer,3.8,No,Express,No,No,5,Debit Card,Fortnightly,0,0,26,24.5,0.0,No Promo Use,345,Bronze,Neutral,0,24.5,6.6,0,0
2163,60,Male,Shorts,Clothing,48,Oregon,S,Black,Summer,2.7,No,Free Shipping,No,No,32,PayPal,Weekly,0,0,52,78.0,0.0,No Promo Use,1536,Gold,Dissatisfied,0,78.0,30.7,1,0
2164,52,Male,Shoes,Footwear,60,New York,L,Gray,Spring,4.5,No,Express,No,No,44,Bank Transfer,Monthly,0,0,12,61.3,0.0,No Promo Use,2640,Platinum,Satisfied,1,61.3,53.1,1,1
2165,42,Male,Sandals,Footwear,20,Iowa,S,Olive,Winter,4.8,No,Next Day Air,No,No,46,PayPal,Bi-Weekly,0,0,26,74.7,0.0,No Promo Use,920,Silver,Satisfied,1,74.7,18.2,1,0
2166,29,Male,Pants,Clothing,55,Idaho,M,Turquoise,Summer,4.2,No,Express,No,No,42,Credit Card,Every 3 Months,0,0,4,52.6,0.0,No Promo Use,2310,Platinum,Satisfied,1,52.6,46.4,0,1
2167,31,Male,Jacket,Outerwear,88,New Jersey,S,Purple,Spring,3.5,No,Express,No,No,50,Credit Card,Bi-Weekly,0,0,26,79.6,0.0,No Promo Use,4400,Platinum,Neutral,0,79.6,88.8,1,1
2168,30,Male,Skirt,Clothing,48,Ohio,L,Green,Winter,4.9,No,Standard,No,No,33,Venmo,Fortnightly,0,0,26,58.8,0.0,No Promo Use,1584,Gold,Satisfied,1,58.8,31.7,1,1
2169,23,Male,Handbag,Accessories,74,Connecticut,M,Beige,Spring,4.1,No,Next Day Air,No,No,32,Cash,Quarterly,0,0,4,40.3,0.0,No Promo Use,2368,Platinum,Satisfied,1,40.3,47.6,0,1
2170,31,Male,Coat,Outerwear,42,Florida,M,Brown,Fall,2.9,No,Next Day Air,No,No,32,Bank Transfer,Bi-Weekly,0,0,26,57.6,0.0,No Promo Use,1344,Gold,Dissatisfied,0,57.6,26.8,1,0
2171,40,Male,Sweater,Clothing,32,South Carolina,M,Turquoise,Fall,4.0,No,Next Day Air,No,No,37,Venmo,Every 3 Months,0,0,4,46.4,0.0,No Promo Use,1184,Silver,Neutral,0,46.4,23.6,0,0
2172,39,Male,Shorts,Clothing,98,Missouri,M,Yellow,Summer,4.6,No,Store Pickup,No,No,9,Cash,Fortnightly,0,0,26,29.4,0.0,No Promo Use,882,Silver,Satisfied,1,29.4,17.5,0,0
2173,28,Male,Skirt,Clothing,89,Rhode Island,S,Lavender,Fall,2.8,No,Store Pickup,No,No,6,PayPal,Fortnightly,0,0,26,25.7,0.0,No Promo Use,534,Bronze,Dissatisfied,0,25.7,10.4,0,0
2174,23,Male,Gloves,Accessories,97,Delaware,S,Cyan,Summer,5.0,No,2-Day Shipping,No,No,36,Venmo,Quarterly,0,0,4,45.2,0.0,No Promo Use,3492,Platinum,Satisfied,1,45.2,70.4,0,1
2175,42,Male,Backpack,Accessories,49,Colorado,S,Olive,Spring,2.9,No,Store Pickup,No,No,1,Cash,Annually,0,0,1,0.0,0.0,No Promo Use,49,Bronze,Dissatisfied,0,0.0,0.6,0,0
2176,68,Male,Dress,Clothing,50,Nebraska,M,Silver,Spring,3.3,No,Free Shipping,No,No,48,Credit Card,Fortnightly,0,0,26,77.2,0.0,No Promo Use,2400,Platinum,Neutral,0,77.2,48.3,1,1
2177,24,Male,Belt,Accessories,91,Vermont,S,Red,Winter,3.4,No,2-Day Shipping,No,No,44,Debit Card,Quarterly,0,0,4,55.0,0.0,No Promo Use,4004,Platinum,Neutral,0,55.0,80.8,0,1
2178,24,Male,Gloves,Accessories,93,Montana,XL,Green,Winter,3.0,No,Express,No,No,9,PayPal,Bi-Weekly,0,0,26,29.4,0.0,No Promo Use,837,Silver,Dissatisfied,0,29.4,16.6,0,0
2179,21,Male,Jewelry,Accessories,98,Florida,M,Gold,Summer,4.7,No,Standard,No,No,32,Venmo,Annually,0,0,1,38.0,0.0,No Promo Use,3136,Platinum,Satisfied,1,38.0,63.2,0,1
2180,49,Male,Socks,Clothing,82,Delaware,L,Lavender,Fall,2.9,No,Next Day Air,No,No,14,PayPal,Monthly,0,0,12,24.5,0.0,No Promo Use,1148,Silver,Dissatisfied,0,24.5,22.9,0,0
2181,41,Male,Coat,Outerwear,37,Connecticut,M,Yellow,Summer,4.1,No,Store Pickup,No,No,43,Cash,Quarterly,0,0,4,53.8,0.0,No Promo Use,1591,Gold,Satisfied,1,53.8,31.9,0,1
2182,22,Male,Handbag,Accessories,63,Hawaii,M,Black,Fall,3.2,No,Free Shipping,No,No,32,Bank Transfer,Bi-Weekly,0,0,26,57.6,0.0,No Promo Use,2016,Gold,Dissatisfied,0,57.6,40.5,1,1
2183,42,Male,Blouse,Clothing,99,New Mexico,M,Maroon,Winter,2.7,No,Store Pickup,No,No,26,Venmo,Bi-Weekly,0,0,26,50.2,0.0,No Promo Use,2574,Platinum,Dissatisfied,0,50.2,51.8,0,1
2184,30,Male,Shorts,Clothing,37,Kansas,M,Maroon,Spring,4.7,No,Store Pickup,No,No,2,Cash,Monthly,0,0,12,9.9,0.0,No Promo Use,74,Bronze,Satisfied,1,9.9,1.1,0,0
2185,38,Male,Shoes,Footwear,34,Nevada,S,Gold,Spring,3.2,No,Free Shipping,No,No,16,PayPal,Every 3 Months,0,0,4,20.7,0.0,No Promo Use,544,Bronze,Dissatisfied,0,20.7,10.6,0,0
2186,40,Male,Shorts,Clothing,32,North Carolina,M,Violet,Winter,2.5,No,Express,No,No,50,Debit Card,Every 3 Months,0,0,4,62.4,0.0,No Promo Use,1600,Gold,Dissatisfied,0,62.4,32.0,1,1
2187,55,Male,Sandals,Footwear,23,New Mexico,XL,Teal,Winter,4.3,No,Next Day Air,No,No,6,PayPal,Every 3 Months,0,0,4,8.5,0.0,No Promo Use,138,Bronze,Satisfied,1,8.5,2.4,0,0
2188,37,Male,Blouse,Clothing,78,Idaho,M,Violet,Spring,4.4,No,Free Shipping,No,No,20,PayPal,Annually,0,0,1,23.3,0.0,No Promo Use,1560,Gold,Satisfied,1,23.3,31.2,0,0
2189,41,Male,Coat,Outerwear,54,California,M,Brown,Winter,4.7,No,Next Day Air,No,No,9,Credit Card,Weekly,0,0,52,49.8,0.0,No Promo Use,486,Bronze,Satisfied,1,49.8,9.4,0,0
2190,38,Male,Blouse,Clothing,94,Wisconsin,XL,Brown,Fall,4.0,No,Express,No,No,47,Credit Card,Bi-Weekly,0,0,26,75.9,0.0,No Promo Use,4418,Platinum,Neutral,0,75.9,89.2,1,1
2191,42,Male,Belt,Accessories,75,Alaska,S,Maroon,Spring,4.6,No,Express,No,No,33,Credit Card,Annually,0,0,1,39.2,0.0,No Promo Use,2475,Platinum,Satisfied,1,39.2,49.8,0,1
2192,26,Male,Blouse,Clothing,69,Pennsylvania,S,Maroon,Summer,3.8,No,Next Day Air,No,No,46,Cash,Bi-Weekly,0,0,26,74.7,0.0,No Promo Use,3174,Platinum,Neutral,0,74.7,64.0,1,1
2193,41,Male,Scarf,Accessories,35,Virginia,L,Yellow,Winter,3.2,No,Next Day Air,No,No,9,Credit Card,Monthly,0,0,12,18.4,0.0,No Promo Use,315,Bronze,Dissatisfied,0,18.4,6.0,0,0
2194,27,Male,Shirt,Clothing,78,California,L,Turquoise,Spring,5.0,No,Express,No,No,8,PayPal,Monthly,0,0,12,17.2,0.0,No Promo Use,624,Silver,Satisfied,1,17.2,12.2,0,0
2195,61,Male,Socks,Clothing,29,Kentucky,M,Silver,Summer,3.5,No,Standard,No,No,48,Bank Transfer,Quarterly,0,0,4,59.9,0.0,No Promo Use,1392,Gold,Neutral,0,59.9,27.8,1,0
2196,58,Male,Jeans,Clothing,62,New York,M,Brown,Fall,3.7,No,Next Day Air,No,No,2,Cash,Monthly,0,0,12,9.9,0.0,No Promo Use,124,Bronze,Neutral,0,9.9,2.1,0,0
2197,25,Male,Dress,Clothing,58,Vermont,M,Gray,Spring,4.8,No,Next Day Air,No,No,31,PayPal,Weekly,0,0,52,76.7,0.0,No Promo Use,1798,Gold,Satisfied,1,76.7,36.1,1,1
2198,33,Male,Boots,Footwear,88,Pennsylvania,M,Indigo,Summer,3.7,No,2-Day Shipping,No,No,40,Venmo,Monthly,0,0,12,56.4,0.0,No Promo Use,3520,Platinum,Neutral,0,56.4,71.0,1,1
2199,57,Male,Scarf,Accessories,80,New York,L,Turquoise,Summer,3.5,No,Free Shipping,No,No,35,Venmo,Monthly,0,0,12,50.3,0.0,No Promo Use,2800,Platinum,Neutral,0,50.3,56.4,0,1
2200,39,Male,Scarf,Accessories,47,North Carolina,M,Maroon,Summer,4.9,No,Store Pickup,No,No,40,Debit Card,Monthly,0,0,12,56.4,0.0,No Promo Use,1880,Gold,Satisfied,1,56.4,37.7,1,1
2201,60,Male,Gloves,Accessories,51,Wyoming,L,Charcoal,Summer,4.7,No,Next Day Air,No,No,27,Debit Card,Every 3 Months,0,0,4,34.2,0.0,No Promo Use,1377,Gold,Satisfied,1,34.2,27.5,0,0
2202,39,Male,Pants,Clothing,25,Ohio,L,Peach,Spring,4.9,No,2-Day Shipping,No,No,10,Venmo,Annually,0,0,1,11.0,0.0,No Promo Use,250,Bronze,Satisfied,1,11.0,4.6,0,0
2203,42,Male,Dress,Clothing,36,Alabama,M,Red,Summer,4.3,No,Next Day Air,No,No,23,Credit Card,Weekly,0,0,52,66.9,0.0,No Promo Use,828,Silver,Satisfied,1,66.9,16.4,1,0
2204,53,Male,Dress,Clothing,79,Rhode Island,M,Indigo,Winter,3.1,No,Free Shipping,No,No,32,Cash,Quarterly,0,0,4,40.3,0.0,No Promo Use,2528,Platinum,Dissatisfied,0,40.3,50.9,0,1
2205,20,Male,Jeans,Clothing,41,Oregon,S,Lavender,Winter,3.4,No,2-Day Shipping,No,No,6,Debit Card,Monthly,0,0,12,14.7,0.0,No Promo Use,246,Bronze,Neutral,0,14.7,4.6,0,0
2206,46,Male,Sweater,Clothing,68,North Dakota,XL,Red,Fall,2.7,No,Express,No,No,27,PayPal,Weekly,0,0,52,71.8,0.0,No Promo Use,1836,Gold,Dissatisfied,0,71.8,36.8,1,1
2207,46,Male,Sandals,Footwear,51,Illinois,L,Green,Spring,2.6,No,Store Pickup,No,No,25,Bank Transfer,Fortnightly,0,0,26,49.0,0.0,No Promo Use,1275,Silver,Dissatisfied,0,49.0,25.4,0,0
2208,69,Male,Handbag,Accessories,38,New Mexico,M,Gray,Fall,2.9,No,Next Day Air,No,No,11,Credit Card,Annually,0,0,1,12.2,0.0,No Promo Use,418,Bronze,Dissatisfied,0,12.2,8.1,0,0
2209,28,Male,Scarf,Accessories,46,Colorado,XL,Violet,Summer,2.7,No,2-Day Shipping,No,No,23,PayPal,Monthly,0,0,12,35.6,0.0,No Promo Use,1058,Silver,Dissatisfied,0,35.6,21.0,0,0
2210,42,Male,Sandals,Footwear,20,Utah,XL,Beige,Summer,4.5,No,2-Day Shipping,No,No,44,Bank Transfer,Quarterly,0,0,4,55.0,0.0,No Promo Use,880,Silver,Satisfied,1,55.0,17.4,0,0
2211,30,Male,Sunglasses,Accessories,25,Virginia,M,Orange,Summer,3.1,No,Store Pickup,No,No,35,PayPal,Fortnightly,0,0,26,61.2,0.0,No Promo Use,875,Silver,Dissatisfied,0,61.2,17.3,1,0
2212,50,Male,Sweater,Clothing,89,Maine,L,Purple,Winter,3.2,No,Free Shipping,No,No,45,Debit Card,Every 3 Months,0,0,4,56.2,0.0,No Promo Use,4005,Platinum,Dissatisfied,0,56.2,80.8,1,1
2213,59,Male,Pants,Clothing,77,Nebraska,M,Brown,Winter,3.3,No,Next Day Air,No,No,22,Bank Transfer,Quarterly,0,0,4,28.1,0.0,No Promo Use,1694,Gold,Neutral,0,28.1,33.9,0,1
2214,54,Male,Hat,Accessories,94,Hawaii,M,Maroon,Fall,2.9,No,Express,No,No,18,Debit Card,Quarterly,0,0,4,23.2,0.0,No Promo Use,1692,Gold,Dissatisfied,0,23.2,33.9,0,1
2215,50,Male,Belt,Accessories,100,Idaho,L,Gold,Fall,4.1,No,Standard,No,No,20,Debit Card,Weekly,0,0,52,63.3,0.0,No Promo Use,2000,Gold,Satisfied,1,63.3,40.2,1,1
2216,25,Male,Sandals,Footwear,96,West Virginia,M,Indigo,Winter,2.7,No,Express,No,No,28,Credit Card,Fortnightly,0,0,26,52.7,0.0,No Promo Use,2688,Platinum,Dissatisfied,0,52.7,54.1,0,1
2217,41,Male,Pants,Clothing,36,Vermont,XL,Silver,Winter,4.0,No,Store Pickup,No,No,15,Venmo,Bi-Weekly,0,0,26,36.8,0.0,No Promo Use,540,Bronze,Neutral,0,36.8,10.5,0,0
2218,35,Male,Jewelry,Accessories,27,Indiana,XL,Red,Fall,2.6,No,Store Pickup,No,No,42,Bank Transfer,Fortnightly,0,0,26,69.8,0.0,No Promo Use,1134,Silver,Dissatisfied,0,69.8,22.6,1,0
2219,67,Male,Sunglasses,Accessories,67,Idaho,M,Magenta,Winter,3.5,No,Store Pickup,No,No,20,Debit Card,Quarterly,0,0,4,25.6,0.0,No Promo Use,1340,Gold,Neutral,0,25.6,26.8,0,0
2220,33,Male,Blouse,Clothing,91,Minnesota,S,Purple,Fall,2.8,No,Store Pickup,No,No,16,Bank Transfer,Fortnightly,0,0,26,38.0,0.0,No Promo Use,1456,Gold,Dissatisfied,0,38.0,29.1,0,0
2221,19,Male,Belt,Accessories,62,Wyoming,XL,Beige,Fall,4.5,No,Store Pickup,No,No,47,Cash,Annually,0,0,1,56.3,0.0,No Promo Use,2914,Platinum,Satisfied,1,56.3,58.7,1,1
2222,25,Male,Shorts,Clothing,88,Kansas,XL,White,Fall,3.0,No,Free Shipping,No,No,34,Credit Card,Annually,0,0,1,40.4,0.0,No Promo Use,2992,Platinum,Dissatisfied,0,40.4,60.3,0,1
2223,32,Male,Pants,Clothing,66,Georgia,M,Teal,Summer,4.4,No,Store Pickup,No,No,30,Credit Card,Weekly,0,0,52,75.5,0.0,No Promo Use,1980,Gold,Satisfied,1,75.5,39.7,1,1
2224,30,Male,Sandals,Footwear,65,Kansas,M,Gray,Fall,4.7,No,Next Day Air,No,No,5,PayPal,Quarterly,0,0,4,7.3,0.0,No Promo Use,325,Bronze,Satisfied,1,7.3,6.2,0,0
2225,18,Male,Gloves,Accessories,25,Nebraska,L,Charcoal,Winter,4.3,No,Standard,No,No,38,Cash,Quarterly,0,0,4,47.7,0.0,No Promo Use,950,Silver,Satisfied,1,47.7,18.8,0,0
2226,38,Male,Belt,Accessories,64,Washington,S,Olive,Spring,4.8,No,Free Shipping,No,No,18,Credit Card,Annually,0,0,1,20.8,0.0,No Promo Use,1152,Silver,Satisfied,1,20.8,22.9,0,0
2227,22,Male,Shirt,Clothing,72,Missouri,L,Blue,Spring,4.8,No,Store Pickup,No,No,28,Cash,Annually,0,0,1,33.1,0.0,No Promo Use,2016,Gold,Satisfied,1,33.1,40.5,0,1
2228,40,Male,Scarf,Accessories,74,Washington,S,Gray,Summer,4.4,No,Next Day Air,No,No,42,Credit Card,Fortnightly,0,0,26,69.8,0.0,No Promo Use,3108,Platinum,Satisfied,1,69.8,62.6,1,1
2229,54,Male,Gloves,Accessories,50,Kansas,M,Green,Fall,3.7,No,Free Shipping,No,No,5,Credit Card,Weekly,0,0,52,44.9,0.0,No Promo Use,250,Bronze,Neutral,0,44.9,4.6,0,0
2230,70,Male,Pants,Clothing,97,Minnesota,M,Silver,Fall,3.9,No,Express,No,No,50,Venmo,Monthly,0,0,12,68.6,0.0,No Promo Use,4850,Platinum,Neutral,0,68.6,98.0,1,1
2231,52,Male,Sneakers,Footwear,36,Colorado,S,Teal,Spring,3.8,No,Express,No,No,33,Venmo,Fortnightly,0,0,26,58.8,0.0,No Promo Use,1188,Silver,Neutral,0,58.8,23.7,1,0
2232,34,Male,Jacket,Outerwear,49,Utah,M,Beige,Fall,4.1,No,Store Pickup,No,No,1,Credit Card,Weekly,0,0,52,40.0,0.0,No Promo Use,49,Bronze,Satisfied,1,40.0,0.6,0,0
2233,65,Male,Shoes,Footwear,64,North Carolina,L,Lavender,Spring,4.0,No,Store Pickup,No,No,14,Cash,Fortnightly,0,0,26,35.5,0.0,No Promo Use,896,Silver,Neutral,0,35.5,17.8,0,0
2234,38,Male,Blouse,Clothing,31,Florida,XL,Gray,Summer,4.5,No,Express,No,No,48,Credit Card,Monthly,0,0,12,66.2,0.0,No Promo Use,1488,Gold,Satisfied,1,66.2,29.8,1,0
2235,35,Male,Boots,Footwear,66,New Hampshire,S,Yellow,Winter,4.0,No,Express,No,No,26,Cash,Weekly,0,0,52,70.6,0.0,No Promo Use,1716,Gold,Neutral,0,70.6,34.4,1,1
2236,40,Male,Socks,Clothing,82,Illinois,M,Gray,Spring,4.5,No,2-Day Shipping,No,No,44,Credit Card,Annually,0,0,1,52.7,0.0,No Promo Use,3608,Platinum,Satisfied,1,52.7,72.8,0,1
2237,23,Male,T-shirt,Clothing,88,Louisiana,M,Yellow,Winter,2.7,No,Standard,No,No,18,Debit Card,Fortnightly,0,0,26,40.4,0.0,No Promo Use,1584,Gold,Dissatisfied,0,40.4,31.7,0,1
2238,45,Male,Sandals,Footwear,34,Alabama,S,Black,Summer,3.8,No,Next Day Air,No,No,31,Venmo,Every 3 Months,0,0,4,39.1,0.0,No Promo Use,1054,Silver,Neutral,0,39.1,21.0,0,0
2239,40,Male,Sneakers,Footwear,84,Florida,L,Beige,Winter,3.8,No,Standard,No,No,18,Debit Card,Weekly,0,0,52,60.8,0.0,No Promo Use,1512,Gold,Neutral,0,60.8,30.2,1,0
2240,42,Male,Jewelry,Accessories,96,Alabama,L,Indigo,Summer,3.8,No,2-Day Shipping,No,No,41,Credit Card,Every 3 Months,0,0,4,51.3,0.0,No Promo Use,3936,Platinum,Neutral,0,51.3,79.4,0,1
2241,57,Male,Sandals,Footwear,71,California,L,Green,Winter,4.3,No,Next Day Air,No,No,18,Debit Card,Every 3 Months,0,0,4,23.2,0.0,No Promo Use,1278,Silver,Satisfied,1,23.2,25.5,0,0
2242,18,Male,Jacket,Outerwear,77,Maryland,M,Purple,Summer,3.5,No,Free Shipping,No,No,3,Bank Transfer,Bi-Weekly,0,0,26,22.1,0.0,No Promo Use,231,Bronze,Neutral,0,22.1,4.3,0,0
2243,18,Male,Skirt,Clothing,66,Nevada,M,Orange,Spring,3.8,No,Next Day Air,No,No,5,Credit Card,Bi-Weekly,0,0,26,24.5,0.0,No Promo Use,330,Bronze,Neutral,0,24.5,6.3,0,0
2244,56,Male,Shirt,Clothing,21,Massachusetts,M,Teal,Winter,3.7,No,2-Day Shipping,No,No,13,Debit Card,Annually,0,0,1,14.7,0.0,No Promo Use,273,Bronze,Neutral,0,14.7,5.1,0,0
2245,35,Male,Shorts,Clothing,37,South Carolina,M,Gold,Summer,4.8,No,2-Day Shipping,No,No,22,PayPal,Annually,0,0,1,25.7,0.0,No Promo Use,814,Silver,Satisfied,1,25.7,16.1,0,0
2246,49,Male,Socks,Clothing,90,Delaware,L,Gray,Fall,4.9,No,Free Shipping,No,No,45,PayPal,Fortnightly,0,0,26,73.5,0.0,No Promo Use,4050,Platinum,Satisfied,1,73.5,81.7,1,1
2247,49,Male,Jacket,Outerwear,96,Hawaii,M,Cyan,Fall,4.3,No,Store Pickup,No,No,39,PayPal,Every 3 Months,0,0,4,48.9,0.0,No Promo Use,3744,Platinum,Satisfied,1,48.9,75.5,0,1
2248,34,Male,Jewelry,Accessories,37,Florida,L,Teal,Summer,4.4,No,Next Day Air,No,No,18,Venmo,Annually,0,0,1,20.8,0.0,No Promo Use,666,Silver,Satisfied,1,20.8,13.1,0,0
2249,63,Male,T-shirt,Clothing,66,Rhode Island,M,Violet,Winter,3.4,No,Free Shipping,No,No,19,PayPal,Fortnightly,0,0,26,41.6,0.0,No Promo Use,1254,Silver,Neutral,0,41.6,25.0,0,0
2250,42,Male,Gloves,Accessories,45,Wyoming,XL,Indigo,Spring,4.3,No,Next Day Air,No,No,29,Debit Card,Weekly,0,0,52,74.3,0.0,No Promo Use,1305,Gold,Satisfied,1,74.3,26.0,1,0
2251,41,Male,Shoes,Footwear,89,Colorado,L,Pink,Summer,4.6,No,Store Pickup,No,No,19,Credit Card,Weekly,0,0,52,62.0,0.0,No Promo Use,1691,Gold,Satisfied,1,62.0,33.9,1,1
2252,26,Male,Shoes,Footwear,94,Virginia,L,Gold,Fall,3.8,No,Free Shipping,No,No,22,Debit Card,Monthly,0,0,12,34.3,0.0,No Promo Use,2068,Gold,Neutral,0,34.3,41.5,0,1
2253,48,Male,Shoes,Footwear,96,Nebraska,S,Maroon,Summer,3.9,No,Express,No,No,21,Bank Transfer,Annually,0,0,1,24.5,0.0,No Promo Use,2016,Gold,Neutral,0,24.5,40.5,0,1
2254,62,Male,Hoodie,Clothing,31,Oklahoma,M,Brown,Spring,2.6,No,Store Pickup,No,No,22,PayPal,Monthly,0,0,12,34.3,0.0,No Promo Use,682,Silver,Dissatisfied,0,34.3,13.4,0,0
2255,24,Male,Belt,Accessories,79,North Dakota,M,Gold,Winter,4.2,No,Store Pickup,No,No,44,PayPal,Every 3 Months,0,0,4,55.0,0.0,No Promo Use,3476,Platinum,Satisfied,1,55.0,70.1,0,1
2256,48,Male,Coat,Outerwear,39,Michigan,L,Teal,Spring,4.6,No,Store Pickup,No,No,42,Bank Transfer,Quarterly,0,0,4,52.6,0.0,No Promo Use,1638,Gold,Satisfied,1,52.6,32.8,0,1
2257,31,Male,Blouse,Clothing,22,California,M,Turquoise,Fall,5.0,No,Standard,No,No,33,Credit Card,Quarterly,0,0,4,41.5,0.0,No Promo Use,726,Silver,Satisfied,1,41.5,14.3,0,0
2258,41,Male,Skirt,Clothing,32,Tennessee,L,Olive,Fall,4.2,No,Standard,No,No,6,Bank Transfer,Annually,0,0,1,6.1,0.0,No Promo Use,192,Bronze,Satisfied,1,6.1,3.5,0,0
2259,24,Male,T-shirt,Clothing,71,Ohio,L,Cyan,Winter,4.3,No,Store Pickup,No,No,44,Credit Card,Every 3 Months,0,0,4,55.0,0.0,No Promo Use,3124,Platinum,Satisfied,1,55.0,63.0,0,1
2260,60,Male,Jeans,Clothing,96,Florida,XL,Beige,Spring,3.3,No,Free Shipping,No,No,24,Cash,Annually,0,0,1,28.2,0.0,No Promo Use,2304,Platinum,Neutral,0,28.2,46.3,0,1
2261,38,Male,Scarf,Accessories,82,Missouri,M,Blue,Fall,4.9,No,Express,No,No,16,PayPal,Quarterly,0,0,4,20.7,0.0,No Promo Use,1312,Gold,Satisfied,1,20.7,26.2,0,0
2262,58,Male,Backpack,Accessories,76,South Carolina,L,Gold,Spring,4.4,No,Standard,No,No,12,Bank Transfer,Fortnightly,0,0,26,33.1,0.0,No Promo Use,912,Silver,Satisfied,1,33.1,18.1,0,0
2263,53,Male,Backpack,Accessories,22,Arizona,M,Green,Winter,3.1,No,2-Day Shipping,No,No,50,PayPal,Monthly,0,0,12,68.6,0.0,No Promo Use,1100,Silver,Dissatisfied,0,68.6,21.9,1,0
2264,44,Male,Scarf,Accessories,40,Indiana,XL,Green,Winter,3.5,No,Store Pickup,No,No,42,Cash,Quarterly,0,0,4,52.6,0.0,No Promo Use,1680,Gold,Neutral,0,52.6,33.7,0,1
2265,51,Male,Hat,Accessories,92,North Dakota,M,Turquoise,Summer,3.9,No,2-Day Shipping,No,No,50,PayPal,Monthly,0,0,12,68.6,0.0,No Promo Use,4600,Platinum,Neutral,0,68.6,92.9,1,1
2266,36,Male,Coat,Outerwear,94,Montana,XL,Yellow,Fall,3.9,No,Store Pickup,No,No,10,PayPal,Quarterly,0,0,4,13.4,0.0,No Promo Use,940,Silver,Neutral,0,13.4,18.6,0,0
2267,20,Male,Dress,Clothing,44,Missouri,M,Yellow,Fall,4.3,No,Store Pickup,No,No,32,Debit Card,Weekly,0,0,52,78.0,0.0,No Promo Use,1408,Gold,Satisfied,1,78.0,28.1,1,0
2268,32,Male,Gloves,Accessories,49,Kentucky,S,Blue,Spring,3.8,No,Express,No,No,37,Venmo,Weekly,0,0,52,84.1,0.0,No Promo Use,1813,Gold,Neutral,0,84.1,36.4,1,1
2269,66,Male,Sweater,Clothing,26,Georgia,L,Charcoal,Spring,2.7,No,2-Day Shipping,No,No,15,Bank Transfer,Monthly,0,0,12,25.8,0.0,No Promo Use,390,Bronze,Dissatisfied,0,25.8,7.5,0,0
2270,49,Male,Skirt,Clothing,38,Kentucky,M,Yellow,Fall,4.4,No,Store Pickup,No,No,27,Credit Card,Annually,0,0,1,31.8,0.0,No Promo Use,1026,Silver,Satisfied,1,31.8,20.4,0,0
2271,27,Male,Blouse,Clothing,72,Georgia,L,Purple,Spring,3.5,No,Express,No,No,7,Venmo,Weekly,0,0,52,47.3,0.0,No Promo Use,504,Bronze,Neutral,0,47.3,9.8,0,0
2272,29,Male,Dress,Clothing,99,Alaska,M,Green,Summer,3.4,No,Free Shipping,No,No,49,PayPal,Quarterly,0,0,4,61.1,0.0,No Promo Use,4851,Platinum,Neutral,0,61.1,98.0,1,1
2273,29,Male,Jacket,Outerwear,38,Maine,L,Charcoal,Spring,4.0,No,Standard,No,No,44,PayPal,Monthly,0,0,12,61.3,0.0,No Promo Use,1672,Gold,Neutral,0,61.3,33.5,1,1
2274,55,Male,Coat,Outerwear,96,New Mexico,L,Silver,Winter,4.8,No,Express,No,No,13,PayPal,Bi-Weekly,0,0,26,34.3,0.0,No Promo Use,1248,Silver,Satisfied,1,34.3,24.9,0,0
2275,57,Male,Dress,Clothing,27,New York,L,Turquoise,Spring,4.5,No,Next Day Air,No,No,38,PayPal,Fortnightly,0,0,26,64.9,0.0,No Promo Use,1026,Silver,Satisfied,1,64.9,20.4,1,0
2276,29,Male,Shorts,Clothing,24,Oklahoma,M,Gray,Winter,4.4,No,Standard,No,No,10,Debit Card,Weekly,0,0,52,51.0,0.0,No Promo Use,240,Bronze,Satisfied,1,51.0,4.4,0,0
2277,31,Male,Jeans,Clothing,82,Wyoming,L,Red,Summer,4.1,No,2-Day Shipping,No,No,25,Debit Card,Weekly,0,0,52,69.4,0.0,No Promo Use,2050,Gold,Satisfied,1,69.4,41.2,1,1
2278,25,Male,Hat,Accessories,56,Alabama,M,Beige,Summer,4.6,No,Next Day Air,No,No,18,Credit Card,Quarterly,0,0,4,23.2,0.0,No Promo Use,1008,Silver,Satisfied,1,23.2,20.0,0,0
2279,61,Male,Gloves,Accessories,25,Maryland,M,Maroon,Fall,3.8,No,Store Pickup,No,No,6,Cash,Every 3 Months,0,0,4,8.5,0.0,No Promo Use,150,Bronze,Neutral,0,8.5,2.6,0,0
2280,53,Male,Sneakers,Footwear,67,West Virginia,L,Indigo,Spring,2.9,No,Free Shipping,No,No,35,Bank Transfer,Quarterly,0,0,4,44.0,0.0,No Promo Use,2345,Platinum,Dissatisfied,0,44.0,47.1,0,1
2281,22,Male,Shoes,Footwear,21,Kentucky,M,Red,Summer,2.8,No,Standard,No,No,31,Credit Card,Fortnightly,0,0,26,56.3,0.0,No Promo Use,651,Silver,Dissatisfied,0,56.3,12.8,1,0
2282,28,Male,Hoodie,Clothing,27,Kansas,XL,Maroon,Summer,3.0,No,Store Pickup,No,No,41,Bank Transfer,Annually,0,0,1,49.0,0.0,No Promo Use,1107,Silver,Dissatisfied,0,49.0,22.0,0,0
2283,18,Male,Sneakers,Footwear,97,Idaho,S,Red,Fall,4.2,No,2-Day Shipping,No,No,8,Credit Card,Annually,0,0,1,8.6,0.0,No Promo Use,776,Silver,Satisfied,1,8.6,15.3,0,0
2284,44,Male,Handbag,Accessories,45,Ohio,S,Black,Winter,4.1,No,Free Shipping,No,No,34,Credit Card,Fortnightly,0,0,26,60.0,0.0,No Promo Use,1530,Gold,Satisfied,1,60.0,30.6,1,0
2285,32,Male,Blouse,Clothing,63,Iowa,XL,Black,Fall,4.1,No,Express,No,No,20,Venmo,Annually,0,0,1,23.3,0.0,No Promo Use,1260,Silver,Satisfied,1,23.3,25.1,0,0
2286,34,Male,Belt,Accessories,100,Michigan,L,Pink,Summer,4.6,No,2-Day Shipping,No,No,38,PayPal,Every 3 Months,0,0,4,47.7,0.0,No Promo Use,3800,Platinum,Satisfied,1,47.7,76.7,0,1
2287,67,Male,Socks,Clothing,38,South Dakota,L,Blue,Spring,2.5,No,Store Pickup,No,No,35,Venmo,Quarterly,0,0,4,44.0,0.0,No Promo Use,1330,Gold,Dissatisfied,0,44.0,26.6,0,0
2288,66,Male,Blouse,Clothing,45,Nebraska,L,Green,Summer,3.0,No,Store Pickup,No,No,6,Debit Card,Annually,0,0,1,6.1,0.0,No Promo Use,270,Bronze,Dissatisfied,0,6.1,5.1,0,0
2289,28,Male,Jewelry,Accessories,91,California,M,Orange,Fall,3.8,No,Next Day Air,No,No,50,PayPal,Weekly,0,0,52,100.0,0.0,No Promo Use,4550,Platinum,Neutral,0,100.0,91.9,1,1
2290,70,Male,Shorts,Clothing,82,Nevada,M,Orange,Fall,4.1,No,Free Shipping,No,No,47,Venmo,Weekly,0,0,52,96.3,0.0,No Promo Use,3854,Platinum,Satisfied,1,96.3,77.8,1,1
2291,37,Male,Boots,Footwear,48,Kansas,L,Magenta,Winter,3.3,No,Standard,No,No,23,PayPal,Quarterly,0,0,4,29.3,0.0,No Promo Use,1104,Silver,Neutral,0,29.3,22.0,0,0
2292,28,Male,Coat,Outerwear,30,Ohio,M,Indigo,Spring,5.0,No,2-Day Shipping,No,No,13,Credit Card,Quarterly,0,0,4,17.0,0.0,No Promo Use,390,Bronze,Satisfied,1,17.0,7.5,0,0
2293,43,Male,T-shirt,Clothing,34,Vermont,S,Beige,Spring,3.8,No,Next Day Air,No,No,31,Debit Card,Monthly,0,0,12,45.4,0.0,No Promo Use,1054,Silver,Neutral,0,45.4,21.0,0,0
2294,37,Male,Sweater,Clothing,68,Georgia,L,Green,Fall,3.3,No,Express,No,No,16,Debit Card,Every 3 Months,0,0,4,20.7,0.0,No Promo Use,1088,Silver,Neutral,0,20.7,21.6,0,0
2295,54,Male,Sunglasses,Accessories,95,Maryland,M,Red,Winter,5.0,No,Express,No,No,40,Debit Card,Annually,0,0,1,47.8,0.0,No Promo Use,3800,Platinum,Satisfied,1,47.8,76.7,0,1
2296,50,Male,Hat,Accessories,22,Connecticut,L,Beige,Spring,2.9,No,2-Day Shipping,No,No,45,PayPal,Quarterly,0,0,4,56.2,0.0,No Promo Use,990,Silver,Dissatisfied,0,56.2,19.7,1,0
2297,46,Male,Gloves,Accessories,88,Washington,M,Green,Fall,2.5,No,Next Day Air,No,No,50,Venmo,Every 3 Months,0,0,4,62.4,0.0,No Promo Use,4400,Platinum,Dissatisfied,0,62.4,88.8,1,1
2298,60,Male,Socks,Clothing,83,California,M,Orange,Summer,4.7,No,Standard,No,No,1,Bank Transfer,Quarterly,0,0,4,2.4,0.0,No Promo Use,83,Bronze,Satisfied,1,2.4,1.3,0,0
2299,40,Male,Handbag,Accessories,87,Montana,L,Cyan,Spring,2.9,No,2-Day Shipping,No,No,10,Cash,Every 3 Months,0,0,4,13.4,0.0,No Promo Use,870,Silver,Dissatisfied,0,13.4,17.2,0,0
2300,64,Male,Coat,Outerwear,57,Idaho,M,Violet,Summer,3.7,No,Store Pickup,No,No,48,Credit Card,Every 3 Months,0,0,4,59.9,0.0,No Promo Use,2736,Platinum,Neutral,0,59.9,55.1,1,1
2301,18,Male,Coat,Outerwear,88,Pennsylvania,XL,Lavender,Summer,4.4,No,2-Day Shipping,No,No,38,Credit Card,Monthly,0,0,12,53.9,0.0,No Promo Use,3344,Platinum,Satisfied,1,53.9,67.4,0,1
2302,37,Male,Pants,Clothing,20,Maine,L,Turquoise,Winter,2.9,No,Next Day Air,No,No,21,Debit Card,Annually,0,0,1,24.5,0.0,No Promo Use,420,Bronze,Dissatisfied,0,24.5,8.1,0,0
2303,36,Male,Belt,Accessories,39,Montana,L,Pink,Summer,3.6,No,Store Pickup,No,No,38,Venmo,Monthly,0,0,12,53.9,0.0,No Promo Use,1482,Gold,Neutral,0,53.9,29.6,0,0
2304,51,Male,Sunglasses,Accessories,71,New Jersey,S,Beige,Spring,4.8,No,2-Day Shipping,No,No,31,Credit Card,Fortnightly,0,0,26,56.3,0.0,No Promo Use,2201,Gold,Satisfied,1,56.3,44.2,1,1
2305,26,Male,Hoodie,Clothing,73,Louisiana,L,Silver,Winter,4.7,No,Free Shipping,No,No,9,Debit Card,Fortnightly,0,0,26,29.4,0.0,No Promo Use,657,Silver,Satisfied,1,29.4,12.9,0,0
2306,68,Male,Handbag,Accessories,63,Maine,M,Gold,Summer,2.6,No,Free Shipping,No,No,47,Cash,Weekly,0,0,52,96.3,0.0,No Promo Use,2961,Platinum,Dissatisfied,0,96.3,59.6,1,1
2307,27,Male,Gloves,Accessories,78,Florida,L,Silver,Winter,3.4,No,Standard,No,No,8,Cash,Bi-Weekly,0,0,26,28.2,0.0,No Promo Use,624,Silver,Neutral,0,28.2,12.2,0,0
2308,28,Male,Skirt,Clothing,96,Missouri,L,Green,Fall,3.5,No,Next Day Air,No,No,30,Debit Card,Annually,0,0,1,35.5,0.0,No Promo Use,2880,Platinum,Neutral,0,35.5,58.0,0,1
2309,49,Male,Sunglasses,Accessories,81,North Dakota,M,Teal,Winter,3.4,No,2-Day Shipping,No,No,22,Bank Transfer,Quarterly,0,0,4,28.1,0.0,No Promo Use,1782,Gold,Neutral,0,28.1,35.7,0,1
2310,70,Male,Dress,Clothing,95,Connecticut,S,Gold,Fall,5.0,No,2-Day Shipping,No,No,3,Bank Transfer,Quarterly,0,0,4,4.8,0.0,No Promo Use,285,Bronze,Satisfied,1,4.8,5.4,0,0
2311,30,Male,Gloves,Accessories,68,Virginia,M,Cyan,Spring,4.6,No,Standard,No,No,15,PayPal,Monthly,0,0,12,25.8,0.0,No Promo Use,1020,Silver,Satisfied,1,25.8,20.3,0,0
2312,27,Male,Sneakers,Footwear,28,Montana,L,Gold,Spring,4.8,No,2-Day Shipping,No,No,10,Bank Transfer,Every 3 Months,0,0,4,13.4,0.0,No Promo Use,280,Bronze,Satisfied,1,13.4,5.3,0,0
2313,19,Male,T-shirt,Clothing,30,Vermont,L,Violet,Summer,3.7,No,Free Shipping,No,No,19,Cash,Every 3 Months,0,0,4,24.4,0.0,No Promo Use,570,Bronze,Neutral,0,24.4,11.1,0,0
2314,64,Male,Dress,Clothing,31,Georgia,M,Black,Summer,4.7,No,Next Day Air,No,No,36,Bank Transfer,Fortnightly,0,0,26,62.5,0.0,No Promo Use,1116,Silver,Satisfied,1,62.5,22.2,1,0
2315,42,Male,Handbag,Accessories,95,Virginia,XL,Brown,Winter,4.4,No,Express,No,No,12,Bank Transfer,Every 3 Months,0,0,4,15.8,0.0,No Promo Use,1140,Silver,Satisfied,1,15.8,22.7,0,0
2316,69,Male,Socks,Clothing,79,Vermont,M,Indigo,Winter,3.5,No,2-Day Shipping,No,No,49,Debit Card,Quarterly,0,0,4,61.1,0.0,No Promo Use,3871,Platinum,Neutral,0,61.1,78.1,1,1
2317,28,Male,Sneakers,Footwear,39,Montana,L,Yellow,Winter,3.8,No,Standard,No,No,7,Debit Card,Annually,0,0,1,7.3,0.0,No Promo Use,273,Bronze,Neutral,0,7.3,5.1,0,0
2318,47,Male,Jacket,Outerwear,34,New Jersey,M,Purple,Summer,4.7,No,Next Day Air,No,No,28,Bank Transfer,Monthly,0,0,12,41.7,0.0,No Promo Use,952,Silver,Satisfied,1,41.7,18.9,0,0
2319,69,Male,Hoodie,Clothing,28,Wyoming,L,White,Spring,3.1,No,Store Pickup,No,No,30,Credit Card,Annually,0,0,1,35.5,0.0,No Promo Use,840,Silver,Dissatisfied,0,35.5,16.6,0,0
2320,56,Male,Sandals,Footwear,38,Maine,XL,Turquoise,Winter,5.0,No,Free Shipping,No,No,29,PayPal,Monthly,0,0,12,42.9,0.0,No Promo Use,1102,Silver,Satisfied,1,42.9,21.9,0,0
2321,28,Male,Shoes,Footwear,55,New Mexico,M,Olive,Spring,3.7,No,Free Shipping,No,No,9,Debit Card,Every 3 Months,0,0,4,12.1,0.0,No Promo Use,495,Bronze,Neutral,0,12.1,9.6,0,0
2322,50,Male,Sandals,Footwear,31,Colorado,M,Beige,Winter,3.0,No,Next Day Air,No,No,27,Debit Card,Fortnightly,0,0,26,51.4,0.0,No Promo Use,837,Silver,Dissatisfied,0,51.4,16.6,0,0
2323,39,Male,Coat,Outerwear,84,Connecticut,S,Lavender,Spring,4.5,No,Store Pickup,No,No,21,Venmo,Fortnightly,0,0,26,44.1,0.0,No Promo Use,1764,Gold,Satisfied,1,44.1,35.4,0,1
2324,35,Male,Gloves,Accessories,93,Maryland,L,White,Winter,4.7,No,Express,No,No,36,Credit Card,Monthly,0,0,12,51.5,0.0,No Promo Use,3348,Platinum,Satisfied,1,51.5,67.5,0,1
2325,59,Male,Coat,Outerwear,28,Oregon,L,Brown,Winter,3.5,No,Free Shipping,No,No,19,Debit Card,Annually,0,0,1,22.0,0.0,No Promo Use,532,Bronze,Neutral,0,22.0,10.4,0,0
2326,44,Male,Boots,Footwear,55,New York,M,Charcoal,Summer,4.4,No,2-Day Shipping,No,No,47,Cash,Weekly,0,0,52,96.3,0.0,No Promo Use,2585,Platinum,Satisfied,1,96.3,52.0,1,1
2327,66,Male,Skirt,Clothing,63,Oklahoma,L,Maroon,Winter,2.6,No,Standard,No,No,38,Bank Transfer,Annually,0,0,1,45.3,0.0,No Promo Use,2394,Platinum,Dissatisfied,0,45.3,48.1,0,1
2328,20,Male,Skirt,Clothing,94,Alabama,M,Red,Winter,4.2,No,2-Day Shipping,No,No,22,Venmo,Bi-Weekly,0,0,26,45.3,0.0,No Promo Use,2068,Gold,Satisfied,1,45.3,41.5,0,1
2329,45,Male,Pants,Clothing,36,North Dakota,M,Maroon,Fall,2.6,No,Express,No,No,29,Venmo,Bi-Weekly,0,0,26,53.9,0.0,No Promo Use,1044,Silver,Dissatisfied,0,53.9,20.8,0,0
2330,49,Male,Hat,Accessories,97,Nebraska,S,Teal,Spring,4.8,No,Free Shipping,No,No,42,Bank Transfer,Annually,0,0,1,50.2,0.0,No Promo Use,4074,Platinum,Satisfied,1,50.2,82.2,0,1
2331,60,Male,Backpack,Accessories,63,Arizona,L,Orange,Summer,2.9,No,Store Pickup,No,No,47,PayPal,Every 3 Months,0,0,4,58.7,0.0,No Promo Use,2961,Platinum,Dissatisfied,0,58.7,59.6,1,1
2332,61,Male,Scarf,Accessories,77,Illinois,S,Olive,Spring,4.3,No,2-Day Shipping,No,No,10,Credit Card,Bi-Weekly,0,0,26,30.6,0.0,No Promo Use,770,Silver,Satisfied,1,30.6,15.2,0,0
2333,36,Male,Scarf,Accessories,53,South Carolina,XL,Olive,Fall,2.6,No,Store Pickup,No,No,10,Venmo,Monthly,0,0,12,19.6,0.0,No Promo Use,530,Bronze,Dissatisfied,0,19.6,10.3,0,0
2334,33,Male,Shirt,Clothing,77,Kansas,M,Beige,Spring,3.8,No,Next Day Air,No,No,1,PayPal,Every 3 Months,0,0,4,2.4,0.0,No Promo Use,77,Bronze,Neutral,0,2.4,1.1,0,0
2335,49,Male,Boots,Footwear,79,Kansas,L,Green,Summer,4.2,No,Standard,No,No,7,Credit Card,Monthly,0,0,12,16.0,0.0,No Promo Use,553,Bronze,Satisfied,1,16.0,10.8,0,0
2336,31,Male,Coat,Outerwear,37,Idaho,M,Black,Summer,3.9,No,Store Pickup,No,No,10,Venmo,Fortnightly,0,0,26,30.6,0.0,No Promo Use,370,Bronze,Neutral,0,30.6,7.1,0,0
2337,19,Male,Belt,Accessories,94,California,M,Green,Winter,3.1,No,Free Shipping,No,No,11,Credit Card,Weekly,0,0,52,52.2,0.0,No Promo Use,1034,Silver,Dissatisfied,0,52.2,20.6,0,0
2338,39,Male,Boots,Footwear,76,North Dakota,S,Violet,Fall,3.6,No,Store Pickup,No,No,5,Cash,Annually,0,0,1,4.9,0.0,No Promo Use,380,Bronze,Neutral,0,4.9,7.3,0,0
2339,66,Male,Sneakers,Footwear,68,Georgia,S,Silver,Fall,4.0,No,Express,No,No,21,PayPal,Quarterly,0,0,4,26.8,0.0,No Promo Use,1428,Gold,Neutral,0,26.8,28.5,0,0
2340,25,Male,Shirt,Clothing,65,Illinois,L,Maroon,Spring,3.4,No,Next Day Air,No,No,24,Bank Transfer,Quarterly,0,0,4,30.5,0.0,No Promo Use,1560,Gold,Neutral,0,30.5,31.2,0,0
2341,63,Male,Blouse,Clothing,24,Delaware,M,Cyan,Summer,2.6,No,Standard,No,No,37,Credit Card,Fortnightly,0,0,26,63.7,0.0,No Promo Use,888,Silver,Dissatisfied,0,63.7,17.6,1,0
2342,56,Male,Jacket,Outerwear,31,Connecticut,L,Teal,Summer,4.5,No,Express,No,No,22,Venmo,Every 3 Months,0,0,4,28.1,0.0,No Promo Use,682,Silver,Satisfied,1,28.1,13.4,0,0
2343,20,Male,Skirt,Clothing,89,Tennessee,M,Olive,Fall,4.9,No,Standard,No,No,16,Debit Card,Fortnightly,0,0,26,38.0,0.0,No Promo Use,1424,Gold,Satisfied,1,38.0,28.5,0,0
2344,58,Male,Socks,Clothing,49,Maryland,M,Red,Summer,4.4,No,2-Day Shipping,No,No,44,PayPal,Monthly,0,0,12,61.3,0.0,No Promo Use,2156,Gold,Satisfied,1,61.3,43.3,1,1
2345,34,Male,Sandals,Footwear,92,Rhode Island,XL,Lavender,Fall,3.5,No,Express,No,No,14,Venmo,Bi-Weekly,0,0,26,35.5,0.0,No Promo Use,1288,Gold,Neutral,0,35.5,25.7,0,0
2346,28,Male,T-shirt,Clothing,32,New York,S,Orange,Winter,3.3,No,Express,No,No,23,Bank Transfer,Every 3 Months,0,0,4,29.3,0.0,No Promo Use,736,Silver,Neutral,0,29.3,14.5,0,0
2347,22,Male,Jacket,Outerwear,67,New Mexico,L,Brown,Winter,3.1,No,Standard,No,No,46,Debit Card,Fortnightly,0,0,26,74.7,0.0,No Promo Use,3082,Platinum,Dissatisfied,0,74.7,62.1,1,1
2348,37,Male,Belt,Accessories,64,California,S,Gray,Fall,4.2,No,Express,No,No,46,Cash,Every 3 Months,0,0,4,57.5,0.0,No Promo Use,2944,Platinum,Satisfied,1,57.5,59.3,1,1
2349,54,Male,Shoes,Footwear,84,Maine,M,Orange,Spring,4.9,No,Next Day Air,No,No,16,PayPal,Every 3 Months,0,0,4,20.7,0.0,No Promo Use,1344,Gold,Satisfied,1,20.7,26.8,0,0
2350,65,Male,Blouse,Clothing,34,New York,M,Orange,Fall,3.9,No,Standard,No,No,40,Credit Card,Every 3 Months,0,0,4,50.1,0.0,No Promo Use,1360,Gold,Neutral,0,50.1,27.2,0,0
2351,57,Male,Shoes,Footwear,26,Hawaii,M,Turquoise,Winter,4.2,No,Free Shipping,No,No,21,Cash,Annually,0,0,1,24.5,0.0,No Promo Use,546,Bronze,Satisfied,1,24.5,10.7,0,0
2352,38,Male,Sweater,Clothing,50,New Hampshire,S,Cyan,Fall,4.9,No,Store Pickup,No,No,25,PayPal,Bi-Weekly,0,0,26,49.0,0.0,No Promo Use,1250,Silver,Satisfied,1,49.0,24.9,0,0
2353,70,Male,Boots,Footwear,46,Nebraska,M,Yellow,Fall,2.8,No,Store Pickup,No,No,25,Bank Transfer,Quarterly,0,0,4,31.7,0.0,No Promo Use,1150,Silver,Dissatisfied,0,31.7,22.9,0,0
2354,56,Male,Handbag,Accessories,71,Montana,M,White,Fall,4.1,No,Standard,No,No,25,Debit Card,Every 3 Months,0,0,4,31.7,0.0,No Promo Use,1775,Gold,Satisfied,1,31.7,35.6,0,1
2355,56,Male,Blouse,Clothing,78,Wisconsin,M,Blue,Summer,4.8,No,Next Day Air,No,No,27,Venmo,Monthly,0,0,12,40.5,0.0,No Promo Use,2106,Gold,Satisfied,1,40.5,42.3,0,1
2356,22,Male,Skirt,Clothing,35,Tennessee,S,Purple,Winter,4.1,No,Next Day Air,No,No,12,Cash,Monthly,0,0,12,22.1,0.0,No Promo Use,420,Bronze,Satisfied,1,22.1,8.1,0,0
2357,57,Male,Backpack,Accessories,58,Montana,M,Gray,Summer,3.0,No,Free Shipping,No,No,27,Debit Card,Quarterly,0,0,4,34.2,0.0,No Promo Use,1566,Gold,Dissatisfied,0,34.2,31.3,0,0
2358,53,Male,Shirt,Clothing,67,Michigan,L,Cyan,Fall,4.2,No,2-Day Shipping,No,No,40,Credit Card,Bi-Weekly,0,0,26,67.4,0.0,No Promo Use,2680,Platinum,Satisfied,1,67.4,53.9,1,1
2359,53,Male,Sweater,Clothing,93,Texas,L,Pink,Spring,3.8,No,Standard,No,No,38,Credit Card,Quarterly,0,0,4,47.7,0.0,No Promo Use,3534,Platinum,Neutral,0,47.7,71.3,0,1
2360,19,Male,Scarf,Accessories,81,Pennsylvania,S,Gold,Spring,3.3,No,2-Day Shipping,No,No,44,Bank Transfer,Every 3 Months,0,0,4,55.0,0.0,No Promo Use,3564,Platinum,Neutral,0,55.0,71.9,0,1
2361,49,Male,Handbag,Accessories,80,New York,L,Silver,Fall,4.7,No,2-Day Shipping,No,No,27,Venmo,Every 3 Months,0,0,4,34.2,0.0,No Promo Use,2160,Gold,Satisfied,1,34.2,43.4,0,1
2362,44,Male,Scarf,Accessories,64,Alabama,M,Gray,Spring,4.3,No,2-Day Shipping,No,No,30,Credit Card,Every 3 Months,0,0,4,37.9,0.0,No Promo Use,1920,Gold,Satisfied,1,37.9,38.5,0,1
2363,27,Male,Jeans,Clothing,41,Virginia,M,Brown,Fall,2.7,No,Standard,No,No,24,Credit Card,Monthly,0,0,12,36.8,0.0,No Promo Use,984,Silver,Dissatisfied,0,36.8,19.5,0,0
2364,60,Male,Socks,Clothing,79,Pennsylvania,XL,Pink,Winter,4.2,No,Express,No,No,38,Cash,Bi-Weekly,0,0,26,64.9,0.0,No Promo Use,3002,Platinum,Satisfied,1,64.9,60.5,1,1
2365,62,Male,Sunglasses,Accessories,60,Mississippi,L,Maroon,Winter,4.2,No,Free Shipping,No,No,4,PayPal,Quarterly,0,0,4,6.0,0.0,No Promo Use,240,Bronze,Satisfied,1,6.0,4.4,0,0
2366,52,Male,Sneakers,Footwear,91,Wyoming,S,Peach,Winter,2.5,No,Next Day Air,No,No,32,Venmo,Monthly,0,0,12,46.6,0.0,No Promo Use,2912,Platinum,Dissatisfied,0,46.6,58.7,0,1
2367,30,Male,Shoes,Footwear,66,New Mexico,L,Brown,Winter,3.6,No,Express,No,No,32,Credit Card,Fortnightly,0,0,26,57.6,0.0,No Promo Use,2112,Gold,Neutral,0,57.6,42.4,1,1
2368,66,Male,Socks,Clothing,85,North Dakota,L,Green,Winter,3.4,No,Standard,No,No,28,Bank Transfer,Bi-Weekly,0,0,26,52.7,0.0,No Promo Use,2380,Platinum,Neutral,0,52.7,47.9,0,1
2369,29,Male,Sunglasses,Accessories,38,New Jersey,M,Lavender,Summer,3.3,No,Standard,No,No,6,Debit Card,Every 3 Months,0,0,4,8.5,0.0,No Promo Use,228,Bronze,Neutral,0,8.5,4.2,0,0
2370,24,Male,Sweater,Clothing,23,Vermont,M,Cyan,Winter,4.6,No,Standard,No,No,24,PayPal,Monthly,0,0,12,36.8,0.0,No Promo Use,552,Bronze,Satisfied,1,36.8,10.8,0,0
2371,51,Male,Shoes,Footwear,71,Alaska,M,Black,Spring,3.9,No,Store Pickup,No,No,38,Venmo,Weekly,0,0,52,85.3,0.0,No Promo Use,2698,Platinum,Neutral,0,85.3,54.3,1,1
2372,67,Male,Socks,Clothing,25,Indiana,M,Charcoal,Winter,3.7,No,Next Day Air,No,No,28,Debit Card,Annually,0,0,1,33.1,0.0,No Promo Use,700,Silver,Neutral,0,33.1,13.8,0,0
2373,50,Male,Boots,Footwear,39,Alabama,XL,Silver,Spring,3.1,No,Express,No,No,9,PayPal,Fortnightly,0,0,26,29.4,0.0,No Promo Use,351,Bronze,Dissatisfied,0,29.4,6.7,0,0
2374,37,Male,Hoodie,Clothing,20,Michigan,M,Gray,Spring,4.9,No,Express,No,No,21,Debit Card,Every 3 Months,0,0,4,26.8,0.0,No Promo Use,420,Bronze,Satisfied,1,26.8,8.1,0,0
2375,69,Male,Gloves,Accessories,73,Washington,L,Peach,Winter,4.7,No,Standard,No,No,31,Debit Card,Monthly,0,0,12,45.4,0.0,No Promo Use,2263,Platinum,Satisfied,1,45.4,45.5,0,1
2376,60,Male,Backpack,Accessories,63,Virginia,L,Peach,Fall,2.9,No,Next Day Air,No,No,18,Credit Card,Quarterly,0,0,4,23.2,0.0,No Promo Use,1134,Silver,Dissatisfied,0,23.2,22.6,0,0
2377,21,Male,Gloves,Accessories,94,Tennessee,XL,Cyan,Spring,4.1,No,Express,No,No,5,Cash,Weekly,0,0,52,44.9,0.0,No Promo Use,470,Bronze,Satisfied,1,44.9,9.1,0,0
2378,44,Male,Blouse,Clothing,94,South Dakota,L,Magenta,Fall,4.0,No,Next Day Air,No,No,22,Cash,Annually,0,0,1,25.7,0.0,No Promo Use,2068,Gold,Neutral,0,25.7,41.5,0,1
2379,26,Male,Scarf,Accessories,71,New Hampshire,L,Teal,Summer,2.7,No,Store Pickup,No,No,37,PayPal,Bi-Weekly,0,0,26,63.7,0.0,No Promo Use,2627,Platinum,Dissatisfied,0,63.7,52.9,1,1
2380,40,Male,Hat,Accessories,77,South Dakota,M,Peach,Spring,4.0,No,2-Day Shipping,No,No,22,Debit Card,Monthly,0,0,12,34.3,0.0,No Promo Use,1694,Gold,Neutral,0,34.3,33.9,0,1
2381,41,Male,Scarf,Accessories,66,Pennsylvania,M,Black,Fall,2.5,No,Next Day Air,No,No,36,PayPal,Fortnightly,0,0,26,62.5,0.0,No Promo Use,2376,Platinum,Dissatisfied,0,62.5,47.8,1,1
2382,62,Male,Sandals,Footwear,23,Wisconsin,M,Teal,Summer,4.5,No,Free Shipping,No,No,23,PayPal,Annually,0,0,1,26.9,0.0,No Promo Use,529,Bronze,Satisfied,1,26.9,10.3,0,0
2383,39,Male,Sweater,Clothing,60,California,M,Turquoise,Spring,3.9,No,Express,No,No,44,Debit Card,Weekly,0,0,52,92.7,0.0,No Promo Use,2640,Platinum,Neutral,0,92.7,53.1,1,1
2384,53,Male,Backpack,Accessories,72,Rhode Island,L,Gold,Spring,4.9,No,2-Day Shipping,No,No,25,Bank Transfer,Annually,0,0,1,29.4,0.0,No Promo Use,1800,Gold,Satisfied,1,29.4,36.1,0,1
2385,24,Male,Blouse,Clothing,35,Alabama,L,Green,Winter,3.3,No,2-Day Shipping,No,No,40,PayPal,Quarterly,0,0,4,50.1,0.0,No Promo Use,1400,Gold,Neutral,0,50.1,28.0,0,0
2386,41,Male,Scarf,Accessories,31,Oklahoma,M,Brown,Fall,3.8,No,Express,No,No,12,PayPal,Weekly,0,0,52,53.5,0.0,No Promo Use,372,Bronze,Neutral,0,53.5,7.1,0,0
2387,19,Male,Socks,Clothing,33,Illinois,L,Blue,Summer,2.9,No,Standard,No,No,14,Venmo,Monthly,0,0,12,24.5,0.0,No Promo Use,462,Bronze,Dissatisfied,0,24.5,8.9,0,0
2388,36,Male,Hat,Accessories,95,Tennessee,M,Gold,Summer,4.0,No,2-Day Shipping,No,No,14,Debit Card,Monthly,0,0,12,24.5,0.0,No Promo Use,1330,Gold,Neutral,0,24.5,26.6,0,0
2389,21,Male,Dress,Clothing,68,Alabama,M,Peach,Fall,4.1,No,Store Pickup,No,No,10,Debit Card,Annually,0,0,1,11.0,0.0,No Promo Use,680,Silver,Satisfied,1,11.0,13.4,0,0
2390,25,Male,Coat,Outerwear,87,Kansas,M,Violet,Spring,3.1,No,Store Pickup,No,No,17,Bank Transfer,Every 3 Months,0,0,4,21.9,0.0,No Promo Use,1479,Gold,Dissatisfied,0,21.9,29.6,0,0
2391,65,Male,Shirt,Clothing,64,Arizona,XL,Yellow,Winter,4.6,No,Express,No,No,24,Debit Card,Fortnightly,0,0,26,47.8,0.0,No Promo Use,1536,Gold,Satisfied,1,47.8,30.7,0,0
2392,42,Male,Shirt,Clothing,74,Michigan,M,Black,Winter,4.6,No,Next Day Air,No,No,31,Bank Transfer,Quarterly,0,0,4,39.1,0.0,No Promo Use,2294,Platinum,Satisfied,1,39.1,46.1,0,1
2393,40,Male,Jeans,Clothing,62,Missouri,L,Silver,Spring,2.6,No,2-Day Shipping,No,No,36,Cash,Annually,0,0,1,42.9,0.0,No Promo Use,2232,Platinum,Dissatisfied,0,42.9,44.9,0,1
2394,58,Male,Socks,Clothing,97,Louisiana,M,Brown,Winter,5.0,No,2-Day Shipping,No,No,38,PayPal,Every 3 Months,0,0,4,47.7,0.0,No Promo Use,3686,Platinum,Satisfied,1,47.7,74.4,0,1
2395,40,Male,Sandals,Footwear,47,Connecticut,L,Peach,Fall,2.9,No,2-Day Shipping,No,No,23,Debit Card,Fortnightly,0,0,26,46.5,0.0,No Promo Use,1081,Silver,Dissatisfied,0,46.5,21.5,0,0
2396,62,Male,Blouse,Clothing,83,Connecticut,M,Cyan,Winter,3.5,No,2-Day Shipping,No,No,47,PayPal,Bi-Weekly,0,0,26,75.9,0.0,No Promo Use,3901,Platinum,Neutral,0,75.9,78.7,1,1
2397,38,Male,Shirt,Clothing,82,Oregon,M,Olive,Spring,3.7,No,2-Day Shipping,No,No,20,Venmo,Weekly,0,0,52,63.3,0.0,No Promo Use,1640,Gold,Neutral,0,63.3,32.8,1,1
2398,37,Male,Sunglasses,Accessories,26,West Virginia,L,Black,Fall,2.9,No,Store Pickup,No,No,41,Venmo,Monthly,0,0,12,57.6,0.0,No Promo Use,1066,Silver,Dissatisfied,0,57.6,21.2,1,0
2399,65,Male,Jacket,Outerwear,81,Florida,M,Orange,Winter,4.3,No,Free Shipping,No,No,44,Bank Transfer,Fortnightly,0,0,26,72.3,0.0,No Promo Use,3564,Platinum,Satisfied,1,72.3,71.9,1,1
2400,55,Male,Dress,Clothing,44,New Hampshire,L,Beige,Spring,3.2,No,Store Pickup,No,No,31,Cash,Monthly,0,0,12,45.4,0.0,No Promo Use,1364,Gold,Dissatisfied,0,45.4,27.2,0,0
2401,43,Male,Sunglasses,Accessories,88,Oregon,M,Peach,Winter,4.2,No,Next Day Air,No,No,11,Credit Card,Bi-Weekly,0,0,26,31.9,0.0,No Promo Use,968,Silver,Satisfied,1,31.9,19.2,0,0
2402,43,Male,Boots,Footwear,76,Oregon,M,Pink,Winter,4.2,No,Standard,No,No,25,PayPal,Bi-Weekly,0,0,26,49.0,0.0,No Promo Use,1900,Gold,Satisfied,1,49.0,38.1,0,1
2403,45,Male,Scarf,Accessories,89,Utah,M,Brown,Winter,3.8,No,Free Shipping,No,No,31,Cash,Weekly,0,0,52,76.7,0.0,No Promo Use,2759,Platinum,Neutral,0,76.7,55.5,1,1
2404,64,Male,Shorts,Clothing,22,Missouri,M,Magenta,Fall,4.4,No,Standard,No,No,40,Debit Card,Weekly,0,0,52,87.8,0.0,No Promo Use,880,Silver,Satisfied,1,87.8,17.4,1,0
2405,28,Male,Shorts,Clothing,33,West Virginia,L,Cyan,Winter,3.1,No,2-Day Shipping,No,No,23,Credit Card,Bi-Weekly,0,0,26,46.5,0.0,No Promo Use,759,Silver,Dissatisfied,0,46.5,15.0,0,0
2406,69,Male,Jeans,Clothing,97,California,XL,Silver,Fall,5.0,No,Standard,No,No,5,Debit Card,Quarterly,0,0,4,7.3,0.0,No Promo Use,485,Bronze,Satisfied,1,7.3,9.4,0,0
2407,54,Male,Scarf,Accessories,57,California,M,Indigo,Winter,4.7,No,Standard,No,No,26,PayPal,Weekly,0,0,52,70.6,0.0,No Promo Use,1482,Gold,Satisfied,1,70.6,29.6,1,0
2408,52,Male,Shorts,Clothing,38,Illinois,M,Beige,Summer,3.0,No,Express,No,No,11,Credit Card,Bi-Weekly,0,0,26,31.9,0.0,No Promo Use,418,Bronze,Dissatisfied,0,31.9,8.1,0,0
2409,23,Male,Sneakers,Footwear,55,Hawaii,XL,Black,Fall,4.2,No,Next Day Air,No,No,44,Debit Card,Every 3 Months,0,0,4,55.0,0.0,No Promo Use,2420,Platinum,Satisfied,1,55.0,48.7,0,1
2410,26,Male,Jewelry,Accessories,37,Washington,L,Yellow,Spring,3.0,No,Store Pickup,No,No,47,Cash,Every 3 Months,0,0,4,58.7,0.0,No Promo Use,1739,Gold,Dissatisfied,0,58.7,34.9,1,1
2411,48,Male,Shoes,Footwear,43,Wisconsin,M,Maroon,Summer,3.7,No,Free Shipping,No,No,46,PayPal,Monthly,0,0,12,63.7,0.0,No Promo Use,1978,Gold,Neutral,0,63.7,39.7,1,1
2412,49,Male,Hoodie,Clothing,96,Virginia,M,Cyan,Summer,2.7,No,Free Shipping,No,No,35,Cash,Every 3 Months,0,0,4,44.0,0.0,No Promo Use,3360,Platinum,Dissatisfied,0,44.0,67.7,0,1
2413,53,Male,Jacket,Outerwear,51,Oregon,M,Pink,Winter,4.3,No,2-Day Shipping,No,No,8,Bank Transfer,Bi-Weekly,0,0,26,28.2,0.0,No Promo Use,408,Bronze,Satisfied,1,28.2,7.9,0,0
2414,69,Male,Shorts,Clothing,95,Pennsylvania,XL,Violet,Fall,2.7,No,2-Day Shipping,No,No,30,Bank Transfer,Weekly,0,0,52,75.5,0.0,No Promo Use,2850,Platinum,Dissatisfied,0,75.5,57.4,1,1
2415,26,Male,Socks,Clothing,26,Virginia,M,Lavender,Summer,3.7,No,Next Day Air,No,No,14,Credit Card,Bi-Weekly,0,0,26,35.5,0.0,No Promo Use,364,Bronze,Neutral,0,35.5,7.0,0,0
2416,21,Male,Coat,Outerwear,34,Hawaii,XL,Lavender,Fall,4.3,No,Standard,No,No,30,Bank Transfer,Weekly,0,0,52,75.5,0.0,No Promo Use,1020,Silver,Satisfied,1,75.5,20.3,1,0
2417,59,Male,Sandals,Footwear,83,Nebraska,S,Black,Summer,4.0,No,Next Day Air,No,No,26,Credit Card,Every 3 Months,0,0,4,33.0,0.0,No Promo Use,2158,Gold,Neutral,0,33.0,43.4,0,1
2418,21,Male,Backpack,Accessories,24,Alaska,M,Olive,Fall,3.3,No,Standard,No,No,32,Venmo,Fortnightly,0,0,26,57.6,0.0,No Promo Use,768,Silver,Neutral,0,57.6,15.2,1,0
2419,22,Male,Pants,Clothing,69,Michigan,S,Indigo,Fall,4.0,No,Next Day Air,No,No,47,Cash,Every 3 Months,0,0,4,58.7,0.0,No Promo Use,3243,Platinum,Neutral,0,58.7,65.4,1,1
2420,26,Male,Sweater,Clothing,40,North Carolina,M,Blue,Fall,2.7,No,Next Day Air,No,No,11,Credit Card,Every 3 Months,0,0,4,14.6,0.0,No Promo Use,440,Bronze,Dissatisfied,0,14.6,8.5,0,0
2421,41,Male,Jacket,Outerwear,87,North Carolina,S,Green,Winter,4.2,No,Free Shipping,No,No,28,PayPal,Annually,0,0,1,33.1,0.0,No Promo Use,2436,Platinum,Satisfied,1,33.1,49.0,0,1
2422,37,Male,Sneakers,Footwear,46,Minnesota,L,Pink,Spring,4.6,No,Standard,No,No,2,Debit Card,Every 3 Months,0,0,4,3.6,0.0,No Promo Use,92,Bronze,Satisfied,1,3.6,1.4,0,0
2423,30,Male,Jewelry,Accessories,82,Georgia,M,Peach,Winter,4.8,No,Store Pickup,No,No,45,Credit Card,Weekly,0,0,52,93.9,0.0,No Promo Use,3690,Platinum,Satisfied,1,93.9,74.4,1,1
2424,49,Male,Backpack,Accessories,81,West Virginia,M,Purple,Summer,2.8,No,Free Shipping,No,No,7,Credit Card,Every 3 Months,0,0,4,9.7,0.0,No Promo Use,567,Bronze,Dissatisfied,0,9.7,11.1,0,0
2425,49,Male,Jewelry,Accessories,57,Delaware,M,Peach,Winter,4.5,No,Next Day Air,No,No,28,Bank Transfer,Bi-Weekly,0,0,26,52.7,0.0,No Promo Use,1596,Gold,Satisfied,1,52.7,32.0,0,1
2426,58,Male,Shoes,Footwear,49,North Dakota,S,Olive,Summer,3.0,No,2-Day Shipping,No,No,34,Bank Transfer,Quarterly,0,0,4,42.8,0.0,No Promo Use,1666,Gold,Dissatisfied,0,42.8,33.4,0,1
2427,70,Male,Jacket,Outerwear,42,Florida,M,Olive,Fall,4.6,No,Free Shipping,No,No,26,Debit Card,Every 3 Months,0,0,4,33.0,0.0,No Promo Use,1092,Silver,Satisfied,1,33.0,21.7,0,0
2428,27,Male,Jacket,Outerwear,26,Oregon,M,Purple,Spring,3.3,No,Standard,No,No,45,Cash,Quarterly,0,0,4,56.2,0.0,No Promo Use,1170,Silver,Neutral,0,56.2,23.3,1,0
2429,65,Male,T-shirt,Clothing,38,Idaho,M,Violet,Spring,4.4,No,Next Day Air,No,No,34,Debit Card,Annually,0,0,1,40.4,0.0,No Promo Use,1292,Gold,Satisfied,1,40.4,25.8,0,0
2430,57,Male,Sneakers,Footwear,57,Virginia,XL,Maroon,Summer,4.4,No,Standard,No,No,47,Credit Card,Fortnightly,0,0,26,75.9,0.0,No Promo Use,2679,Platinum,Satisfied,1,75.9,53.9,1,1
2431,20,Male,Jacket,Outerwear,100,North Dakota,XL,White,Summer,4.3,No,Express,No,No,42,Cash,Quarterly,0,0,4,52.6,0.0,No Promo Use,4200,Platinum,Satisfied,1,52.6,84.8,0,1
2432,34,Male,Hoodie,Clothing,73,Alabama,S,Olive,Fall,3.4,No,Express,No,No,27,Bank Transfer,Every 3 Months,0,0,4,34.2,0.0,No Promo Use,1971,Gold,Neutral,0,34.2,39.6,0,1
2433,59,Male,Jacket,Outerwear,66,Hawaii,M,Peach,Winter,2.8,No,Store Pickup,No,No,43,Venmo,Monthly,0,0,12,60.1,0.0,No Promo Use,2838,Platinum,Dissatisfied,0,60.1,57.2,1,1
2434,54,Male,T-shirt,Clothing,73,Oregon,M,Blue,Spring,3.4,No,Standard,No,No,16,Cash,Bi-Weekly,0,0,26,38.0,0.0,No Promo Use,1168,Silver,Neutral,0,38.0,23.3,0,0
2435,36,Male,Gloves,Accessories,45,Utah,M,Brown,Spring,5.0,No,Store Pickup,No,No,40,Credit Card,Monthly,0,0,12,56.4,0.0,No Promo Use,1800,Gold,Satisfied,1,56.4,36.1,1,1
2436,21,Male,Sneakers,Footwear,27,Hawaii,S,Black,Fall,4.5,No,Free Shipping,No,No,29,Cash,Bi-Weekly,0,0,26,53.9,0.0,No Promo Use,783,Silver,Satisfied,1,53.9,15.5,0,0
2437,52,Male,T-shirt,Clothing,24,Connecticut,M,Yellow,Fall,2.7,No,Store Pickup,No,No,38,Credit Card,Quarterly,0,0,4,47.7,0.0,No Promo Use,912,Silver,Dissatisfied,0,47.7,18.1,0,0
2438,43,Male,Sneakers,Footwear,59,Wyoming,XL,Magenta,Winter,3.4,No,Store Pickup,No,No,34,Credit Card,Weekly,0,0,52,80.4,0.0,No Promo Use,2006,Gold,Neutral,0,80.4,40.3,1,1
2439,32,Male,Jeans,Clothing,20,Delaware,S,Cyan,Winter,3.4,No,Express,No,No,30,Venmo,Weekly,0,0,52,75.5,0.0,No Promo Use,600,Bronze,Neutral,0,75.5,11.7,1,0
2440,55,Male,Handbag,Accessories,44,Arkansas,M,Maroon,Summer,2.8,No,Standard,No,No,45,Bank Transfer,Annually,0,0,1,53.9,0.0,No Promo Use,1980,Gold,Dissatisfied,0,53.9,39.7,0,1
2441,31,Male,Socks,Clothing,90,Indiana,M,Red,Spring,4.7,No,Standard,No,No,47,Bank Transfer,Annually,0,0,1,56.3,0.0,No Promo Use,4230,Platinum,Satisfied,1,56.3,85.4,1,1
2442,45,Male,Jewelry,Accessories,36,California,M,Black,Fall,4.7,No,Free Shipping,No,No,5,Credit Card,Monthly,0,0,12,13.5,0.0,No Promo Use,180,Bronze,Satisfied,1,13.5,3.2,0,0
2443,53,Male,Blouse,Clothing,95,Wyoming,L,Violet,Winter,4.7,No,Free Shipping,No,No,50,Debit Card,Bi-Weekly,0,0,26,79.6,0.0,No Promo Use,4750,Platinum,Satisfied,1,79.6,95.9,1,1
2444,24,Male,Backpack,Accessories,30,South Dakota,M,Green,Spring,3.4,No,2-Day Shipping,No,No,24,Bank Transfer,Bi-Weekly,0,0,26,47.8,0.0,No Promo Use,720,Silver,Neutral,0,47.8,14.2,0,0
2445,47,Male,Scarf,Accessories,65,West Virginia,S,Gold,Fall,3.7,No,Express,No,No,15,Debit Card,Bi-Weekly,0,0,26,36.8,0.0,No Promo Use,975,Silver,Neutral,0,36.8,19.4,0,0
2446,63,Male,Scarf,Accessories,96,Tennessee,M,Brown,Summer,4.1,No,Store Pickup,No,No,50,Cash,Weekly,0,0,52,100.0,0.0,No Promo Use,4800,Platinum,Satisfied,1,100.0,97.0,1,1
2447,38,Male,Shirt,Clothing,65,Alaska,L,Peach,Spring,2.9,No,2-Day Shipping,No,No,7,Credit Card,Monthly,0,0,12,16.0,0.0,No Promo Use,455,Bronze,Dissatisfied,0,16.0,8.8,0,0
2448,59,Male,Pants,Clothing,47,South Dakota,L,Peach,Fall,3.2,No,Store Pickup,No,No,10,Venmo,Fortnightly,0,0,26,30.6,0.0,No Promo Use,470,Bronze,Dissatisfied,0,30.6,9.1,0,0
2449,54,Male,Hat,Accessories,25,Tennessee,S,Violet,Fall,3.0,No,Free Shipping,No,No,38,PayPal,Bi-Weekly,0,0,26,64.9,0.0,No Promo Use,950,Silver,Dissatisfied,0,64.9,18.8,1,0
2450,26,Male,Coat,Outerwear,56,Alabama,S,Violet,Fall,4.1,No,Express,No,No,31,Venmo,Fortnightly,0,0,26,56.3,0.0,No Promo Use,1736,Gold,Satisfied,1,56.3,34.8,1,1
2451,68,Male,T-shirt,Clothing,76,North Carolina,M,Magenta,Fall,4.5,No,Standard,No,No,7,Venmo,Quarterly,0,0,4,9.7,0.0,No Promo Use,532,Bronze,Satisfied,1,9.7,10.4,0,0
2452,41,Male,Socks,Clothing,60,Oklahoma,M,Purple,Fall,3.4,No,Store Pickup,No,No,27,Venmo,Monthly,0,0,12,40.5,0.0,No Promo Use,1620,Gold,Neutral,0,40.5,32.4,0,1
2453,68,Male,Shirt,Clothing,67,New York,L,Purple,Winter,4.1,No,Express,No,No,45,Bank Transfer,Every 3 Months,0,0,4,56.2,0.0,No Promo Use,3015,Platinum,Satisfied,1,56.2,60.7,1,1
2454,21,Male,Sweater,Clothing,95,Iowa,XL,Cyan,Spring,4.6,No,Store Pickup,No,No,13,Cash,Annually,0,0,1,14.7,0.0,No Promo Use,1235,Silver,Satisfied,1,14.7,24.6,0,0
2455,32,Male,Gloves,Accessories,72,Alaska,M,Magenta,Winter,4.6,No,Express,No,No,33,Venmo,Annually,0,0,1,39.2,0.0,No Promo Use,2376,Platinum,Satisfied,1,39.2,47.8,0,1
2456,20,Male,Belt,Accessories,98,Alaska,L,Lavender,Spring,3.4,No,Express,No,No,25,Cash,Every 3 Months,0,0,4,31.7,0.0,No Promo Use,2450,Platinum,Neutral,0,31.7,49.3,0,1
2457,59,Male,Jeans,Clothing,83,Nebraska,M,Green,Winter,3.3,No,2-Day Shipping,No,No,5,PayPal,Monthly,0,0,12,13.5,0.0,No Promo Use,415,Bronze,Neutral,0,13.5,8.0,0,0
2458,53,Male,Handbag,Accessories,37,Delaware,M,Maroon,Fall,3.6,No,2-Day Shipping,No,No,23,Cash,Quarterly,0,0,4,29.3,0.0,No Promo Use,851,Silver,Neutral,0,29.3,16.8,0,0
2459,66,Male,T-shirt,Clothing,85,Texas,L,Turquoise,Fall,4.6,No,Free Shipping,No,No,17,Bank Transfer,Weekly,0,0,52,59.6,0.0,No Promo Use,1445,Gold,Satisfied,1,59.6,28.9,1,0
2460,47,Male,Socks,Clothing,36,Missouri,L,Violet,Fall,4.3,No,2-Day Shipping,No,No,14,Cash,Weekly,0,0,52,55.9,0.0,No Promo Use,504,Bronze,Satisfied,1,55.9,9.8,1,0
2461,58,Male,Jeans,Clothing,36,Maine,S,Lavender,Winter,4.0,No,Store Pickup,No,No,28,Credit Card,Annually,0,0,1,33.1,0.0,No Promo Use,1008,Silver,Neutral,0,33.1,20.0,0,0
2462,28,Male,Scarf,Accessories,86,Pennsylvania,L,Red,Summer,4.8,No,Next Day Air,No,No,19,Credit Card,Weekly,0,0,52,62.0,0.0,No Promo Use,1634,Gold,Satisfied,1,62.0,32.7,1,1
2463,68,Male,Pants,Clothing,99,Missouri,XL,Orange,Spring,4.3,No,Standard,No,No,31,Bank Transfer,Bi-Weekly,0,0,26,56.3,0.0,No Promo Use,3069,Platinum,Satisfied,1,56.3,61.8,1,1
2464,60,Male,Blouse,Clothing,21,Mississippi,XL,Indigo,Summer,3.3,No,Standard,No,No,25,Cash,Bi-Weekly,0,0,26,49.0,0.0,No Promo Use,525,Bronze,Neutral,0,49.0,10.2,0,0
2465,47,Male,Jacket,Outerwear,84,Hawaii,L,Teal,Winter,2.8,No,Express,No,No,4,Cash,Bi-Weekly,0,0,26,23.3,0.0,No Promo Use,336,Bronze,Dissatisfied,0,23.3,6.4,0,0
2466,18,Male,Sandals,Footwear,63,Texas,M,Brown,Spring,4.4,No,Free Shipping,No,No,20,Bank Transfer,Weekly,0,0,52,63.3,0.0,No Promo Use,1260,Silver,Satisfied,1,63.3,25.1,1,0
2467,32,Male,Shorts,Clothing,84,South Dakota,S,Pink,Summer,3.7,No,Express,No,No,37,Cash,Annually,0,0,1,44.1,0.0,No Promo Use,3108,Platinum,Neutral,0,44.1,62.6,0,1
2468,27,Male,Shorts,Clothing,72,New Jersey,M,Lavender,Spring,3.6,No,Express,No,No,28,Credit Card,Annually,0,0,1,33.1,0.0,No Promo Use,2016,Gold,Neutral,0,33.1,40.5,0,1
2469,65,Male,Skirt,Clothing,21,Connecticut,L,Cyan,Winter,3.7,No,2-Day Shipping,No,No,6,Venmo,Weekly,0,0,52,46.1,0.0,No Promo Use,126,Bronze,Neutral,0,46.1,2.1,0,0
2470,68,Male,Sandals,Footwear,92,Maryland,M,Yellow,Fall,5.0,No,Standard,No,No,27,PayPal,Annually,0,0,1,31.8,0.0,No Promo Use,2484,Platinum,Satisfied,1,31.8,50.0,0,1
2471,55,Male,Blouse,Clothing,72,Arizona,XL,Pink,Fall,2.7,No,Next Day Air,No,No,29,Credit Card,Fortnightly,0,0,26,53.9,0.0,No Promo Use,2088,Gold,Dissatisfied,0,53.9,41.9,0,1
2472,30,Male,Sandals,Footwear,83,Oklahoma,M,Gray,Spring,4.3,No,Store Pickup,No,No,1,Cash,Annually,0,0,1,0.0,0.0,No Promo Use,83,Bronze,Satisfied,1,0.0,1.3,0,0
2473,24,Male,Shirt,Clothing,73,Utah,M,Peach,Summer,4.1,No,Standard,No,No,31,Credit Card,Annually,0,0,1,36.7,0.0,No Promo Use,2263,Platinum,Satisfied,1,36.7,45.5,0,1
2474,57,Male,Socks,Clothing,98,Arkansas,M,Red,Winter,2.6,No,Next Day Air,No,No,28,Cash,Quarterly,0,0,4,35.4,0.0,No Promo Use,2744,Platinum,Dissatisfied,0,35.4,55.2,0,1
2475,23,Male,T-shirt,Clothing,76,North Carolina,M,Olive,Fall,3.2,No,Store Pickup,No,No,19,Bank Transfer,Quarterly,0,0,4,24.4,0.0,No Promo Use,1444,Gold,Dissatisfied,0,24.4,28.9,0,0
2476,69,Male,Dress,Clothing,43,California,S,Lavender,Summer,3.5,No,Next Day Air,No,No,36,Venmo,Monthly,0,0,12,51.5,0.0,No Promo Use,1548,Gold,Neutral,0,51.5,31.0,0,0
2477,60,Male,Hat,Accessories,60,Colorado,M,Turquoise,Summer,3.7,No,Next Day Air,No,No,28,Cash,Monthly,0,0,12,41.7,0.0,No Promo Use,1680,Gold,Neutral,0,41.7,33.7,0,1
2478,25,Male,Gloves,Accessories,40,California,L,Turquoise,Spring,3.8,No,2-Day Shipping,No,No,29,PayPal,Weekly,0,0,52,74.3,0.0,No Promo Use,1160,Silver,Neutral,0,74.3,23.1,1,0
2479,18,Male,Socks,Clothing,93,Vermont,S,Maroon,Winter,4.8,No,2-Day Shipping,No,No,9,Bank Transfer,Every 3 Months,0,0,4,12.1,0.0,No Promo Use,837,Silver,Satisfied,1,12.1,16.6,0,0
2480,37,Male,Dress,Clothing,98,Kansas,S,Olive,Fall,4.2,No,Standard,No,No,26,Credit Card,Every 3 Months,0,0,4,33.0,0.0,No Promo Use,2548,Platinum,Satisfied,1,33.0,51.3,0,1
2481,61,Male,Socks,Clothing,91,Ohio,XL,Maroon,Summer,2.9,No,Next Day Air,No,No,7,Credit Card,Fortnightly,0,0,26,27.0,0.0,No Promo Use,637,Silver,Dissatisfied,0,27.0,12.5,0,0
2482,41,Male,Belt,Accessories,92,New Jersey,XL,Cyan,Fall,2.9,No,Free Shipping,No,No,35,Debit Card,Weekly,0,0,52,81.6,0.0,No Promo Use,3220,Platinum,Dissatisfied,0,81.6,64.9,1,1
2483,69,Male,Handbag,Accessories,87,Arizona,S,Peach,Winter,4.8,No,Next Day Air,No,No,46,Credit Card,Every 3 Months,0,0,4,57.5,0.0,No Promo Use,4002,Platinum,Satisfied,1,57.5,80.8,1,1
2484,32,Male,Skirt,Clothing,96,Arizona,S,Teal,Fall,2.9,No,Standard,No,No,8,Debit Card,Monthly,0,0,12,17.2,0.0,No Promo Use,768,Silver,Dissatisfied,0,17.2,15.2,0,0
2485,60,Male,Hoodie,Clothing,97,New Hampshire,M,Green,Summer,4.8,No,2-Day Shipping,No,No,50,Cash,Every 3 Months,0,0,4,62.4,0.0,No Promo Use,4850,Platinum,Satisfied,1,62.4,98.0,1,1
2486,43,Male,Blouse,Clothing,55,Louisiana,M,Beige,Spring,4.6,No,2-Day Shipping,No,No,37,Bank Transfer,Annually,0,0,1,44.1,0.0,No Promo Use,2035,Gold,Satisfied,1,44.1,40.9,0,1
2487,61,Male,Jeans,Clothing,58,Texas,L,Magenta,Spring,4.4,No,Store Pickup,No,No,6,Credit Card,Fortnightly,0,0,26,25.7,0.0,No Promo Use,348,Bronze,Satisfied,1,25.7,6.6,0,0
2488,57,Male,Boots,Footwear,21,Montana,L,Violet,Spring,3.0,No,Next Day Air,No,No,16,PayPal,Bi-Weekly,0,0,26,38.0,0.0,No Promo Use,336,Bronze,Dissatisfied,0,38.0,6.4,0,0
2489,56,Male,Handbag,Accessories,82,New Hampshire,XL,Charcoal,Summer,4.4,No,Express,No,No,30,PayPal,Monthly,0,0,12,44.1,0.0,No Promo Use,2460,Platinum,Satisfied,1,44.1,49.5,0,1
2490,66,Male,Coat,Outerwear,34,South Dakota,M,Green,Winter,3.9,No,Express,No,No,50,Venmo,Quarterly,0,0,4,62.4,0.0,No Promo Use,1700,Gold,Neutral,0,62.4,34.1,1,1
2491,52,Male,Blouse,Clothing,78,Montana,M,Gray,Spring,4.0,No,Free Shipping,No,No,5,Cash,Every 3 Months,0,0,4,7.3,0.0,No Promo Use,390,Bronze,Neutral,0,7.3,7.5,0,0
2492,63,Male,Handbag,Accessories,47,North Carolina,M,Magenta,Spring,2.5,No,Express,No,No,15,Bank Transfer,Monthly,0,0,12,25.8,0.0,No Promo Use,705,Silver,Dissatisfied,0,25.8,13.9,0,0
2493,50,Male,Sunglasses,Accessories,96,South Dakota,S,Silver,Summer,4.1,No,Next Day Air,No,No,34,Bank Transfer,Bi-Weekly,0,0,26,60.0,0.0,No Promo Use,3264,Platinum,Satisfied,1,60.0,65.8,1,1
2494,21,Male,Socks,Clothing,23,Maine,S,Beige,Fall,4.8,No,2-Day Shipping,No,No,6,Venmo,Every 3 Months,0,0,4,8.5,0.0,No Promo Use,138,Bronze,Satisfied,1,8.5,2.4,0,0
2495,42,Male,Shoes,Footwear,27,Oklahoma,S,Peach,Winter,2.6,No,Store Pickup,No,No,26,Debit Card,Annually,0,0,1,30.6,0.0,No Promo Use,702,Silver,Dissatisfied,0,30.6,13.8,0,0
2496,40,Male,Backpack,Accessories,37,Nebraska,XL,Orange,Spring,3.1,No,Free Shipping,No,No,34,Credit Card,Every 3 Months,0,0,4,42.8,0.0,No Promo Use,1258,Silver,Dissatisfied,0,42.8,25.1,0,0
2497,67,Male,Scarf,Accessories,79,Illinois,S,Yellow,Summer,3.2,No,Store Pickup,No,No,37,Credit Card,Weekly,0,0,52,84.1,0.0,No Promo Use,2923,Platinum,Dissatisfied,0,84.1,58.9,1,1
2498,35,Male,Backpack,Accessories,40,Colorado,M,Violet,Summer,4.2,No,Standard,No,No,28,Bank Transfer,Annually,0,0,1,33.1,0.0,No Promo Use,1120,Silver,Satisfied,1,33.1,22.3,0,0
2499,18,Male,Coat,Outerwear,39,Massachusetts,S,Green,Fall,2.6,No,Next Day Air,No,No,38,Cash,Fortnightly,0,0,26,64.9,0.0,No Promo Use,1482,Gold,Dissatisfied,0,64.9,29.6,1,0
2500,52,Male,Hoodie,Clothing,73,Louisiana,L,Pink,Summer,3.1,No,Next Day Air,No,No,2,Cash,Quarterly,0,0,4,3.6,0.0,No Promo Use,146,Bronze,Dissatisfied,0,3.6,2.5,0,0
2501,59,Male,Gloves,Accessories,84,Massachusetts,M,Violet,Fall,2.9,No,Store Pickup,No,No,32,Cash,Bi-Weekly,0,0,26,57.6,0.0,No Promo Use,2688,Platinum,Dissatisfied,0,57.6,54.1,1,1
2502,49,Male,Shorts,Clothing,94,West Virginia,M,Violet,Fall,4.6,No,Free Shipping,No,No,30,Venmo,Bi-Weekly,0,0,26,55.1,0.0,No Promo Use,2820,Platinum,Satisfied,1,55.1,56.8,1,1
2503,46,Male,Skirt,Clothing,47,Idaho,L,Pink,Spring,4.1,No,Standard,No,No,17,PayPal,Every 3 Months,0,0,4,21.9,0.0,No Promo Use,799,Silver,Satisfied,1,21.9,15.8,0,0
2504,69,Male,Boots,Footwear,77,Ohio,M,Violet,Summer,2.5,No,Store Pickup,No,No,5,Debit Card,Bi-Weekly,0,0,26,24.5,0.0,No Promo Use,385,Bronze,Dissatisfied,0,24.5,7.4,0,0
2505,56,Male,Shorts,Clothing,94,Rhode Island,M,Turquoise,Winter,4.0,No,Store Pickup,No,No,31,Cash,Bi-Weekly,0,0,26,56.3,0.0,No Promo Use,2914,Platinum,Neutral,0,56.3,58.7,1,1
2506,27,Male,Handbag,Accessories,75,Illinois,M,Cyan,Summer,3.5,No,Express,No,No,43,PayPal,Quarterly,0,0,4,53.8,0.0,No Promo Use,3225,Platinum,Neutral,0,53.8,65.0,0,1
2507,57,Male,Dress,Clothing,82,New York,XL,Orange,Spring,4.4,No,Free Shipping,No,No,19,Venmo,Annually,0,0,1,22.0,0.0,No Promo Use,1558,Gold,Satisfied,1,22.0,31.2,0,0
2508,58,Male,Shoes,Footwear,36,Louisiana,M,Cyan,Fall,2.9,No,Store Pickup,No,No,32,Credit Card,Every 3 Months,0,0,4,40.3,0.0,No Promo Use,1152,Silver,Dissatisfied,0,40.3,22.9,0,0
2509,23,Male,Sneakers,Footwear,90,California,XL,Indigo,Spring,3.1,No,2-Day Shipping,No,No,5,Debit Card,Bi-Weekly,0,0,26,24.5,0.0,No Promo Use,450,Bronze,Dissatisfied,0,24.5,8.7,0,0
2510,19,Male,Socks,Clothing,48,Washington,M,Black,Spring,4.4,No,Free Shipping,No,No,9,Bank Transfer,Quarterly,0,0,4,12.1,0.0,No Promo Use,432,Bronze,Satisfied,1,12.1,8.3,0,0
2511,40,Male,Jacket,Outerwear,42,South Dakota,L,Purple,Winter,4.4,No,Standard,No,No,48,Credit Card,Weekly,0,0,52,97.6,0.0,No Promo Use,2016,Gold,Satisfied,1,97.6,40.5,1,1
2512,54,Male,Backpack,Accessories,33,Idaho,M,Cyan,Summer,2.7,No,Store Pickup,No,No,1,PayPal,Quarterly,0,0,4,2.4,0.0,No Promo Use,33,Bronze,Dissatisfied,0,2.4,0.2,0,0
2513,50,Male,Socks,Clothing,63,North Dakota,M,Green,Summer,4.9,No,Free Shipping,No,No,20,Credit Card,Monthly,0,0,12,31.9,0.0,No Promo Use,1260,Silver,Satisfied,1,31.9,25.1,0,0
2514,69,Male,Handbag,Accessories,53,Washington,L,Teal,Winter,3.5,No,2-Day Shipping,No,No,42,Cash,Annually,0,0,1,50.2,0.0,No Promo Use,2226,Platinum,Neutral,0,50.2,44.7,0,1
2515,42,Male,Hat,Accessories,37,Alaska,L,Teal,Spring,4.8,No,Free Shipping,No,No,45,PayPal,Bi-Weekly,0,0,26,73.5,0.0,No Promo Use,1665,Gold,Satisfied,1,73.5,33.4,1,1
2516,37,Male,Blouse,Clothing,92,Kansas,M,Magenta,Summer,4.2,No,2-Day Shipping,No,No,41,Cash,Monthly,0,0,12,57.6,0.0,No Promo Use,3772,Platinum,Satisfied,1,57.6,76.1,1,1
2517,46,Male,Shorts,Clothing,73,Utah,XL,Brown,Spring,4.6,No,Standard,No,No,36,Debit Card,Quarterly,0,0,4,45.2,0.0,No Promo Use,2628,Platinum,Satisfied,1,45.2,52.9,0,1
2518,64,Male,Shirt,Clothing,38,Wyoming,L,Orange,Spring,2.9,No,Standard,No,No,10,Venmo,Annually,0,0,1,11.0,0.0,No Promo Use,380,Bronze,Dissatisfied,0,11.0,7.3,0,0
2519,20,Male,Boots,Footwear,51,Maine,XL,Blue,Fall,4.0,No,Store Pickup,No,No,31,Venmo,Annually,0,0,1,36.7,0.0,No Promo Use,1581,Gold,Neutral,0,36.7,31.6,0,0
2520,40,Male,Jacket,Outerwear,90,Michigan,L,Magenta,Spring,4.9,No,Standard,No,No,21,Credit Card,Quarterly,0,0,4,26.8,0.0,No Promo Use,1890,Gold,Satisfied,1,26.8,37.9,0,1
2521,64,Male,Jacket,Outerwear,56,Illinois,L,Magenta,Summer,3.1,No,Next Day Air,No,No,16,Cash,Every 3 Months,0,0,4,20.7,0.0,No Promo Use,896,Silver,Dissatisfied,0,20.7,17.8,0,0
2522,29,Male,Handbag,Accessories,33,Minnesota,M,Magenta,Fall,4.4,No,Standard,No,No,18,PayPal,Every 3 Months,0,0,4,23.2,0.0,No Promo Use,594,Bronze,Satisfied,1,23.2,11.6,0,0
2523,20,Male,Belt,Accessories,53,Massachusetts,S,Olive,Winter,2.5,No,2-Day Shipping,No,No,20,Debit Card,Weekly,0,0,52,63.3,0.0,No Promo Use,1060,Silver,Dissatisfied,0,63.3,21.1,1,0
2524,43,Male,Handbag,Accessories,24,New Jersey,S,Cyan,Spring,3.4,No,Express,No,No,21,Bank Transfer,Annually,0,0,1,24.5,0.0,No Promo Use,504,Bronze,Neutral,0,24.5,9.8,0,0
2525,60,Male,Coat,Outerwear,59,Kansas,M,Purple,Spring,3.7,No,Express,No,No,23,Credit Card,Quarterly,0,0,4,29.3,0.0,No Promo Use,1357,Gold,Neutral,0,29.3,27.1,0,0
2526,39,Male,Sweater,Clothing,72,Kentucky,M,Purple,Winter,4.2,No,Standard,No,No,20,PayPal,Weekly,0,0,52,63.3,0.0,No Promo Use,1440,Gold,Satisfied,1,63.3,28.8,1,0
2527,47,Male,Shorts,Clothing,28,Rhode Island,S,Peach,Spring,3.4,No,Express,No,No,30,PayPal,Bi-Weekly,0,0,26,55.1,0.0,No Promo Use,840,Silver,Neutral,0,55.1,16.6,1,0
2528,19,Male,Pants,Clothing,36,Illinois,M,Gold,Fall,3.6,No,Express,No,No,33,Bank Transfer,Every 3 Months,0,0,4,41.5,0.0,No Promo Use,1188,Silver,Neutral,0,41.5,23.7,0,0
2529,52,Male,Jewelry,Accessories,47,Alabama,S,Peach,Fall,4.7,No,2-Day Shipping,No,No,31,Debit Card,Monthly,0,0,12,45.4,0.0,No Promo Use,1457,Gold,Satisfied,1,45.4,29.1,0,0
2530,34,Male,Gloves,Accessories,62,Tennessee,M,Magenta,Spring,4.7,No,Next Day Air,No,No,48,Bank Transfer,Monthly,0,0,12,66.2,0.0,No Promo Use,2976,Platinum,Satisfied,1,66.2,60.0,1,1
2531,25,Male,Skirt,Clothing,98,Massachusetts,S,Cyan,Spring,3.6,No,Free Shipping,No,No,28,Debit Card,Weekly,0,0,52,73.1,0.0,No Promo Use,2744,Platinum,Neutral,0,73.1,55.2,1,1
2532,43,Male,Sandals,Footwear,28,Texas,M,Violet,Summer,4.6,No,Free Shipping,No,No,7,Cash,Every 3 Months,0,0,4,9.7,0.0,No Promo Use,196,Bronze,Satisfied,1,9.7,3.6,0,0
2533,55,Male,Socks,Clothing,86,Nebraska,S,Charcoal,Summer,2.6,No,Next Day Air,No,No,4,Debit Card,Weekly,0,0,52,43.7,0.0,No Promo Use,344,Bronze,Dissatisfied,0,43.7,6.6,0,0
2534,66,Male,Jewelry,Accessories,46,Pennsylvania,S,Blue,Summer,3.1,No,Standard,No,No,49,Cash,Bi-Weekly,0,0,26,78.4,0.0,No Promo Use,2254,Platinum,Dissatisfied,0,78.4,45.3,1,1
2535,41,Male,Sunglasses,Accessories,42,Virginia,XL,Red,Fall,3.2,No,Free Shipping,No,No,22,Cash,Weekly,0,0,52,65.7,0.0,No Promo Use,924,Silver,Dissatisfied,0,65.7,18.3,1,0
2536,47,Male,Coat,Outerwear,80,Vermont,S,Purple,Winter,3.9,No,Express,No,No,39,Bank Transfer,Fortnightly,0,0,26,66.1,0.0,No Promo Use,3120,Platinum,Neutral,0,66.1,62.9,1,1
2537,51,Male,Belt,Accessories,39,Oklahoma,L,Gray,Spring,4.9,No,Express,No,No,45,PayPal,Every 3 Months,0,0,4,56.2,0.0,No Promo Use,1755,Gold,Satisfied,1,56.2,35.2,1,1
2538,44,Male,Coat,Outerwear,49,Maine,M,Purple,Summer,4.1,No,2-Day Shipping,No,No,30,PayPal,Fortnightly,0,0,26,55.1,0.0,No Promo Use,1470,Gold,Satisfied,1,55.1,29.4,1,0
2539,18,Male,Scarf,Accessories,32,New Jersey,M,Silver,Summer,4.2,No,Next Day Air,No,No,33,Credit Card,Bi-Weekly,0,0,26,58.8,0.0,No Promo Use,1056,Silver,Satisfied,1,58.8,21.0,1,0
2540,33,Male,Sandals,Footwear,73,Massachusetts,M,Purple,Fall,4.1,No,Next Day Air,No,No,24,Cash,Bi-Weekly,0,0,26,47.8,0.0,No Promo Use,1752,Gold,Satisfied,1,47.8,35.1,0,1
2541,24,Male,Belt,Accessories,42,New Jersey,M,Charcoal,Summer,3.9,No,Free Shipping,No,No,11,Debit Card,Quarterly,0,0,4,14.6,0.0,No Promo Use,462,Bronze,Neutral,0,14.6,8.9,0,0
2542,33,Male,Scarf,Accessories,58,Washington,M,Silver,Spring,2.7,No,Next Day Air,No,No,13,Venmo,Every 3 Months,0,0,4,17.0,0.0,No Promo Use,754,Silver,Dissatisfied,0,17.0,14.9,0,0
2543,61,Male,Jewelry,Accessories,22,Arkansas,M,White,Winter,3.7,No,Express,No,No,27,PayPal,Annually,0,0,1,31.8,0.0,No Promo Use,594,Bronze,Neutral,0,31.8,11.6,0,0
2544,27,Male,Scarf,Accessories,56,West Virginia,L,Peach,Spring,2.7,No,Next Day Air,No,No,30,PayPal,Bi-Weekly,0,0,26,55.1,0.0,No Promo Use,1680,Gold,Dissatisfied,0,55.1,33.7,1,1
2545,46,Male,Pants,Clothing,70,Delaware,M,Red,Spring,2.5,No,Next Day Air,No,No,39,Venmo,Quarterly,0,0,4,48.9,0.0,No Promo Use,2730,Platinum,Dissatisfied,0,48.9,55.0,0,1
2546,38,Male,Shoes,Footwear,50,Texas,L,Olive,Spring,3.9,No,Free Shipping,No,No,10,Debit Card,Annually,0,0,1,11.0,0.0,No Promo Use,500,Bronze,Neutral,0,11.0,9.7,0,0
2547,63,Male,Boots,Footwear,21,Texas,L,Gray,Summer,3.0,No,Express,No,No,4,Credit Card,Quarterly,0,0,4,6.0,0.0,No Promo Use,84,Bronze,Dissatisfied,0,6.0,1.3,0,0
2548,47,Male,Jacket,Outerwear,97,Mississippi,M,Beige,Summer,3.2,No,2-Day Shipping,No,No,16,Cash,Weekly,0,0,52,58.4,0.0,No Promo Use,1552,Gold,Dissatisfied,0,58.4,31.1,1,0
2549,42,Male,Backpack,Accessories,63,Texas,L,Pink,Winter,3.8,No,Standard,No,No,34,Credit Card,Monthly,0,0,12,49.0,0.0,No Promo Use,2142,Gold,Neutral,0,49.0,43.0,0,1
2550,41,Male,Jacket,Outerwear,60,Virginia,M,Red,Fall,2.7,No,Standard,No,No,11,Debit Card,Every 3 Months,0,0,4,14.6,0.0,No Promo Use,660,Silver,Dissatisfied,0,14.6,13.0,0,0
2551,53,Male,Boots,Footwear,52,New Hampshire,XL,Peach,Fall,3.0,No,Store Pickup,No,No,30,Debit Card,Fortnightly,0,0,26,55.1,0.0,No Promo Use,1560,Gold,Dissatisfied,0,55.1,31.2,1,0
2552,29,Male,Shoes,Footwear,32,Minnesota,M,Maroon,Winter,4.1,No,Next Day Air,No,No,40,Debit Card,Annually,0,0,1,47.8,0.0,No Promo Use,1280,Gold,Satisfied,1,47.8,25.5,0,0
2553,61,Male,Belt,Accessories,48,Maryland,XL,Purple,Spring,3.2,No,2-Day Shipping,No,No,13,Credit Card,Annually,0,0,1,14.7,0.0,No Promo Use,624,Silver,Dissatisfied,0,14.7,12.2,0,0
2554,69,Male,Jewelry,Accessories,25,Vermont,M,Maroon,Summer,4.5,No,Store Pickup,No,No,28,Venmo,Every 3 Months,0,0,4,35.4,0.0,No Promo Use,700,Silver,Satisfied,1,35.4,13.8,0,0
2555,51,Male,Jewelry,Accessories,68,Kansas,M,Gray,Summer,4.3,No,Store Pickup,No,No,49,Debit Card,Bi-Weekly,0,0,26,78.4,0.0,No Promo Use,3332,Platinum,Satisfied,1,78.4,67.2,1,1
2556,24,Male,Pants,Clothing,74,Idaho,M,Gray,Fall,3.5,No,Standard,No,No,23,Credit Card,Weekly,0,0,52,66.9,0.0,No Promo Use,1702,Gold,Neutral,0,66.9,34.1,1,1
2557,24,Male,T-shirt,Clothing,88,Montana,XL,Magenta,Fall,3.1,No,Standard,No,No,4,Bank Transfer,Quarterly,0,0,4,6.0,0.0,No Promo Use,352,Bronze,Dissatisfied,0,6.0,6.7,0,0
2558,70,Male,Shorts,Clothing,23,Oklahoma,L,Cyan,Spring,3.9,No,Standard,No,No,17,PayPal,Fortnightly,0,0,26,39.2,0.0,No Promo Use,391,Bronze,Neutral,0,39.2,7.5,0,0
2559,49,Male,Hoodie,Clothing,32,California,M,Silver,Fall,2.7,No,Express,No,No,24,PayPal,Fortnightly,0,0,26,47.8,0.0,No Promo Use,768,Silver,Dissatisfied,0,47.8,15.2,0,0
2560,48,Male,Belt,Accessories,71,Mississippi,S,Green,Winter,4.0,No,Free Shipping,No,No,21,Debit Card,Every 3 Months,0,0,4,26.8,0.0,No Promo Use,1491,Gold,Neutral,0,26.8,29.8,0,0
2561,58,Male,Boots,Footwear,62,California,M,Violet,Spring,2.7,No,Next Day Air,No,No,17,Debit Card,Bi-Weekly,0,0,26,39.2,0.0,No Promo Use,1054,Silver,Dissatisfied,0,39.2,21.0,0,0
2562,32,Male,Hoodie,Clothing,20,New York,L,Magenta,Spring,2.7,No,Free Shipping,No,No,22,Debit Card,Quarterly,0,0,4,28.1,0.0,No Promo Use,440,Bronze,Dissatisfied,0,28.1,8.5,0,0
2563,57,Male,Shorts,Clothing,62,Arizona,XL,Yellow,Spring,4.7,No,Standard,No,No,27,Cash,Fortnightly,0,0,26,51.4,0.0,No Promo Use,1674,Gold,Satisfied,1,51.4,33.5,0,1
2564,69,Male,Backpack,Accessories,81,Massachusetts,XL,Gray,Winter,4.5,No,Standard,No,No,1,Venmo,Every 3 Months,0,0,4,2.4,0.0,No Promo Use,81,Bronze,Satisfied,1,2.4,1.2,0,0
2565,42,Male,Scarf,Accessories,90,Kentucky,L,Indigo,Winter,3.0,No,2-Day Shipping,No,No,27,Bank Transfer,Weekly,0,0,52,71.8,0.0,No Promo Use,2430,Platinum,Dissatisfied,0,71.8,48.9,1,1
2566,30,Male,Socks,Clothing,43,Vermont,S,Indigo,Fall,3.6,No,Store Pickup,No,No,8,Venmo,Quarterly,0,0,4,10.9,0.0,No Promo Use,344,Bronze,Neutral,0,10.9,6.6,0,0
2567,35,Male,Handbag,Accessories,38,Missouri,S,Yellow,Fall,3.3,No,Standard,No,No,43,PayPal,Quarterly,0,0,4,53.8,0.0,No Promo Use,1634,Gold,Neutral,0,53.8,32.7,0,1
2568,19,Male,Sunglasses,Accessories,25,Michigan,XL,Gold,Spring,4.3,No,Store Pickup,No,No,24,Cash,Fortnightly,0,0,26,47.8,0.0,No Promo Use,600,Bronze,Satisfied,1,47.8,11.7,0,0
2569,52,Male,T-shirt,Clothing,98,Texas,XL,Green,Winter,4.3,No,Express,No,No,29,PayPal,Fortnightly,0,0,26,53.9,0.0,No Promo Use,2842,Platinum,Satisfied,1,53.9,57.2,0,1
2570,42,Male,Dress,Clothing,75,New York,M,Charcoal,Spring,4.8,No,Free Shipping,No,No,10,Bank Transfer,Bi-Weekly,0,0,26,30.6,0.0,No Promo Use,750,Silver,Satisfied,1,30.6,14.8,0,0
2571,36,Male,Sneakers,Footwear,27,New Mexico,XL,Olive,Spring,4.0,No,Store Pickup,No,No,12,PayPal,Fortnightly,0,0,26,33.1,0.0,No Promo Use,324,Bronze,Neutral,0,33.1,6.1,0,0
2572,45,Male,Sunglasses,Accessories,27,Mississippi,L,Black,Winter,3.5,No,Standard,No,No,48,Cash,Fortnightly,0,0,26,77.2,0.0,No Promo Use,1296,Gold,Neutral,0,77.2,25.9,1,0
2573,54,Male,Blouse,Clothing,42,Washington,M,Silver,Fall,3.9,No,Next Day Air,No,No,40,Bank Transfer,Quarterly,0,0,4,50.1,0.0,No Promo Use,1680,Gold,Neutral,0,50.1,33.7,0,1
2574,54,Male,T-shirt,Clothing,90,New Mexico,M,Red,Summer,4.4,No,Store Pickup,No,No,1,Bank Transfer,Annually,0,0,1,0.0,0.0,No Promo Use,90,Bronze,Satisfied,1,0.0,1.4,0,0
2575,27,Male,Hat,Accessories,63,Florida,M,Brown,Summer,4.6,No,2-Day Shipping,No,No,26,Credit Card,Fortnightly,0,0,26,50.2,0.0,No Promo Use,1638,Gold,Satisfied,1,50.2,32.8,0,1
2576,53,Male,Shorts,Clothing,96,Minnesota,M,Silver,Fall,4.0,No,Express,No,No,9,PayPal,Annually,0,0,1,9.8,0.0,No Promo Use,864,Silver,Neutral,0,9.8,17.1,0,0
2577,20,Male,Hoodie,Clothing,40,New Hampshire,M,Silver,Winter,4.2,No,Free Shipping,No,No,19,Debit Card,Quarterly,0,0,4,24.4,0.0,No Promo Use,760,Silver,Satisfied,1,24.4,15.0,0,0
2578,52,Male,Socks,Clothing,39,Minnesota,L,Black,Fall,4.5,No,Next Day Air,No,No,37,Bank Transfer,Monthly,0,0,12,52.7,0.0,No Promo Use,1443,Gold,Satisfied,1,52.7,28.8,0,0
2579,54,Male,Sunglasses,Accessories,48,Vermont,M,Purple,Fall,3.9,No,Free Shipping,No,No,3,Cash,Quarterly,0,0,4,4.8,0.0,No Promo Use,144,Bronze,Neutral,0,4.8,2.5,0,0
2580,65,Male,Blouse,Clothing,20,Minnesota,M,Purple,Summer,3.7,No,Express,No,No,40,Venmo,Weekly,0,0,52,87.8,0.0,No Promo Use,800,Silver,Neutral,0,87.8,15.8,1,0
2581,43,Male,Jeans,Clothing,29,Massachusetts,S,Turquoise,Summer,3.6,No,Store Pickup,No,No,13,Bank Transfer,Quarterly,0,0,4,17.0,0.0,No Promo Use,377,Bronze,Neutral,0,17.0,7.2,0,0
2582,57,Male,Dress,Clothing,81,Wyoming,M,Gold,Winter,4.7,No,Express,No,No,48,Credit Card,Monthly,0,0,12,66.2,0.0,No Promo Use,3888,Platinum,Satisfied,1,66.2,78.5,1,1
2583,19,Male,Dress,Clothing,98,South Dakota,S,Indigo,Fall,3.6,No,2-Day Shipping,No,No,4,Venmo,Every 3 Months,0,0,4,6.0,0.0,No Promo Use,392,Bronze,Neutral,0,6.0,7.5,0,0
2584,69,Male,Jeans,Clothing,93,Oklahoma,M,Lavender,Fall,2.5,No,Next Day Air,No,No,9,Cash,Weekly,0,0,52,49.8,0.0,No Promo Use,837,Silver,Dissatisfied,0,49.8,16.6,0,0
2585,26,Male,Socks,Clothing,30,Florida,L,Blue,Summer,2.9,No,Store Pickup,No,No,26,Bank Transfer,Bi-Weekly,0,0,26,50.2,0.0,No Promo Use,780,Silver,Dissatisfied,0,50.2,15.4,0,0
2586,57,Male,Sunglasses,Accessories,37,Wisconsin,L,Maroon,Fall,4.4,No,Free Shipping,No,No,19,Debit Card,Weekly,0,0,52,62.0,0.0,No Promo Use,703,Silver,Satisfied,1,62.0,13.8,1,0
2587,20,Male,Coat,Outerwear,28,Maine,L,Yellow,Winter,4.6,No,Express,No,No,1,Credit Card,Every 3 Months,0,0,4,2.4,0.0,No Promo Use,28,Bronze,Satisfied,1,2.4,0.1,0,0
2588,55,Male,Scarf,Accessories,29,Connecticut,M,Purple,Winter,3.7,No,Express,No,No,29,PayPal,Every 3 Months,0,0,4,36.6,0.0,No Promo Use,841,Silver,Neutral,0,36.6,16.6,0,0
2589,44,Male,Backpack,Accessories,49,Delaware,M,Peach,Summer,3.2,No,Free Shipping,No,No,38,Venmo,Bi-Weekly,0,0,26,64.9,0.0,No Promo Use,1862,Gold,Dissatisfied,0,64.9,37.4,1,1
2590,52,Male,Pants,Clothing,53,North Dakota,M,Silver,Winter,4.9,No,2-Day Shipping,No,No,31,PayPal,Annually,0,0,1,36.7,0.0,No Promo Use,1643,Gold,Satisfied,1,36.7,32.9,0,1
2591,57,Male,Gloves,Accessories,66,California,M,Turquoise,Summer,5.0,No,Free Shipping,No,No,35,Venmo,Annually,0,0,1,41.6,0.0,No Promo Use,2310,Platinum,Satisfied,1,41.6,46.4,0,1
2592,40,Male,Jacket,Outerwear,61,New Mexico,S,Olive,Spring,3.3,No,Express,No,No,40,Cash,Quarterly,0,0,4,50.1,0.0,No Promo Use,2440,Platinum,Neutral,0,50.1,49.1,0,1
2593,23,Male,Shorts,Clothing,23,Iowa,XL,Peach,Summer,4.4,No,Store Pickup,No,No,13,Venmo,Quarterly,0,0,4,17.0,0.0,No Promo Use,299,Bronze,Satisfied,1,17.0,5.6,0,0
2594,36,Male,Pants,Clothing,36,Colorado,S,Indigo,Fall,4.7,No,Store Pickup,No,No,9,Bank Transfer,Every 3 Months,0,0,4,12.1,0.0,No Promo Use,324,Bronze,Satisfied,1,12.1,6.1,0,0
2595,59,Male,Skirt,Clothing,81,Montana,L,Indigo,Fall,3.6,No,Free Shipping,No,No,25,Cash,Every 3 Months,0,0,4,31.7,0.0,No Promo Use,2025,Gold,Neutral,0,31.7,40.7,0,1
2596,29,Male,Blouse,Clothing,56,Iowa,XL,Maroon,Summer,3.2,No,Free Shipping,No,No,3,Bank Transfer,Bi-Weekly,0,0,26,22.1,0.0,No Promo Use,168,Bronze,Dissatisfied,0,22.1,3.0,0,0
2597,63,Male,Shirt,Clothing,78,Louisiana,L,Black,Spring,3.0,No,Next Day Air,No,No,35,Credit Card,Monthly,0,0,12,50.3,0.0,No Promo Use,2730,Platinum,Dissatisfied,0,50.3,55.0,0,1
2598,60,Male,Jewelry,Accessories,25,Alabama,XL,Teal,Summer,4.4,No,Store Pickup,No,No,13,Venmo,Bi-Weekly,0,0,26,34.3,0.0,No Promo Use,325,Bronze,Satisfied,1,34.3,6.2,0,0
2599,64,Male,Backpack,Accessories,86,Nevada,XL,Olive,Fall,3.3,No,Express,No,No,31,Debit Card,Annually,0,0,1,36.7,0.0,No Promo Use,2666,Platinum,Neutral,0,36.7,53.7,0,1
2600,63,Male,Jewelry,Accessories,99,Vermont,M,Gold,Winter,3.4,No,Express,No,No,48,Credit Card,Monthly,0,0,12,66.2,0.0,No Promo Use,4752,Platinum,Neutral,0,66.2,96.0,1,1
2601,21,Male,Belt,Accessories,83,New York,M,Gray,Fall,3.9,No,Express,No,No,6,Bank Transfer,Bi-Weekly,0,0,26,25.7,0.0,No Promo Use,498,Bronze,Neutral,0,25.7,9.7,0,0
2602,61,Male,Dress,Clothing,33,Mississippi,L,Orange,Winter,2.9,No,Store Pickup,No,No,43,Cash,Monthly,0,0,12,60.1,0.0,No Promo Use,1419,Gold,Dissatisfied,0,60.1,28.4,1,0
2603,65,Male,Coat,Outerwear,44,South Carolina,M,Black,Fall,2.9,No,Free Shipping,No,No,1,Venmo,Quarterly,0,0,4,2.4,0.0,No Promo Use,44,Bronze,Dissatisfied,0,2.4,0.5,0,0
2604,69,Male,Dress,Clothing,58,Washington,M,Teal,Spring,2.7,No,2-Day Shipping,No,No,8,Cash,Annually,0,0,1,8.6,0.0,No Promo Use,464,Bronze,Dissatisfied,0,8.6,9.0,0,0
2605,47,Male,Sweater,Clothing,54,Colorado,M,Beige,Spring,3.4,No,Store Pickup,No,No,6,Debit Card,Weekly,0,0,52,46.1,0.0,No Promo Use,324,Bronze,Neutral,0,46.1,6.1,0,0
2606,41,Male,Hoodie,Clothing,93,Nevada,M,White,Spring,3.7,No,2-Day Shipping,No,No,32,Venmo,Fortnightly,0,0,26,57.6,0.0,No Promo Use,2976,Platinum,Neutral,0,57.6,60.0,1,1
2607,68,Male,Shoes,Footwear,98,Nevada,L,Turquoise,Spring,4.7,No,Standard,No,No,46,Bank Transfer,Bi-Weekly,0,0,26,74.7,0.0,No Promo Use,4508,Platinum,Satisfied,1,74.7,91.0,1,1
2608,41,Male,Shoes,Footwear,36,Oklahoma,XL,Teal,Spring,3.1,No,Express,No,No,38,PayPal,Every 3 Months,0,0,4,47.7,0.0,No Promo Use,1368,Gold,Dissatisfied,0,47.7,27.3,0,0
2609,42,Male,Jacket,Outerwear,68,Mississippi,L,Orange,Fall,4.2,No,2-Day Shipping,No,No,48,Credit Card,Fortnightly,0,0,26,77.2,0.0,No Promo Use,3264,Platinum,Satisfied,1,77.2,65.8,1,1
2610,66,Male,Backpack,Accessories,95,Arkansas,M,Black,Summer,3.0,No,Store Pickup,No,No,18,Debit Card,Bi-Weekly,0,0,26,40.4,0.0,No Promo Use,1710,Gold,Dissatisfied,0,40.4,34.3,0,1
2611,66,Male,Jeans,Clothing,93,West Virginia,M,Violet,Spring,3.1,No,Express,No,No,25,Cash,Quarterly,0,0,4,31.7,0.0,No Promo Use,2325,Platinum,Dissatisfied,0,31.7,46.7,0,1
2612,33,Male,Jacket,Outerwear,99,Michigan,L,Maroon,Fall,4.2,No,2-Day Shipping,No,No,4,Cash,Fortnightly,0,0,26,23.3,0.0,No Promo Use,396,Bronze,Satisfied,1,23.3,7.6,0,0
2613,55,Male,Sunglasses,Accessories,22,Louisiana,M,Turquoise,Winter,3.8,No,Next Day Air,No,No,27,Venmo,Quarterly,0,0,4,34.2,0.0,No Promo Use,594,Bronze,Neutral,0,34.2,11.6,0,0
2614,58,Male,Gloves,Accessories,88,South Dakota,M,Gold,Fall,2.9,No,Express,No,No,14,Bank Transfer,Monthly,0,0,12,24.5,0.0,No Promo Use,1232,Silver,Dissatisfied,0,24.5,24.6,0,0
2615,18,Male,Jacket,Outerwear,65,North Dakota,M,Turquoise,Spring,4.2,No,Express,No,No,36,Bank Transfer,Fortnightly,0,0,26,62.5,0.0,No Promo Use,2340,Platinum,Satisfied,1,62.5,47.0,1,1
2616,49,Male,T-shirt,Clothing,62,Arizona,M,Maroon,Fall,3.1,No,2-Day Shipping,No,No,6,Debit Card,Quarterly,0,0,4,8.5,0.0,No Promo Use,372,Bronze,Dissatisfied,0,8.5,7.1,0,0
2617,61,Male,Sandals,Footwear,55,Georgia,XL,Purple,Spring,3.6,No,Express,No,No,46,Cash,Annually,0,0,1,55.1,0.0,No Promo Use,2530,Platinum,Neutral,0,55.1,50.9,1,1
2618,31,Male,Shorts,Clothing,97,Idaho,S,Maroon,Spring,4.8,No,Standard,No,No,29,Bank Transfer,Annually,0,0,1,34.3,0.0,No Promo Use,2813,Platinum,Satisfied,1,34.3,56.6,0,1
2619,70,Male,Handbag,Accessories,77,Louisiana,L,Brown,Fall,4.1,No,Express,No,No,12,Venmo,Monthly,0,0,12,22.1,0.0,No Promo Use,924,Silver,Satisfied,1,22.1,18.3,0,0
2620,68,Male,Pants,Clothing,40,Connecticut,L,Indigo,Winter,3.9,No,Free Shipping,No,No,47,Credit Card,Weekly,0,0,52,96.3,0.0,No Promo Use,1880,Gold,Neutral,0,96.3,37.7,1,1
2621,27,Male,Blouse,Clothing,23,Ohio,S,Lavender,Winter,3.0,No,Standard,No,No,28,Debit Card,Annually,0,0,1,33.1,0.0,No Promo Use,644,Silver,Dissatisfied,0,33.1,12.6,0,0
2622,48,Male,Shoes,Footwear,46,Maine,M,Beige,Winter,3.0,No,Express,No,No,21,Bank Transfer,Annually,0,0,1,24.5,0.0,No Promo Use,966,Silver,Dissatisfied,0,24.5,19.2,0,0
2623,63,Male,Backpack,Accessories,75,New Hampshire,M,Yellow,Spring,4.9,No,2-Day Shipping,No,No,15,Credit Card,Annually,0,0,1,17.1,0.0,No Promo Use,1125,Silver,Satisfied,1,17.1,22.4,0,0
2624,49,Male,Shoes,Footwear,76,Massachusetts,M,Gold,Fall,4.8,No,Next Day Air,No,No,38,Cash,Annually,0,0,1,45.3,0.0,No Promo Use,2888,Platinum,Satisfied,1,45.3,58.2,0,1
2625,19,Male,Dress,Clothing,59,South Dakota,M,Indigo,Summer,3.3,No,Standard,No,No,19,Credit Card,Annually,0,0,1,22.0,0.0,No Promo Use,1121,Silver,Neutral,0,22.0,22.3,0,0
2626,30,Male,Skirt,Clothing,51,Colorado,L,Cyan,Summer,2.7,No,Standard,No,No,31,Credit Card,Weekly,0,0,52,76.7,0.0,No Promo Use,1581,Gold,Dissatisfied,0,76.7,31.6,1,0
2627,50,Male,Jacket,Outerwear,46,Rhode Island,XL,Silver,Fall,4.2,No,Express,No,No,30,Credit Card,Every 3 Months,0,0,4,37.9,0.0,No Promo Use,1380,Gold,Satisfied,1,37.9,27.6,0,0
2628,66,Male,Shirt,Clothing,26,Missouri,L,Silver,Fall,3.6,No,Next Day Air,No,No,40,Bank Transfer,Quarterly,0,0,4,50.1,0.0,No Promo Use,1040,Silver,Neutral,0,50.1,20.7,0,0
2629,25,Male,Hoodie,Clothing,51,Wyoming,M,Silver,Summer,3.8,No,Next Day Air,No,No,42,Credit Card,Bi-Weekly,0,0,26,69.8,0.0,No Promo Use,2142,Gold,Neutral,0,69.8,43.0,1,1
2630,61,Male,Scarf,Accessories,44,New Hampshire,M,Peach,Winter,3.8,No,Free Shipping,No,No,25,Venmo,Annually,0,0,1,29.4,0.0,No Promo Use,1100,Silver,Neutral,0,29.4,21.9,0,0
2631,29,Male,Skirt,Clothing,82,Maine,S,Pink,Spring,4.2,No,Free Shipping,No,No,20,Cash,Quarterly,0,0,4,25.6,0.0,No Promo Use,1640,Gold,Satisfied,1,25.6,32.8,0,1
2632,53,Male,Skirt,Clothing,44,Connecticut,S,Violet,Summer,2.7,No,Express,No,No,3,Cash,Weekly,0,0,52,42.4,0.0,No Promo Use,132,Bronze,Dissatisfied,0,42.4,2.3,0,0
2633,24,Male,Scarf,Accessories,27,Alaska,M,Black,Fall,5.0,No,Next Day Air,No,No,14,Cash,Annually,0,0,1,15.9,0.0,No Promo Use,378,Bronze,Satisfied,1,15.9,7.2,0,0
2634,51,Male,Sunglasses,Accessories,90,Alaska,M,Purple,Fall,4.7,No,Next Day Air,No,No,32,Credit Card,Fortnightly,0,0,26,57.6,0.0,No Promo Use,2880,Platinum,Satisfied,1,57.6,58.0,1,1
2635,26,Male,Sandals,Footwear,58,North Carolina,S,Black,Summer,3.2,No,Store Pickup,No,No,20,PayPal,Every 3 Months,0,0,4,25.6,0.0,No Promo Use,1160,Silver,Dissatisfied,0,25.6,23.1,0,0
2636,59,Male,Hoodie,Clothing,80,Colorado,XL,Peach,Spring,2.9,No,2-Day Shipping,No,No,34,PayPal,Fortnightly,0,0,26,60.0,0.0,No Promo Use,2720,Platinum,Dissatisfied,0,60.0,54.8,1,1
2637,41,Male,Jacket,Outerwear,40,Utah,S,Magenta,Winter,4.2,No,Store Pickup,No,No,6,Venmo,Annually,0,0,1,6.1,0.0,No Promo Use,240,Bronze,Satisfied,1,6.1,4.4,0,0
2638,20,Male,Pants,Clothing,23,Alabama,M,Magenta,Spring,3.7,No,Store Pickup,No,No,2,PayPal,Annually,0,0,1,1.2,0.0,No Promo Use,46,Bronze,Neutral,0,1.2,0.5,0,0
2639,22,Male,Shirt,Clothing,34,Hawaii,S,Black,Spring,4.2,No,Store Pickup,No,No,35,Credit Card,Annually,0,0,1,41.6,0.0,No Promo Use,1190,Silver,Satisfied,1,41.6,23.7,0,0
2640,18,Male,Blouse,Clothing,35,New Hampshire,XL,Pink,Winter,2.6,No,Free Shipping,No,No,33,Debit Card,Quarterly,0,0,4,41.5,0.0,No Promo Use,1155,Silver,Dissatisfied,0,41.5,23.0,0,0
2641,30,Male,Skirt,Clothing,75,Indiana,L,Olive,Summer,4.0,No,Store Pickup,No,No,45,Venmo,Bi-Weekly,0,0,26,73.5,0.0,No Promo Use,3375,Platinum,Neutral,0,73.5,68.0,1,1
2642,25,Male,Sunglasses,Accessories,60,Vermont,XL,Olive,Winter,2.7,No,Next Day Air,No,No,20,Bank Transfer,Every 3 Months,0,0,4,25.6,0.0,No Promo Use,1200,Silver,Dissatisfied,0,25.6,23.9,0,0
2643,39,Male,Belt,Accessories,87,Iowa,L,Peach,Summer,4.0,No,Store Pickup,No,No,48,Bank Transfer,Annually,0,0,1,57.6,0.0,No Promo Use,4176,Platinum,Neutral,0,57.6,84.3,1,1
2644,49,Male,Gloves,Accessories,41,Maryland,S,Silver,Spring,2.9,No,Next Day Air,No,No,37,Cash,Monthly,0,0,12,52.7,0.0,No Promo Use,1517,Gold,Dissatisfied,0,52.7,30.4,0,0
2645,25,Male,Pants,Clothing,83,New Mexico,M,Turquoise,Spring,3.3,No,Standard,No,No,4,Bank Transfer,Every 3 Months,0,0,4,6.0,0.0,No Promo Use,332,Bronze,Neutral,0,6.0,6.3,0,0
2646,23,Male,Scarf,Accessories,81,Louisiana,L,Olive,Spring,4.0,No,Store Pickup,No,No,24,Bank Transfer,Bi-Weekly,0,0,26,47.8,0.0,No Promo Use,1944,Gold,Neutral,0,47.8,39.0,0,1
2647,33,Male,T-shirt,Clothing,56,New Mexico,S,Lavender,Summer,3.9,No,Next Day Air,No,No,4,Debit Card,Every 3 Months,0,0,4,6.0,0.0,No Promo Use,224,Bronze,Neutral,0,6.0,4.1,0,0
2648,60,Male,Shoes,Footwear,58,South Carolina,M,Red,Summer,3.3,No,2-Day Shipping,No,No,25,Debit Card,Annually,0,0,1,29.4,0.0,No Promo Use,1450,Gold,Neutral,0,29.4,29.0,0,0
2649,51,Male,Pants,Clothing,84,Illinois,M,Gray,Spring,3.9,No,Next Day Air,No,No,14,PayPal,Bi-Weekly,0,0,26,35.5,0.0,No Promo Use,1176,Silver,Neutral,0,35.5,23.4,0,0
2650,23,Male,Gloves,Accessories,21,Minnesota,M,Magenta,Fall,3.9,No,Store Pickup,No,No,14,Bank Transfer,Fortnightly,0,0,26,35.5,0.0,No Promo Use,294,Bronze,Neutral,0,35.5,5.5,0,0
2651,20,Male,Socks,Clothing,35,Oregon,L,Maroon,Summer,4.2,No,Standard,No,No,46,Credit Card,Every 3 Months,0,0,4,57.5,0.0,No Promo Use,1610,Gold,Satisfied,1,57.5,32.2,1,1
2652,51,Male,Sneakers,Footwear,43,Tennessee,M,Cyan,Summer,4.6,No,Store Pickup,No,No,27,PayPal,Quarterly,0,0,4,34.2,0.0,No Promo Use,1161,Silver,Satisfied,1,34.2,23.1,0,0
2653,23,Female,Shorts,Clothing,20,Maryland,L,Cyan,Summer,3.3,No,2-Day Shipping,No,No,46,Credit Card,Monthly,0,0,12,63.7,0.0,No Promo Use,920,Silver,Neutral,0,63.7,18.2,1,0
2654,67,Female,Blouse,Clothing,36,Wisconsin,L,Lavender,Fall,4.8,No,Express,No,No,24,Venmo,Every 3 Months,0,0,4,30.5,0.0,No Promo Use,864,Silver,Satisfied,1,30.5,17.1,0,0
2655,23,Female,Coat,Outerwear,70,Idaho,S,Pink,Fall,4.1,No,Next Day Air,No,No,4,PayPal,Annually,0,0,1,3.7,0.0,No Promo Use,280,Bronze,Satisfied,1,3.7,5.3,0,0
2656,26,Female,Sunglasses,Accessories,83,Wyoming,M,Gray,Summer,3.4,No,Standard,No,No,2,Credit Card,Fortnightly,0,0,26,20.8,0.0,No Promo Use,166,Bronze,Neutral,0,20.8,2.9,0,0
2657,52,Female,Shorts,Clothing,76,Indiana,L,Yellow,Winter,3.6,No,Express,No,No,29,Bank Transfer,Fortnightly,0,0,26,53.9,0.0,No Promo Use,2204,Gold,Neutral,0,53.9,44.3,0,1
2658,52,Female,Dress,Clothing,81,Texas,M,Pink,Summer,2.7,No,Express,No,No,7,Credit Card,Fortnightly,0,0,26,27.0,0.0,No Promo Use,567,Bronze,Dissatisfied,0,27.0,11.1,0,0
2659,52,Female,Handbag,Accessories,47,Ohio,XL,Indigo,Summer,3.2,No,Next Day Air,No,No,39,PayPal,Monthly,0,0,12,55.2,0.0,No Promo Use,1833,Gold,Dissatisfied,0,55.2,36.8,1,1
2660,35,Female,Boots,Footwear,35,Kansas,L,Gray,Summer,4.4,No,2-Day Shipping,No,No,46,Credit Card,Fortnightly,0,0,26,74.7,0.0,No Promo Use,1610,Gold,Satisfied,1,74.7,32.2,1,1
2661,24,Female,Pants,Clothing,85,South Carolina,L,Yellow,Spring,4.9,No,Express,No,No,44,Venmo,Annually,0,0,1,52.7,0.0,No Promo Use,3740,Platinum,Satisfied,1,52.7,75.5,0,1
2662,43,Female,Boots,Footwear,96,Michigan,XL,Olive,Fall,4.8,No,Express,No,No,20,Bank Transfer,Annually,0,0,1,23.3,0.0,No Promo Use,1920,Gold,Satisfied,1,23.3,38.5,0,1
2663,25,Female,Skirt,Clothing,98,Nebraska,M,Cyan,Summer,2.8,No,2-Day Shipping,No,No,44,PayPal,Fortnightly,0,0,26,72.3,0.0,No Promo Use,4312,Platinum,Dissatisfied,0,72.3,87.1,1,1
2664,46,Female,Sneakers,Footwear,52,Wisconsin,L,Silver,Fall,2.9,No,Free Shipping,No,No,23,Bank Transfer,Annually,0,0,1,26.9,0.0,No Promo Use,1196,Silver,Dissatisfied,0,26.9,23.8,0,0
2665,22,Female,Jewelry,Accessories,84,Illinois,L,Silver,Winter,3.2,No,Store Pickup,No,No,37,PayPal,Weekly,0,0,52,84.1,0.0,No Promo Use,3108,Platinum,Dissatisfied,0,84.1,62.6,1,1
2666,70,Female,T-shirt,Clothing,71,Louisiana,L,Red,Winter,3.5,No,Store Pickup,No,No,4,Venmo,Weekly,0,0,52,43.7,0.0,No Promo Use,284,Bronze,Neutral,0,43.7,5.3,0,0
2667,49,Female,Sandals,Footwear,95,Ohio,S,Brown,Winter,4.1,No,Store Pickup,No,No,14,Venmo,Fortnightly,0,0,26,35.5,0.0,No Promo Use,1330,Gold,Satisfied,1,35.5,26.6,0,0
2668,48,Female,Boots,Footwear,47,Maryland,M,Orange,Summer,4.1,No,Free Shipping,No,No,31,Cash,Fortnightly,0,0,26,56.3,0.0,No Promo Use,1457,Gold,Satisfied,1,56.3,29.1,1,0
2669,59,Female,Coat,Outerwear,75,Texas,M,Black,Summer,4.8,No,Next Day Air,No,No,9,PayPal,Quarterly,0,0,4,12.1,0.0,No Promo Use,675,Silver,Satisfied,1,12.1,13.3,0,0
2670,39,Female,Belt,Accessories,28,Illinois,L,Teal,Spring,2.8,No,Free Shipping,No,No,31,Credit Card,Weekly,0,0,52,76.7,0.0,No Promo Use,868,Silver,Dissatisfied,0,76.7,17.2,1,0
2671,30,Female,Sunglasses,Accessories,44,Pennsylvania,M,Yellow,Fall,4.7,No,Express,No,No,26,Bank Transfer,Bi-Weekly,0,0,26,50.2,0.0,No Promo Use,1144,Silver,Satisfied,1,50.2,22.8,0,0
2672,37,Female,Sandals,Footwear,64,Alabama,XL,Gray,Winter,4.8,No,2-Day Shipping,No,No,41,PayPal,Every 3 Months,0,0,4,51.3,0.0,No Promo Use,2624,Platinum,Satisfied,1,51.3,52.8,0,1
2673,56,Female,Boots,Footwear,28,West Virginia,M,Maroon,Spring,2.9,No,Standard,No,No,13,Cash,Annually,0,0,1,14.7,0.0,No Promo Use,364,Bronze,Dissatisfied,0,14.7,7.0,0,0
2674,67,Female,Hoodie,Clothing,21,Nevada,M,Olive,Summer,2.6,No,2-Day Shipping,No,No,4,Cash,Monthly,0,0,12,12.3,0.0,No Promo Use,84,Bronze,Dissatisfied,0,12.3,1.3,0,0
2675,40,Female,Hat,Accessories,41,Florida,S,Charcoal,Fall,3.3,No,Express,No,No,15,Cash,Every 3 Months,0,0,4,19.5,0.0,No Promo Use,615,Bronze,Neutral,0,19.5,12.1,0,0
2676,24,Female,Shorts,Clothing,38,Virginia,M,Peach,Winter,3.4,No,Free Shipping,No,No,38,Cash,Bi-Weekly,0,0,26,64.9,0.0,No Promo Use,1444,Gold,Neutral,0,64.9,28.9,1,0
2677,43,Female,Backpack,Accessories,77,Kentucky,M,Maroon,Spring,3.6,No,Free Shipping,No,No,3,Cash,Fortnightly,0,0,26,22.1,0.0,No Promo Use,231,Bronze,Neutral,0,22.1,4.3,0,0
2678,45,Female,Shorts,Clothing,43,Connecticut,L,Olive,Spring,3.8,No,Next Day Air,No,No,6,PayPal,Every 3 Months,0,0,4,8.5,0.0,No Promo Use,258,Bronze,Neutral,0,8.5,4.8,0,0
2679,33,Female,Belt,Accessories,91,Montana,M,Magenta,Spring,3.4,No,2-Day Shipping,No,No,34,Credit Card,Bi-Weekly,0,0,26,60.0,0.0,No Promo Use,3094,Platinum,Neutral,0,60.0,62.3,1,1
2680,53,Female,Shorts,Clothing,68,Montana,S,Yellow,Spring,3.8,No,Express,No,No,7,Debit Card,Quarterly,0,0,4,9.7,0.0,No Promo Use,476,Bronze,Neutral,0,9.7,9.2,0,0
2681,44,Female,Socks,Clothing,37,Nebraska,L,Indigo,Fall,3.3,No,Next Day Air,No,No,21,Venmo,Annually,0,0,1,24.5,0.0,No Promo Use,777,Silver,Neutral,0,24.5,15.3,0,0
2682,23,Female,Shoes,Footwear,23,Massachusetts,L,Olive,Summer,4.8,No,Standard,No,No,17,Debit Card,Monthly,0,0,12,28.2,0.0,No Promo Use,391,Bronze,Satisfied,1,28.2,7.5,0,0
2683,59,Female,Sneakers,Footwear,65,North Carolina,L,Maroon,Winter,3.9,No,2-Day Shipping,No,No,5,Venmo,Every 3 Months,0,0,4,7.3,0.0,No Promo Use,325,Bronze,Neutral,0,7.3,6.2,0,0
2684,68,Female,Backpack,Accessories,30,Montana,M,Indigo,Summer,4.2,No,Next Day Air,No,No,21,Cash,Fortnightly,0,0,26,44.1,0.0,No Promo Use,630,Silver,Satisfied,1,44.1,12.4,0,0
2685,46,Female,Dress,Clothing,45,Washington,M,Gray,Summer,4.7,No,Free Shipping,No,No,42,Credit Card,Bi-Weekly,0,0,26,69.8,0.0,No Promo Use,1890,Gold,Satisfied,1,69.8,37.9,1,1
2686,56,Female,Boots,Footwear,25,Virginia,M,Gray,Winter,2.7,No,Express,No,No,49,Credit Card,Quarterly,0,0,4,61.1,0.0,No Promo Use,1225,Silver,Dissatisfied,0,61.1,24.4,1,0
2687,40,Female,Socks,Clothing,72,Georgia,M,Black,Winter,3.8,No,2-Day Shipping,No,No,33,Cash,Fortnightly,0,0,26,58.8,0.0,No Promo Use,2376,Platinum,Neutral,0,58.8,47.8,1,1
2688,61,Female,Dress,Clothing,75,Delaware,M,White,Fall,3.6,No,2-Day Shipping,No,No,12,Debit Card,Bi-Weekly,0,0,26,33.1,0.0,No Promo Use,900,Silver,Neutral,0,33.1,17.8,0,0
2689,53,Female,Handbag,Accessories,63,West Virginia,XL,Turquoise,Spring,2.9,No,2-Day Shipping,No,No,18,Credit Card,Every 3 Months,0,0,4,23.2,0.0,No Promo Use,1134,Silver,Dissatisfied,0,23.2,22.6,0,0
2690,29,Female,Blouse,Clothing,35,Wyoming,M,Orange,Fall,3.9,No,Standard,No,No,47,PayPal,Quarterly,0,0,4,58.7,0.0,No Promo Use,1645,Gold,Neutral,0,58.7,32.9,1,1
2691,44,Female,Belt,Accessories,32,New Mexico,L,Yellow,Summer,4.7,No,Free Shipping,No,No,18,Bank Transfer,Weekly,0,0,52,60.8,0.0,No Promo Use,576,Bronze,Satisfied,1,60.8,11.3,1,0
2692,43,Female,Pants,Clothing,25,Nebraska,L,Blue,Winter,3.3,No,2-Day Shipping,No,No,48,Cash,Monthly,0,0,12,66.2,0.0,No Promo Use,1200,Silver,Neutral,0,66.2,23.9,1,0
2693,40,Female,Sneakers,Footwear,90,Washington,XL,Violet,Spring,4.2,No,Free Shipping,No,No,18,Debit Card,Every 3 Months,0,0,4,23.2,0.0,No Promo Use,1620,Gold,Satisfied,1,23.2,32.4,0,1
2694,55,Female,Boots,Footwear,70,Hawaii,L,Lavender,Summer,2.6,No,Standard,No,No,46,Cash,Quarterly,0,0,4,57.5,0.0,No Promo Use,3220,Platinum,Dissatisfied,0,57.5,64.9,1,1
2695,66,Female,Sunglasses,Accessories,27,Louisiana,M,Olive,Spring,4.9,No,Express,No,No,34,Credit Card,Every 3 Months,0,0,4,42.8,0.0,No Promo Use,918,Silver,Satisfied,1,42.8,18.2,0,0
2696,50,Female,Hat,Accessories,92,Tennessee,M,Orange,Fall,3.6,No,Standard,No,No,10,PayPal,Bi-Weekly,0,0,26,30.6,0.0,No Promo Use,920,Silver,Neutral,0,30.6,18.2,0,0
2697,57,Female,Coat,Outerwear,20,South Dakota,M,White,Spring,4.7,No,Free Shipping,No,No,12,Debit Card,Monthly,0,0,12,22.1,0.0,No Promo Use,240,Bronze,Satisfied,1,22.1,4.4,0,0
2698,42,Female,Jacket,Outerwear,52,Delaware,L,Red,Winter,3.2,No,Standard,No,No,36,Bank Transfer,Quarterly,0,0,4,45.2,0.0,No Promo Use,1872,Gold,Dissatisfied,0,45.2,37.6,0,1
2699,55,Female,Hoodie,Clothing,57,Virginia,M,Magenta,Summer,3.6,No,Store Pickup,No,No,34,Venmo,Quarterly,0,0,4,42.8,0.0,No Promo Use,1938,Gold,Neutral,0,42.8,38.9,0,1
2700,25,Female,Boots,Footwear,96,Utah,M,Violet,Fall,3.6,No,2-Day Shipping,No,No,49,Debit Card,Annually,0,0,1,58.8,0.0,No Promo Use,4704,Platinum,Neutral,0,58.8,95.0,1,1
2701,22,Female,T-shirt,Clothing,68,California,XL,Olive,Winter,3.2,No,Standard,No,No,36,Cash,Weekly,0,0,52,82.9,0.0,No Promo Use,2448,Platinum,Dissatisfied,0,82.9,49.2,1,1
2702,49,Female,Sweater,Clothing,30,Idaho,L,Silver,Summer,2.8,No,Store Pickup,No,No,18,Bank Transfer,Fortnightly,0,0,26,40.4,0.0,No Promo Use,540,Bronze,Dissatisfied,0,40.4,10.5,0,0
2703,70,Female,Shoes,Footwear,37,Texas,L,Gray,Fall,4.0,No,Next Day Air,No,No,39,Debit Card,Fortnightly,0,0,26,66.1,0.0,No Promo Use,1443,Gold,Neutral,0,66.1,28.8,1,0
2704,56,Female,Scarf,Accessories,42,Tennessee,XL,Olive,Winter,4.4,No,Free Shipping,No,No,34,PayPal,Weekly,0,0,52,80.4,0.0,No Promo Use,1428,Gold,Satisfied,1,80.4,28.5,1,0
2705,52,Female,Dress,Clothing,54,Tennessee,L,Beige,Spring,3.4,No,Next Day Air,No,No,35,Debit Card,Weekly,0,0,52,81.6,0.0,No Promo Use,1890,Gold,Neutral,0,81.6,37.9,1,1
2706,65,Female,Jacket,Outerwear,81,Washington,S,Turquoise,Spring,5.0,No,Store Pickup,No,No,1,Credit Card,Bi-Weekly,0,0,26,19.6,0.0,No Promo Use,81,Bronze,Satisfied,1,19.6,1.2,0,0
2707,24,Female,Shoes,Footwear,40,Alabama,S,Blue,Spring,3.1,No,Express,No,No,48,Debit Card,Quarterly,0,0,4,59.9,0.0,No Promo Use,1920,Gold,Dissatisfied,0,59.9,38.5,1,1
2708,32,Female,Backpack,Accessories,88,Nebraska,M,Pink,Fall,4.2,No,Standard,No,No,19,Cash,Weekly,0,0,52,62.0,0.0,No Promo Use,1672,Gold,Satisfied,1,62.0,33.5,1,1
2709,57,Female,Dress,Clothing,94,Alabama,M,Teal,Summer,3.3,No,Store Pickup,No,No,44,Debit Card,Weekly,0,0,52,92.7,0.0,No Promo Use,4136,Platinum,Neutral,0,92.7,83.5,1,1
2710,35,Female,Shirt,Clothing,54,Illinois,S,Cyan,Winter,2.9,No,Standard,No,No,9,Credit Card,Bi-Weekly,0,0,26,29.4,0.0,No Promo Use,486,Bronze,Dissatisfied,0,29.4,9.4,0,0
2711,69,Female,Jacket,Outerwear,51,Wisconsin,L,Purple,Summer,4.7,No,Standard,No,No,3,Bank Transfer,Fortnightly,0,0,26,22.1,0.0,No Promo Use,153,Bronze,Satisfied,1,22.1,2.7,0,0
2712,30,Female,Sunglasses,Accessories,22,Nebraska,L,Red,Spring,4.0,No,Standard,No,No,50,Venmo,Monthly,0,0,12,68.6,0.0,No Promo Use,1100,Silver,Neutral,0,68.6,21.9,1,0
2713,37,Female,Jacket,Outerwear,95,North Dakota,L,Brown,Fall,4.6,No,Standard,No,No,7,Debit Card,Quarterly,0,0,4,9.7,0.0,No Promo Use,665,Silver,Satisfied,1,9.7,13.1,0,0
2714,19,Female,Coat,Outerwear,57,Mississippi,M,Magenta,Fall,3.8,No,2-Day Shipping,No,No,20,Debit Card,Annually,0,0,1,23.3,0.0,No Promo Use,1140,Silver,Neutral,0,23.3,22.7,0,0
2715,53,Female,Sweater,Clothing,45,Iowa,S,Olive,Winter,3.6,No,Store Pickup,No,No,16,Credit Card,Bi-Weekly,0,0,26,38.0,0.0,No Promo Use,720,Silver,Neutral,0,38.0,14.2,0,0
2716,25,Female,Sneakers,Footwear,92,Mississippi,XL,Pink,Winter,4.1,No,Express,No,No,29,PayPal,Fortnightly,0,0,26,53.9,0.0,No Promo Use,2668,Platinum,Satisfied,1,53.9,53.7,0,1
2717,47,Female,Shoes,Footwear,40,Colorado,L,Black,Spring,2.7,No,Store Pickup,No,No,21,Debit Card,Weekly,0,0,52,64.5,0.0,No Promo Use,840,Silver,Dissatisfied,0,64.5,16.6,1,0
2718,18,Female,Sunglasses,Accessories,62,Nebraska,XL,Beige,Winter,4.3,No,Free Shipping,No,No,19,Credit Card,Every 3 Months,0,0,4,24.4,0.0,No Promo Use,1178,Silver,Satisfied,1,24.4,23.5,0,0
2719,22,Female,Shorts,Clothing,90,Virginia,M,Peach,Winter,4.9,No,Next Day Air,No,No,10,Venmo,Bi-Weekly,0,0,26,30.6,0.0,No Promo Use,900,Silver,Satisfied,1,30.6,17.8,0,0
2720,69,Female,Hoodie,Clothing,82,Louisiana,S,Peach,Fall,4.2,No,Free Shipping,No,No,4,Bank Transfer,Monthly,0,0,12,12.3,0.0,No Promo Use,328,Bronze,Satisfied,1,12.3,6.2,0,0
2721,55,Female,Scarf,Accessories,52,Maryland,M,Peach,Spring,2.8,No,Store Pickup,No,No,45,Bank Transfer,Quarterly,0,0,4,56.2,0.0,No Promo Use,2340,Platinum,Dissatisfied,0,56.2,47.0,1,1
2722,19,Female,Sandals,Footwear,70,Minnesota,S,Teal,Spring,4.9,No,Free Shipping,No,No,17,PayPal,Fortnightly,0,0,26,39.2,0.0,No Promo Use,1190,Silver,Satisfied,1,39.2,23.7,0,0
2723,23,Female,Hat,Accessories,83,Maine,M,Green,Spring,2.8,No,2-Day Shipping,No,No,22,PayPal,Fortnightly,0,0,26,45.3,0.0,No Promo Use,1826,Gold,Dissatisfied,0,45.3,36.6,0,1
2724,54,Female,Shoes,Footwear,49,Texas,XL,Brown,Summer,2.9,No,Store Pickup,No,No,3,PayPal,Every 3 Months,0,0,4,4.8,0.0,No Promo Use,147,Bronze,Dissatisfied,0,4.8,2.6,0,0
2725,52,Female,Sneakers,Footwear,91,Missouri,M,Brown,Spring,2.5,No,Next Day Air,No,No,11,Debit Card,Fortnightly,0,0,26,31.9,0.0,No Promo Use,1001,Silver,Dissatisfied,0,31.9,19.9,0,0
2726,64,Female,Backpack,Accessories,99,Mississippi,S,Violet,Summer,2.7,No,Free Shipping,No,No,4,Debit Card,Annually,0,0,1,3.7,0.0,No Promo Use,396,Bronze,Dissatisfied,0,3.7,7.6,0,0
2727,33,Female,Belt,Accessories,92,Michigan,L,Blue,Winter,3.3,No,Free Shipping,No,No,11,PayPal,Bi-Weekly,0,0,26,31.9,0.0,No Promo Use,1012,Silver,Neutral,0,31.9,20.1,0,0
2728,40,Female,Shirt,Clothing,87,Colorado,L,Charcoal,Winter,3.7,No,2-Day Shipping,No,No,47,Credit Card,Fortnightly,0,0,26,75.9,0.0,No Promo Use,4089,Platinum,Neutral,0,75.9,82.5,1,1
2729,26,Female,Skirt,Clothing,28,Florida,M,Pink,Winter,4.0,No,Express,No,No,17,Debit Card,Weekly,0,0,52,59.6,0.0,No Promo Use,476,Bronze,Neutral,0,59.6,9.2,1,0
2730,31,Female,Gloves,Accessories,71,Montana,S,Violet,Summer,4.1,No,Free Shipping,No,No,32,Credit Card,Monthly,0,0,12,46.6,0.0,No Promo Use,2272,Platinum,Satisfied,1,46.6,45.7,0,1
2731,23,Female,Gloves,Accessories,32,Wisconsin,M,Teal,Winter,4.1,No,Store Pickup,No,No,37,Bank Transfer,Annually,0,0,1,44.1,0.0,No Promo Use,1184,Silver,Satisfied,1,44.1,23.6,0,0
2732,52,Female,Handbag,Accessories,33,Wisconsin,M,Red,Summer,2.5,No,2-Day Shipping,No,No,44,Bank Transfer,Quarterly,0,0,4,55.0,0.0,No Promo Use,1452,Gold,Dissatisfied,0,55.0,29.0,0,0
2733,21,Female,Socks,Clothing,75,Delaware,L,Orange,Winter,4.2,No,Store Pickup,No,No,27,Debit Card,Every 3 Months,0,0,4,34.2,0.0,No Promo Use,2025,Gold,Satisfied,1,34.2,40.7,0,1
2734,31,Female,Backpack,Accessories,83,North Carolina,M,Magenta,Summer,4.7,No,Express,No,No,46,PayPal,Annually,0,0,1,55.1,0.0,No Promo Use,3818,Platinum,Satisfied,1,55.1,77.0,1,1
2735,63,Female,Jeans,Clothing,93,New York,XL,Yellow,Summer,2.7,No,2-Day Shipping,No,No,13,Cash,Bi-Weekly,0,0,26,34.3,0.0,No Promo Use,1209,Silver,Dissatisfied,0,34.3,24.1,0,0
2736,46,Female,Skirt,Clothing,29,California,M,Yellow,Spring,3.0,No,Express,No,No,2,PayPal,Bi-Weekly,0,0,26,20.8,0.0,No Promo Use,58,Bronze,Dissatisfied,0,20.8,0.8,0,0
2737,44,Female,Hoodie,Clothing,25,Montana,M,Pink,Spring,4.8,No,Store Pickup,No,No,45,Credit Card,Annually,0,0,1,53.9,0.0,No Promo Use,1125,Silver,Satisfied,1,53.9,22.4,0,0
2738,57,Female,Jewelry,Accessories,76,North Carolina,S,Indigo,Spring,4.4,No,Free Shipping,No,No,35,Cash,Every 3 Months,0,0,4,44.0,0.0,No Promo Use,2660,Platinum,Satisfied,1,44.0,53.5,0,1
2739,50,Female,Sneakers,Footwear,81,Ohio,M,Charcoal,Summer,4.3,No,2-Day Shipping,No,No,39,Venmo,Every 3 Months,0,0,4,48.9,0.0,No Promo Use,3159,Platinum,Satisfied,1,48.9,63.7,0,1
2740,33,Female,Shirt,Clothing,80,Alaska,XL,Blue,Winter,2.5,No,Store Pickup,No,No,39,Credit Card,Every 3 Months,0,0,4,48.9,0.0,No Promo Use,3120,Platinum,Dissatisfied,0,48.9,62.9,0,1
2741,19,Female,Sunglasses,Accessories,70,Pennsylvania,M,Lavender,Summer,4.9,No,Free Shipping,No,No,34,Bank Transfer,Fortnightly,0,0,26,60.0,0.0,No Promo Use,2380,Platinum,Satisfied,1,60.0,47.9,1,1
2742,68,Female,Dress,Clothing,81,Maine,L,Yellow,Fall,4.9,No,2-Day Shipping,No,No,41,Venmo,Monthly,0,0,12,57.6,0.0,No Promo Use,3321,Platinum,Satisfied,1,57.6,67.0,1,1
2743,27,Female,Shoes,Footwear,86,Texas,M,Black,Spring,3.9,No,Free Shipping,No,No,47,Debit Card,Annually,0,0,1,56.3,0.0,No Promo Use,4042,Platinum,Neutral,0,56.3,81.6,1,1
2744,61,Female,Belt,Accessories,94,New Jersey,S,Beige,Fall,4.1,No,2-Day Shipping,No,No,17,Venmo,Quarterly,0,0,4,21.9,0.0,No Promo Use,1598,Gold,Satisfied,1,21.9,32.0,0,1
2745,38,Female,Shirt,Clothing,66,Wyoming,M,Silver,Winter,3.3,No,Store Pickup,No,No,40,Credit Card,Monthly,0,0,12,56.4,0.0,No Promo Use,2640,Platinum,Neutral,0,56.4,53.1,1,1
2746,28,Female,Boots,Footwear,98,Michigan,M,Magenta,Summer,4.1,No,Standard,No,No,44,PayPal,Bi-Weekly,0,0,26,72.3,0.0,No Promo Use,4312,Platinum,Satisfied,1,72.3,87.1,1,1
2747,39,Female,Hoodie,Clothing,25,Ohio,M,Orange,Fall,3.7,No,Standard,No,No,21,PayPal,Every 3 Months,0,0,4,26.8,0.0,No Promo Use,525,Bronze,Neutral,0,26.8,10.2,0,0
2748,18,Female,Jeans,Clothing,62,West Virginia,M,Teal,Winter,3.1,No,Free Shipping,No,No,21,Credit Card,Every 3 Months,0,0,4,26.8,0.0,No Promo Use,1302,Gold,Dissatisfied,0,26.8,26.0,0,0
2749,24,Female,Jacket,Outerwear,98,Virginia,L,Turquoise,Spring,3.0,No,Free Shipping,No,No,16,Venmo,Annually,0,0,1,18.4,0.0,No Promo Use,1568,Gold,Dissatisfied,0,18.4,31.4,0,0
2750,64,Female,Jacket,Outerwear,53,Vermont,M,Cyan,Spring,3.4,No,Standard,No,No,15,Bank Transfer,Annually,0,0,1,17.1,0.0,No Promo Use,795,Silver,Neutral,0,17.1,15.7,0,0
2751,51,Female,Sandals,Footwear,66,Alaska,L,Pink,Spring,2.7,No,2-Day Shipping,No,No,26,PayPal,Every 3 Months,0,0,4,33.0,0.0,No Promo Use,1716,Gold,Dissatisfied,0,33.0,34.4,0,1
2752,27,Female,Dress,Clothing,52,Minnesota,S,Indigo,Fall,3.1,No,Free Shipping,No,No,50,Venmo,Monthly,0,0,12,68.6,0.0,No Promo Use,2600,Platinum,Dissatisfied,0,68.6,52.3,1,1
2753,48,Female,Sweater,Clothing,64,Colorado,S,Peach,Winter,4.0,No,Free Shipping,No,No,30,Venmo,Bi-Weekly,0,0,26,55.1,0.0,No Promo Use,1920,Gold,Neutral,0,55.1,38.5,1,1
2754,69,Female,Gloves,Accessories,59,Rhode Island,M,Beige,Spring,3.6,No,Next Day Air,No,No,48,PayPal,Quarterly,0,0,4,59.9,0.0,No Promo Use,2832,Platinum,Neutral,0,59.9,57.0,1,1
2755,59,Female,Sunglasses,Accessories,61,New Jersey,L,Gold,Summer,3.6,No,Free Shipping,No,No,21,Venmo,Bi-Weekly,0,0,26,44.1,0.0,No Promo Use,1281,Gold,Neutral,0,44.1,25.6,0,0
2756,59,Female,Belt,Accessories,97,Nevada,M,Indigo,Winter,3.3,No,Store Pickup,No,No,18,Credit Card,Annually,0,0,1,20.8,0.0,No Promo Use,1746,Gold,Neutral,0,20.8,35.0,0,1
2757,42,Female,Hat,Accessories,23,Minnesota,L,Violet,Winter,4.1,No,Free Shipping,No,No,41,PayPal,Monthly,0,0,12,57.6,0.0,No Promo Use,943,Silver,Satisfied,1,57.6,18.7,1,0
2758,39,Female,Hat,Accessories,98,Delaware,XL,Brown,Fall,4.3,No,Next Day Air,No,No,11,Venmo,Monthly,0,0,12,20.9,0.0,No Promo Use,1078,Silver,Satisfied,1,20.9,21.4,0,0
2759,32,Female,Blouse,Clothing,98,Illinois,M,Purple,Summer,3.2,No,Standard,No,No,8,Bank Transfer,Bi-Weekly,0,0,26,28.2,0.0,No Promo Use,784,Silver,Dissatisfied,0,28.2,15.5,0,0
2760,68,Female,Shoes,Footwear,59,Washington,M,Turquoise,Summer,3.9,No,Free Shipping,No,No,42,Cash,Every 3 Months,0,0,4,52.6,0.0,No Promo Use,2478,Platinum,Neutral,0,52.6,49.8,0,1
2761,41,Female,Skirt,Clothing,82,Alaska,S,Violet,Fall,5.0,No,Next Day Air,No,No,41,Credit Card,Bi-Weekly,0,0,26,68.6,0.0,No Promo Use,3362,Platinum,Satisfied,1,68.6,67.8,1,1
2762,31,Female,Sneakers,Footwear,82,Michigan,M,Purple,Fall,3.4,No,Next Day Air,No,No,3,Credit Card,Every 3 Months,0,0,4,4.8,0.0,No Promo Use,246,Bronze,Neutral,0,4.8,4.6,0,0
2763,58,Female,T-shirt,Clothing,41,Georgia,M,Charcoal,Fall,3.8,No,Store Pickup,No,No,10,Debit Card,Every 3 Months,0,0,4,13.4,0.0,No Promo Use,410,Bronze,Neutral,0,13.4,7.9,0,0
2764,28,Female,Handbag,Accessories,52,West Virginia,M,Green,Fall,2.9,No,2-Day Shipping,No,No,35,Venmo,Quarterly,0,0,4,44.0,0.0,No Promo Use,1820,Gold,Dissatisfied,0,44.0,36.5,0,1
2765,63,Female,Sweater,Clothing,41,Arizona,XL,White,Spring,2.6,No,Next Day Air,No,No,2,Debit Card,Weekly,0,0,52,41.2,0.0,No Promo Use,82,Bronze,Dissatisfied,0,41.2,1.2,0,0
2766,64,Female,Gloves,Accessories,70,Colorado,M,Purple,Summer,4.3,No,2-Day Shipping,No,No,24,Credit Card,Quarterly,0,0,4,30.5,0.0,No Promo Use,1680,Gold,Satisfied,1,30.5,33.7,0,1
2767,66,Female,Dress,Clothing,91,Tennessee,M,Cyan,Winter,2.8,No,Standard,No,No,47,Credit Card,Monthly,0,0,12,65.0,0.0,No Promo Use,4277,Platinum,Dissatisfied,0,65.0,86.3,1,1
2768,31,Female,Dress,Clothing,95,Iowa,M,Green,Spring,4.5,No,Free Shipping,No,No,31,Cash,Monthly,0,0,12,45.4,0.0,No Promo Use,2945,Platinum,Satisfied,1,45.4,59.3,0,1
2769,55,Female,Blouse,Clothing,25,Kansas,M,Beige,Spring,3.8,No,2-Day Shipping,No,No,28,PayPal,Bi-Weekly,0,0,26,52.7,0.0,No Promo Use,700,Silver,Neutral,0,52.7,13.8,0,0
2770,32,Female,Shirt,Clothing,89,Oklahoma,L,Lavender,Fall,3.0,No,Standard,No,No,13,Cash,Weekly,0,0,52,54.7,0.0,No Promo Use,1157,Silver,Dissatisfied,0,54.7,23.0,0,0
2771,50,Female,Boots,Footwear,44,Nebraska,S,Blue,Fall,3.3,No,Express,No,No,22,Bank Transfer,Quarterly,0,0,4,28.1,0.0,No Promo Use,968,Silver,Neutral,0,28.1,19.2,0,0
2772,58,Female,Jacket,Outerwear,52,Maryland,S,Beige,Summer,3.1,No,2-Day Shipping,No,No,12,Bank Transfer,Fortnightly,0,0,26,33.1,0.0,No Promo Use,624,Silver,Dissatisfied,0,33.1,12.2,0,0
2773,18,Female,Backpack,Accessories,94,Pennsylvania,L,Blue,Spring,3.5,No,Store Pickup,No,No,10,Bank Transfer,Every 3 Months,0,0,4,13.4,0.0,No Promo Use,940,Silver,Neutral,0,13.4,18.6,0,0
2774,39,Female,Pants,Clothing,98,Arizona,S,Maroon,Spring,4.6,No,Express,No,No,45,Bank Transfer,Quarterly,0,0,4,56.2,0.0,No Promo Use,4410,Platinum,Satisfied,1,56.2,89.0,1,1
2775,56,Female,Boots,Footwear,40,Oklahoma,L,Yellow,Fall,4.1,No,Standard,No,No,42,Credit Card,Quarterly,0,0,4,52.6,0.0,No Promo Use,1680,Gold,Satisfied,1,52.6,33.7,0,1
2776,37,Female,Socks,Clothing,25,Montana,L,Red,Fall,3.6,No,Free Shipping,No,No,16,Debit Card,Weekly,0,0,52,58.4,0.0,No Promo Use,400,Bronze,Neutral,0,58.4,7.7,1,0
2777,46,Female,Scarf,Accessories,62,Wyoming,L,Green,Fall,2.9,No,Free Shipping,No,No,6,Bank Transfer,Annually,0,0,1,6.1,0.0,No Promo Use,372,Bronze,Dissatisfied,0,6.1,7.1,0,0
2778,52,Female,Blouse,Clothing,24,Idaho,M,Magenta,Fall,4.8,No,Standard,No,No,28,Credit Card,Every 3 Months,0,0,4,35.4,0.0,No Promo Use,672,Silver,Satisfied,1,35.4,13.2,0,0
2779,70,Female,Belt,Accessories,57,Pennsylvania,L,Yellow,Spring,3.2,No,Standard,No,No,24,Credit Card,Bi-Weekly,0,0,26,47.8,0.0,No Promo Use,1368,Gold,Dissatisfied,0,47.8,27.3,0,0
2780,61,Female,Sunglasses,Accessories,66,Montana,L,Blue,Winter,4.3,No,Express,No,No,14,Credit Card,Fortnightly,0,0,26,35.5,0.0,No Promo Use,924,Silver,Satisfied,1,35.5,18.3,0,0
2781,33,Female,Boots,Footwear,70,Ohio,M,Charcoal,Winter,4.1,No,Next Day Air,No,No,29,PayPal,Fortnightly,0,0,26,53.9,0.0,No Promo Use,2030,Gold,Satisfied,1,53.9,40.8,0,1
2782,65,Female,Sandals,Footwear,39,Mississippi,M,Blue,Spring,4.6,No,Standard,No,No,33,PayPal,Weekly,0,0,52,79.2,0.0,No Promo Use,1287,Gold,Satisfied,1,79.2,25.7,1,0
2783,41,Female,Gloves,Accessories,34,Idaho,S,Cyan,Spring,3.8,No,Free Shipping,No,No,30,PayPal,Annually,0,0,1,35.5,0.0,No Promo Use,1020,Silver,Neutral,0,35.5,20.3,0,0
2784,19,Female,Skirt,Clothing,38,Virginia,M,Silver,Spring,4.5,No,Next Day Air,No,No,26,Credit Card,Quarterly,0,0,4,33.0,0.0,No Promo Use,988,Silver,Satisfied,1,33.0,19.6,0,0
2785,33,Female,Skirt,Clothing,70,Idaho,M,Black,Winter,3.1,No,Express,No,No,12,PayPal,Every 3 Months,0,0,4,15.8,0.0,No Promo Use,840,Silver,Dissatisfied,0,15.8,16.6,0,0
2786,53,Female,Blouse,Clothing,80,Louisiana,S,Green,Summer,2.9,No,Next Day Air,No,No,13,Bank Transfer,Monthly,0,0,12,23.3,0.0,No Promo Use,1040,Silver,Dissatisfied,0,23.3,20.7,0,0
2787,54,Female,Handbag,Accessories,51,Colorado,M,Violet,Spring,3.8,No,Next Day Air,No,No,41,Debit Card,Every 3 Months,0,0,4,51.3,0.0,No Promo Use,2091,Gold,Neutral,0,51.3,42.0,0,1
2788,36,Female,Boots,Footwear,79,West Virginia,XL,Pink,Spring,4.1,No,Next Day Air,No,No,4,Venmo,Fortnightly,0,0,26,23.3,0.0,No Promo Use,316,Bronze,Satisfied,1,23.3,6.0,0,0
2789,56,Female,Boots,Footwear,92,Rhode Island,M,Olive,Summer,3.1,No,Free Shipping,No,No,2,Credit Card,Annually,0,0,1,1.2,0.0,No Promo Use,184,Bronze,Dissatisfied,0,1.2,3.3,0,0
2790,28,Female,Sweater,Clothing,85,North Carolina,L,Orange,Fall,5.0,No,Express,No,No,28,Credit Card,Bi-Weekly,0,0,26,52.7,0.0,No Promo Use,2380,Platinum,Satisfied,1,52.7,47.9,0,1
2791,34,Female,Socks,Clothing,63,Maine,M,Black,Spring,4.5,No,Free Shipping,No,No,24,Debit Card,Annually,0,0,1,28.2,0.0,No Promo Use,1512,Gold,Satisfied,1,28.2,30.2,0,0
2792,43,Female,Gloves,Accessories,60,Iowa,M,Yellow,Fall,2.8,No,Express,No,No,14,Venmo,Fortnightly,0,0,26,35.5,0.0,No Promo Use,840,Silver,Dissatisfied,0,35.5,16.6,0,0
2793,54,Female,Shorts,Clothing,44,Kentucky,L,Violet,Winter,3.2,No,Express,No,No,11,Credit Card,Weekly,0,0,52,52.2,0.0,No Promo Use,484,Bronze,Dissatisfied,0,52.2,9.4,0,0
2794,37,Female,Boots,Footwear,57,Massachusetts,M,Silver,Spring,3.1,No,Standard,No,No,27,Debit Card,Bi-Weekly,0,0,26,51.4,0.0,No Promo Use,1539,Gold,Dissatisfied,0,51.4,30.8,0,0
2795,33,Female,Jacket,Outerwear,24,New York,M,Gold,Fall,3.3,No,Standard,No,No,7,Cash,Fortnightly,0,0,26,27.0,0.0,No Promo Use,168,Bronze,Neutral,0,27.0,3.0,0,0
2796,33,Female,Scarf,Accessories,35,Nebraska,M,Magenta,Winter,3.4,No,Store Pickup,No,No,49,PayPal,Annually,0,0,1,58.8,0.0,No Promo Use,1715,Gold,Neutral,0,58.8,34.4,1,1
2797,55,Female,Jacket,Outerwear,73,Oklahoma,M,Red,Winter,3.8,No,Store Pickup,No,No,21,Cash,Annually,0,0,1,24.5,0.0,No Promo Use,1533,Gold,Neutral,0,24.5,30.7,0,0
2798,63,Female,Jewelry,Accessories,42,Oklahoma,M,Green,Winter,3.5,No,Express,No,No,10,Venmo,Every 3 Months,0,0,4,13.4,0.0,No Promo Use,420,Bronze,Neutral,0,13.4,8.1,0,0
2799,52,Female,Hoodie,Clothing,20,Rhode Island,XL,Red,Winter,4.8,No,Store Pickup,No,No,37,PayPal,Weekly,0,0,52,84.1,0.0,No Promo Use,740,Silver,Satisfied,1,84.1,14.6,1,0
2800,23,Female,T-shirt,Clothing,89,Maine,L,Pink,Spring,3.9,No,Free Shipping,No,No,9,Bank Transfer,Every 3 Months,0,0,4,12.1,0.0,No Promo Use,801,Silver,Neutral,0,12.1,15.8,0,0
2801,70,Female,Shirt,Clothing,76,Arkansas,L,Violet,Fall,3.4,No,Free Shipping,No,No,14,Cash,Bi-Weekly,0,0,26,35.5,0.0,No Promo Use,1064,Silver,Neutral,0,35.5,21.2,0,0
2802,64,Female,Shirt,Clothing,56,New Mexico,M,Indigo,Winter,2.6,No,Express,No,No,30,PayPal,Annually,0,0,1,35.5,0.0,No Promo Use,1680,Gold,Dissatisfied,0,35.5,33.7,0,1
2803,22,Female,Coat,Outerwear,100,Hawaii,L,Red,Fall,3.1,No,Store Pickup,No,No,42,Credit Card,Fortnightly,0,0,26,69.8,0.0,No Promo Use,4200,Platinum,Dissatisfied,0,69.8,84.8,1,1
2804,46,Female,T-shirt,Clothing,44,Idaho,M,Violet,Winter,3.3,No,Free Shipping,No,No,31,Bank Transfer,Monthly,0,0,12,45.4,0.0,No Promo Use,1364,Gold,Neutral,0,45.4,27.2,0,0
2805,65,Female,Hoodie,Clothing,76,South Carolina,M,Cyan,Spring,2.8,No,Standard,No,No,48,Bank Transfer,Every 3 Months,0,0,4,59.9,0.0,No Promo Use,3648,Platinum,Dissatisfied,0,59.9,73.6,1,1
2806,18,Female,Sunglasses,Accessories,97,Nevada,S,Black,Fall,4.3,No,Standard,No,No,48,Cash,Quarterly,0,0,4,59.9,0.0,No Promo Use,4656,Platinum,Satisfied,1,59.9,94.0,1,1
2807,45,Female,Blouse,Clothing,39,South Carolina,L,Purple,Spring,2.7,No,Standard,No,No,50,Credit Card,Annually,0,0,1,60.0,0.0,No Promo Use,1950,Gold,Dissatisfied,0,60.0,39.1,1,1
2808,56,Female,Hoodie,Clothing,100,Maryland,M,Charcoal,Spring,4.4,No,2-Day Shipping,No,No,10,Debit Card,Fortnightly,0,0,26,30.6,0.0,No Promo Use,1000,Silver,Satisfied,1,30.6,19.9,0,0
2809,49,Female,Skirt,Clothing,62,Tennessee,M,Beige,Spring,3.9,No,Free Shipping,No,No,45,PayPal,Every 3 Months,0,0,4,56.2,0.0,No Promo Use,2790,Platinum,Neutral,0,56.2,56.2,1,1
2810,66,Female,Shorts,Clothing,98,Arkansas,XL,Teal,Summer,3.0,No,Standard,No,No,27,Debit Card,Quarterly,0,0,4,34.2,0.0,No Promo Use,2646,Platinum,Dissatisfied,0,34.2,53.3,0,1
2811,27,Female,Jeans,Clothing,31,Arizona,M,Purple,Summer,4.0,No,Standard,No,No,10,Debit Card,Fortnightly,0,0,26,30.6,0.0,No Promo Use,310,Bronze,Neutral,0,30.6,5.9,0,0
2812,69,Female,Jacket,Outerwear,89,Ohio,M,Blue,Fall,3.7,No,Store Pickup,No,No,19,Credit Card,Quarterly,0,0,4,24.4,0.0,No Promo Use,1691,Gold,Neutral,0,24.4,33.9,0,1
2813,66,Female,Hoodie,Clothing,91,North Dakota,XL,Magenta,Fall,3.8,No,Store Pickup,No,No,1,Credit Card,Every 3 Months,0,0,4,2.4,0.0,No Promo Use,91,Bronze,Neutral,0,2.4,1.4,0,0
2814,45,Female,Shirt,Clothing,50,Vermont,S,Maroon,Summer,3.3,No,2-Day Shipping,No,No,39,Debit Card,Quarterly,0,0,4,48.9,0.0,No Promo Use,1950,Gold,Neutral,0,48.9,39.1,0,1
2815,31,Female,T-shirt,Clothing,32,Minnesota,L,Gold,Winter,3.6,No,Standard,No,No,14,Bank Transfer,Monthly,0,0,12,24.5,0.0,No Promo Use,448,Bronze,Neutral,0,24.5,8.7,0,0
2816,33,Female,Blouse,Clothing,67,Idaho,L,Black,Fall,3.9,No,Free Shipping,No,No,40,Venmo,Every 3 Months,0,0,4,50.1,0.0,No Promo Use,2680,Platinum,Neutral,0,50.1,53.9,0,1
2817,43,Female,Skirt,Clothing,28,Maryland,M,Black,Spring,3.5,No,Free Shipping,No,No,45,Venmo,Weekly,0,0,52,93.9,0.0,No Promo Use,1260,Silver,Neutral,0,93.9,25.1,1,0
2818,25,Female,Backpack,Accessories,65,South Carolina,XL,Yellow,Winter,3.4,No,Standard,No,No,6,Venmo,Weekly,0,0,52,46.1,0.0,No Promo Use,390,Bronze,Neutral,0,46.1,7.5,0,0
2819,46,Female,Shorts,Clothing,73,California,M,Turquoise,Fall,4.7,No,Next Day Air,No,No,12,Debit Card,Annually,0,0,1,13.5,0.0,No Promo Use,876,Silver,Satisfied,1,13.5,17.3,0,0
2820,67,Female,Shirt,Clothing,27,Georgia,L,Lavender,Spring,3.0,No,Free Shipping,No,No,19,Cash,Monthly,0,0,12,30.7,0.0,No Promo Use,513,Bronze,Dissatisfied,0,30.7,10.0,0,0
2821,26,Female,Backpack,Accessories,89,Vermont,L,Yellow,Summer,3.9,No,Free Shipping,No,No,5,Cash,Bi-Weekly,0,0,26,24.5,0.0,No Promo Use,445,Bronze,Neutral,0,24.5,8.6,0,0
2822,35,Female,Shoes,Footwear,72,Georgia,L,Olive,Summer,4.5,No,Standard,No,No,37,Venmo,Monthly,0,0,12,52.7,0.0,No Promo Use,2664,Platinum,Satisfied,1,52.7,53.6,0,1
2823,61,Female,Skirt,Clothing,37,New Jersey,S,Brown,Fall,4.1,No,Standard,No,No,33,PayPal,Quarterly,0,0,4,41.5,0.0,No Promo Use,1221,Silver,Satisfied,1,41.5,24.3,0,0
2824,26,Female,Dress,Clothing,63,Utah,M,Olive,Summer,4.5,No,Standard,No,No,47,Debit Card,Bi-Weekly,0,0,26,75.9,0.0,No Promo Use,2961,Platinum,Satisfied,1,75.9,59.6,1,1
2825,39,Female,Hat,Accessories,90,Utah,M,Purple,Fall,4.0,No,Free Shipping,No,No,49,Debit Card,Quarterly,0,0,4,61.1,0.0,No Promo Use,4410,Platinum,Neutral,0,61.1,89.0,1,1
2826,69,Female,Handbag,Accessories,62,North Carolina,M,Yellow,Winter,4.3,No,2-Day Shipping,No,No,28,Bank Transfer,Annually,0,0,1,33.1,0.0,No Promo Use,1736,Gold,Satisfied,1,33.1,34.8,0,1
2827,32,Female,Handbag,Accessories,43,Florida,L,Brown,Fall,3.6,No,Express,No,No,23,Venmo,Annually,0,0,1,26.9,0.0,No Promo Use,989,Silver,Neutral,0,26.9,19.6,0,0
2828,20,Female,Blouse,Clothing,96,Wisconsin,M,Magenta,Fall,3.1,No,Next Day Air,No,No,11,Bank Transfer,Bi-Weekly,0,0,26,31.9,0.0,No Promo Use,1056,Silver,Dissatisfied,0,31.9,21.0,0,0
2829,25,Female,Scarf,Accessories,83,Tennessee,L,Lavender,Fall,2.6,No,Standard,No,No,33,PayPal,Quarterly,0,0,4,41.5,0.0,No Promo Use,2739,Platinum,Dissatisfied,0,41.5,55.1,0,1
2830,56,Female,Jewelry,Accessories,67,Arizona,XL,Teal,Fall,3.4,No,Next Day Air,No,No,47,Cash,Weekly,0,0,52,96.3,0.0,No Promo Use,3149,Platinum,Neutral,0,96.3,63.5,1,1
2831,63,Female,Skirt,Clothing,90,Oregon,L,Cyan,Spring,2.9,No,Store Pickup,No,No,13,Venmo,Every 3 Months,0,0,4,17.0,0.0,No Promo Use,1170,Silver,Dissatisfied,0,17.0,23.3,0,0
2832,34,Female,Hoodie,Clothing,53,Virginia,L,Pink,Winter,5.0,No,Express,No,No,4,Credit Card,Weekly,0,0,52,43.7,0.0,No Promo Use,212,Bronze,Satisfied,1,43.7,3.9,0,0
2833,29,Female,Scarf,Accessories,37,Maryland,M,Magenta,Summer,4.6,No,Standard,No,No,40,PayPal,Quarterly,0,0,4,50.1,0.0,No Promo Use,1480,Gold,Satisfied,1,50.1,29.6,0,0
2834,43,Female,Jeans,Clothing,56,Arkansas,M,Teal,Fall,3.3,No,Free Shipping,No,No,19,Cash,Monthly,0,0,12,30.7,0.0,No Promo Use,1064,Silver,Neutral,0,30.7,21.2,0,0
2835,39,Female,Jacket,Outerwear,43,Texas,M,Indigo,Fall,2.9,No,2-Day Shipping,No,No,17,Credit Card,Weekly,0,0,52,59.6,0.0,No Promo Use,731,Silver,Dissatisfied,0,59.6,14.4,1,0
2836,33,Female,T-shirt,Clothing,84,Vermont,S,Pink,Winter,4.9,No,Free Shipping,No,No,7,Venmo,Annually,0,0,1,7.3,0.0,No Promo Use,588,Bronze,Satisfied,1,7.3,11.5,0,0
2837,51,Female,Pants,Clothing,50,Wyoming,M,Charcoal,Winter,5.0,No,2-Day Shipping,No,No,21,Cash,Bi-Weekly,0,0,26,44.1,0.0,No Promo Use,1050,Silver,Satisfied,1,44.1,20.9,0,0
2838,65,Female,Shoes,Footwear,88,Alabama,M,Brown,Summer,4.5,No,Express,No,No,44,PayPal,Weekly,0,0,52,92.7,0.0,No Promo Use,3872,Platinum,Satisfied,1,92.7,78.1,1,1
2839,51,Female,Jacket,Outerwear,50,Maine,M,Blue,Fall,3.7,No,Free Shipping,No,No,2,Bank Transfer,Weekly,0,0,52,41.2,0.0,No Promo Use,100,Bronze,Neutral,0,41.2,1.6,0,0
2840,70,Female,Scarf,Accessories,80,South Dakota,L,Teal,Summer,2.8,No,Store Pickup,No,No,30,Bank Transfer,Monthly,0,0,12,44.1,0.0,No Promo Use,2400,Platinum,Dissatisfied,0,44.1,48.3,0,1
2841,40,Female,T-shirt,Clothing,47,West Virginia,L,Pink,Spring,3.5,No,Store Pickup,No,No,41,Cash,Annually,0,0,1,49.0,0.0,No Promo Use,1927,Gold,Neutral,0,49.0,38.7,0,1
2842,19,Female,Dress,Clothing,33,Ohio,XL,Magenta,Winter,3.0,No,2-Day Shipping,No,No,31,Cash,Weekly,0,0,52,76.7,0.0,No Promo Use,1023,Silver,Dissatisfied,0,76.7,20.3,1,0
2843,28,Female,Coat,Outerwear,100,Arizona,L,Green,Fall,4.3,No,Standard,No,No,48,Debit Card,Quarterly,0,0,4,59.9,0.0,No Promo Use,4800,Platinum,Satisfied,1,59.9,97.0,1,1
2844,51,Female,Sweater,Clothing,26,Ohio,M,White,Summer,3.6,No,Store Pickup,No,No,41,Venmo,Weekly,0,0,52,89.0,0.0,No Promo Use,1066,Silver,Neutral,0,89.0,21.2,1,0
2845,32,Female,Hat,Accessories,79,New Mexico,M,Indigo,Summer,4.4,No,Standard,No,No,42,Venmo,Annually,0,0,1,50.2,0.0,No Promo Use,3318,Platinum,Satisfied,1,50.2,66.9,0,1
2846,26,Female,Backpack,Accessories,77,South Dakota,L,Lavender,Summer,4.1,No,Express,No,No,39,Debit Card,Every 3 Months,0,0,4,48.9,0.0,No Promo Use,3003,Platinum,Satisfied,1,48.9,60.5,0,1
2847,50,Female,Socks,Clothing,36,Oklahoma,XL,Black,Fall,2.8,No,Next Day Air,No,No,15,PayPal,Bi-Weekly,0,0,26,36.8,0.0,No Promo Use,540,Bronze,Dissatisfied,0,36.8,10.5,0,0
2848,68,Female,Jewelry,Accessories,21,Connecticut,L,Charcoal,Winter,2.8,No,Free Shipping,No,No,3,PayPal,Every 3 Months,0,0,4,4.8,0.0,No Promo Use,63,Bronze,Dissatisfied,0,4.8,0.9,0,0
2849,33,Female,Boots,Footwear,72,Wisconsin,L,Gray,Fall,4.9,No,Store Pickup,No,No,28,Bank Transfer,Quarterly,0,0,4,35.4,0.0,No Promo Use,2016,Gold,Satisfied,1,35.4,40.5,0,1
2850,56,Female,Coat,Outerwear,25,New Hampshire,M,Gold,Spring,4.1,No,Express,No,No,27,PayPal,Bi-Weekly,0,0,26,51.4,0.0,No Promo Use,675,Silver,Satisfied,1,51.4,13.3,0,0
2851,57,Female,Sweater,Clothing,79,Nebraska,M,Silver,Spring,3.0,No,Store Pickup,No,No,36,Debit Card,Annually,0,0,1,42.9,0.0,No Promo Use,2844,Platinum,Dissatisfied,0,42.9,57.3,0,1
2852,58,Female,Blouse,Clothing,73,Nevada,L,Teal,Summer,3.0,No,Store Pickup,No,No,42,Debit Card,Monthly,0,0,12,58.8,0.0,No Promo Use,3066,Platinum,Dissatisfied,0,58.8,61.8,1,1
2853,40,Female,Belt,Accessories,71,New York,M,Magenta,Spring,3.0,No,Store Pickup,No,No,30,Venmo,Weekly,0,0,52,75.5,0.0,No Promo Use,2130,Gold,Dissatisfied,0,75.5,42.8,1,1
2854,37,Female,Hat,Accessories,48,Pennsylvania,M,Magenta,Winter,3.2,No,Next Day Air,No,No,9,PayPal,Weekly,0,0,52,49.8,0.0,No Promo Use,432,Bronze,Dissatisfied,0,49.8,8.3,0,0
2855,36,Female,Sandals,Footwear,28,Delaware,M,Beige,Fall,2.7,No,Store Pickup,No,No,25,Venmo,Monthly,0,0,12,38.0,0.0,No Promo Use,700,Silver,Dissatisfied,0,38.0,13.8,0,0
2856,29,Female,Boots,Footwear,95,Mississippi,S,Maroon,Winter,3.8,No,2-Day Shipping,No,No,33,PayPal,Quarterly,0,0,4,41.5,0.0,No Promo Use,3135,Platinum,Neutral,0,41.5,63.2,0,1
2857,65,Female,Jacket,Outerwear,48,Iowa,M,Indigo,Winter,3.5,No,2-Day Shipping,No,No,31,Credit Card,Monthly,0,0,12,45.4,0.0,No Promo Use,1488,Gold,Neutral,0,45.4,29.8,0,0
2858,44,Female,Dress,Clothing,93,Utah,S,Maroon,Spring,3.8,No,Next Day Air,No,No,35,Debit Card,Monthly,0,0,12,50.3,0.0,No Promo Use,3255,Platinum,Neutral,0,50.3,65.6,0,1
2859,34,Female,Jeans,Clothing,87,Maryland,L,Teal,Summer,3.8,No,2-Day Shipping,No,No,46,Bank Transfer,Monthly,0,0,12,63.7,0.0,No Promo Use,4002,Platinum,Neutral,0,63.7,80.8,1,1
2860,31,Female,Shorts,Clothing,32,Utah,L,Yellow,Fall,3.4,No,Express,No,No,29,Bank Transfer,Annually,0,0,1,34.3,0.0,No Promo Use,928,Silver,Neutral,0,34.3,18.4,0,0
2861,28,Female,Shirt,Clothing,38,Rhode Island,M,Gold,Spring,2.9,No,Next Day Air,No,No,49,Bank Transfer,Weekly,0,0,52,98.8,0.0,No Promo Use,1862,Gold,Dissatisfied,0,98.8,37.4,1,1
2862,66,Female,Coat,Outerwear,54,Maryland,M,Teal,Fall,3.4,No,Free Shipping,No,No,27,Credit Card,Monthly,0,0,12,40.5,0.0,No Promo Use,1458,Gold,Neutral,0,40.5,29.2,0,0
2863,68,Female,Coat,Outerwear,75,Hawaii,S,Violet,Summer,4.7,No,Store Pickup,No,No,5,Bank Transfer,Every 3 Months,0,0,4,7.3,0.0,No Promo Use,375,Bronze,Satisfied,1,7.3,7.2,0,0
2864,37,Female,T-shirt,Clothing,56,Connecticut,M,Yellow,Fall,3.9,No,2-Day Shipping,No,No,18,Venmo,Monthly,0,0,12,29.4,0.0,No Promo Use,1008,Silver,Neutral,0,29.4,20.0,0,0
2865,58,Female,Sweater,Clothing,43,Illinois,S,Maroon,Fall,3.6,No,Store Pickup,No,No,31,Venmo,Weekly,0,0,52,76.7,0.0,No Promo Use,1333,Gold,Neutral,0,76.7,26.6,1,0
2866,28,Female,Skirt,Clothing,97,California,M,Silver,Fall,3.7,No,Free Shipping,No,No,27,Cash,Fortnightly,0,0,26,51.4,0.0,No Promo Use,2619,Platinum,Neutral,0,51.4,52.7,0,1
2867,54,Female,Blouse,Clothing,75,Connecticut,S,Violet,Summer,3.1,No,Free Shipping,No,No,19,Cash,Annually,0,0,1,22.0,0.0,No Promo Use,1425,Gold,Dissatisfied,0,22.0,28.5,0,0
2868,21,Female,Sneakers,Footwear,55,Colorado,L,White,Summer,4.9,No,Next Day Air,No,No,33,Cash,Fortnightly,0,0,26,58.8,0.0,No Promo Use,1815,Gold,Satisfied,1,58.8,36.4,1,1
2869,45,Female,Backpack,Accessories,49,Colorado,M,Black,Winter,2.6,No,Next Day Air,No,No,42,PayPal,Every 3 Months,0,0,4,52.6,0.0,No Promo Use,2058,Gold,Dissatisfied,0,52.6,41.3,0,1
2870,57,Female,Socks,Clothing,58,Georgia,M,White,Summer,4.2,No,Standard,No,No,16,Bank Transfer,Weekly,0,0,52,58.4,0.0,No Promo Use,928,Silver,Satisfied,1,58.4,18.4,1,0
2871,47,Female,Jewelry,Accessories,34,North Dakota,M,Blue,Winter,4.8,No,Free Shipping,No,No,49,Debit Card,Every 3 Months,0,0,4,61.1,0.0,No Promo Use,1666,Gold,Satisfied,1,61.1,33.4,1,1
2872,46,Female,Shorts,Clothing,43,Idaho,S,Black,Summer,2.7,No,2-Day Shipping,No,No,40,Venmo,Bi-Weekly,0,0,26,67.4,0.0,No Promo Use,1720,Gold,Dissatisfied,0,67.4,34.5,1,1
2873,63,Female,Jewelry,Accessories,48,Connecticut,L,Olive,Fall,2.6,No,Next Day Air,No,No,5,Cash,Annually,0,0,1,4.9,0.0,No Promo Use,240,Bronze,Dissatisfied,0,4.9,4.4,0,0
2874,44,Female,Sweater,Clothing,40,Montana,M,Teal,Spring,2.6,No,Free Shipping,No,No,8,Bank Transfer,Monthly,0,0,12,17.2,0.0,No Promo Use,320,Bronze,Dissatisfied,0,17.2,6.1,0,0
2875,36,Female,Shirt,Clothing,29,Colorado,L,Silver,Summer,3.1,No,Standard,No,No,2,Debit Card,Annually,0,0,1,1.2,0.0,No Promo Use,58,Bronze,Dissatisfied,0,1.2,0.8,0,0
2876,24,Female,Pants,Clothing,81,Kentucky,M,Pink,Fall,2.6,No,Free Shipping,No,No,14,Debit Card,Weekly,0,0,52,55.9,0.0,No Promo Use,1134,Silver,Dissatisfied,0,55.9,22.6,1,0
2877,65,Female,Hoodie,Clothing,84,New Mexico,M,Charcoal,Spring,3.4,No,2-Day Shipping,No,No,5,Bank Transfer,Fortnightly,0,0,26,24.5,0.0,No Promo Use,420,Bronze,Neutral,0,24.5,8.1,0,0
2878,32,Female,Socks,Clothing,46,New Jersey,M,Silver,Summer,3.6,No,Standard,No,No,34,Venmo,Monthly,0,0,12,49.0,0.0,No Promo Use,1564,Gold,Neutral,0,49.0,31.3,0,0
2879,63,Female,Dress,Clothing,86,California,L,Turquoise,Summer,4.3,No,Next Day Air,No,No,13,Bank Transfer,Annually,0,0,1,14.7,0.0,No Promo Use,1118,Silver,Satisfied,1,14.7,22.3,0,0
2880,62,Female,Blouse,Clothing,57,North Dakota,XL,Turquoise,Winter,4.9,No,Free Shipping,No,No,31,Venmo,Annually,0,0,1,36.7,0.0,No Promo Use,1767,Gold,Satisfied,1,36.7,35.4,0,1
2881,19,Female,Skirt,Clothing,61,Florida,L,Beige,Winter,4.8,No,Store Pickup,No,No,43,PayPal,Quarterly,0,0,4,53.8,0.0,No Promo Use,2623,Platinum,Satisfied,1,53.8,52.8,0,1
2882,38,Female,Backpack,Accessories,90,Texas,M,Cyan,Winter,4.2,No,Free Shipping,No,No,6,Bank Transfer,Annually,0,0,1,6.1,0.0,No Promo Use,540,Bronze,Satisfied,1,6.1,10.5,0,0
2883,59,Female,Blouse,Clothing,51,Oklahoma,L,Gold,Winter,2.6,No,Store Pickup,No,No,23,Credit Card,Bi-Weekly,0,0,26,46.5,0.0,No Promo Use,1173,Silver,Dissatisfied,0,46.5,23.4,0,0
2884,22,Female,Socks,Clothing,48,Rhode Island,XL,Silver,Spring,3.2,No,Standard,No,No,10,PayPal,Weekly,0,0,52,51.0,0.0,No Promo Use,480,Bronze,Dissatisfied,0,51.0,9.3,0,0
2885,55,Female,Boots,Footwear,50,Arkansas,M,Purple,Summer,3.4,No,2-Day Shipping,No,No,47,Credit Card,Every 3 Months,0,0,4,58.7,0.0,No Promo Use,2350,Platinum,Neutral,0,58.7,47.3,1,1
2886,29,Female,Backpack,Accessories,82,Nevada,M,Yellow,Summer,3.5,No,Next Day Air,No,No,14,Credit Card,Bi-Weekly,0,0,26,35.5,0.0,No Promo Use,1148,Silver,Neutral,0,35.5,22.9,0,0
2887,42,Female,Hat,Accessories,33,Utah,L,Blue,Spring,4.2,No,Free Shipping,No,No,29,PayPal,Weekly,0,0,52,74.3,0.0,No Promo Use,957,Silver,Satisfied,1,74.3,19.0,1,0
2888,23,Female,Sandals,Footwear,28,Kentucky,L,Blue,Winter,2.8,No,Express,No,No,12,Cash,Bi-Weekly,0,0,26,33.1,0.0,No Promo Use,336,Bronze,Dissatisfied,0,33.1,6.4,0,0
2889,70,Female,Hoodie,Clothing,42,Wisconsin,L,Green,Spring,5.0,No,2-Day Shipping,No,No,25,Debit Card,Quarterly,0,0,4,31.7,0.0,No Promo Use,1050,Silver,Satisfied,1,31.7,20.9,0,0
2890,64,Female,Sunglasses,Accessories,43,Minnesota,M,Charcoal,Fall,3.3,No,Store Pickup,No,No,21,Venmo,Annually,0,0,1,24.5,0.0,No Promo Use,903,Silver,Neutral,0,24.5,17.9,0,0
2891,39,Female,Jeans,Clothing,55,North Dakota,M,Violet,Winter,3.7,No,Free Shipping,No,No,23,Credit Card,Monthly,0,0,12,35.6,0.0,No Promo Use,1265,Silver,Neutral,0,35.6,25.2,0,0
2892,47,Female,T-shirt,Clothing,73,Ohio,XL,Black,Winter,2.5,No,Free Shipping,No,No,10,PayPal,Monthly,0,0,12,19.6,0.0,No Promo Use,730,Silver,Dissatisfied,0,19.6,14.4,0,0
2893,22,Female,Dress,Clothing,39,Nevada,M,Teal,Spring,3.2,No,Standard,No,No,47,Credit Card,Monthly,0,0,12,65.0,0.0,No Promo Use,1833,Gold,Dissatisfied,0,65.0,36.8,1,1
2894,69,Female,Belt,Accessories,20,Kentucky,S,Orange,Spring,3.1,No,Free Shipping,No,No,44,Debit Card,Every 3 Months,0,0,4,55.0,0.0,No Promo Use,880,Silver,Dissatisfied,0,55.0,17.4,0,0
2895,35,Female,Jewelry,Accessories,32,Kentucky,S,Brown,Spring,3.5,No,Standard,No,No,41,Venmo,Annually,0,0,1,49.0,0.0,No Promo Use,1312,Gold,Neutral,0,49.0,26.2,0,0
2896,56,Female,Hoodie,Clothing,86,Montana,L,Green,Summer,4.6,No,Standard,No,No,29,Bank Transfer,Monthly,0,0,12,42.9,0.0,No Promo Use,2494,Platinum,Satisfied,1,42.9,50.2,0,1
2897,30,Female,Blouse,Clothing,91,Delaware,M,Silver,Summer,3.3,No,Free Shipping,No,No,2,Venmo,Every 3 Months,0,0,4,3.6,0.0,No Promo Use,182,Bronze,Neutral,0,3.6,3.3,0,0
2898,43,Female,Jacket,Outerwear,59,Montana,L,Violet,Fall,2.5,No,Free Shipping,No,No,2,Cash,Fortnightly,0,0,26,20.8,0.0,No Promo Use,118,Bronze,Dissatisfied,0,20.8,2.0,0,0
2899,23,Female,Sneakers,Footwear,33,New Jersey,XL,Peach,Summer,4.6,No,Express,No,No,29,Credit Card,Annually,0,0,1,34.3,0.0,No Promo Use,957,Silver,Satisfied,1,34.3,19.0,0,0
2900,50,Female,Boots,Footwear,64,Nebraska,M,Gold,Spring,4.2,No,2-Day Shipping,No,No,22,Bank Transfer,Fortnightly,0,0,26,45.3,0.0,No Promo Use,1408,Gold,Satisfied,1,45.3,28.1,0,0
2901,41,Female,Blouse,Clothing,67,Maryland,XL,Violet,Winter,4.0,No,Standard,No,No,23,Cash,Bi-Weekly,0,0,26,46.5,0.0,No Promo Use,1541,Gold,Neutral,0,46.5,30.8,0,0
2902,41,Female,Blouse,Clothing,43,Alabama,L,Olive,Winter,2.6,No,Free Shipping,No,No,46,Credit Card,Quarterly,0,0,4,57.5,0.0,No Promo Use,1978,Gold,Dissatisfied,0,57.5,39.7,1,1
2903,27,Female,Boots,Footwear,32,North Carolina,S,Orange,Spring,4.6,No,Standard,No,No,19,PayPal,Bi-Weekly,0,0,26,41.6,0.0,No Promo Use,608,Bronze,Satisfied,1,41.6,11.9,0,0
2904,38,Female,Scarf,Accessories,39,Delaware,S,Teal,Spring,3.5,No,2-Day Shipping,No,No,24,Credit Card,Every 3 Months,0,0,4,30.5,0.0,No Promo Use,936,Silver,Neutral,0,30.5,18.6,0,0
2905,41,Female,Sandals,Footwear,41,Iowa,M,Gray,Spring,4.0,No,2-Day Shipping,No,No,43,Venmo,Monthly,0,0,12,60.1,0.0,No Promo Use,1763,Gold,Neutral,0,60.1,35.3,1,1
2906,58,Female,Sunglasses,Accessories,53,New York,L,Black,Winter,4.8,No,Standard,No,No,14,Debit Card,Fortnightly,0,0,26,35.5,0.0,No Promo Use,742,Silver,Satisfied,1,35.5,14.6,0,0
2907,58,Female,Coat,Outerwear,27,Virginia,M,Indigo,Spring,3.9,No,Standard,No,No,7,Venmo,Annually,0,0,1,7.3,0.0,No Promo Use,189,Bronze,Neutral,0,7.3,3.4,0,0
2908,19,Female,Sunglasses,Accessories,82,Maryland,XL,Lavender,Summer,3.7,No,Next Day Air,No,No,50,PayPal,Bi-Weekly,0,0,26,79.6,0.0,No Promo Use,4100,Platinum,Neutral,0,79.6,82.8,1,1
2909,43,Female,Blouse,Clothing,87,Texas,M,Beige,Winter,3.1,No,Store Pickup,No,No,15,Debit Card,Every 3 Months,0,0,4,19.5,0.0,No Promo Use,1305,Gold,Dissatisfied,0,19.5,26.0,0,0
2910,27,Female,Backpack,Accessories,78,Louisiana,M,Indigo,Winter,3.0,No,Next Day Air,No,No,40,Credit Card,Every 3 Months,0,0,4,50.1,0.0,No Promo Use,3120,Platinum,Dissatisfied,0,50.1,62.9,0,1
2911,32,Female,Belt,Accessories,32,Mississippi,M,Blue,Summer,2.9,No,Store Pickup,No,No,41,Credit Card,Monthly,0,0,12,57.6,0.0,No Promo Use,1312,Gold,Dissatisfied,0,57.6,26.2,1,0
2912,28,Female,Socks,Clothing,38,Ohio,XL,Orange,Fall,2.9,No,Next Day Air,No,No,34,Venmo,Quarterly,0,0,4,42.8,0.0,No Promo Use,1292,Gold,Dissatisfied,0,42.8,25.8,0,0
2913,48,Female,Shoes,Footwear,37,Oregon,M,Yellow,Winter,4.0,No,Standard,No,No,27,Cash,Bi-Weekly,0,0,26,51.4,0.0,No Promo Use,999,Silver,Neutral,0,51.4,19.8,0,0
2914,43,Female,Coat,Outerwear,83,Wyoming,L,Cyan,Winter,3.5,No,Express,No,No,12,Cash,Every 3 Months,0,0,4,15.8,0.0,No Promo Use,996,Silver,Neutral,0,15.8,19.8,0,0
2915,45,Female,Sweater,Clothing,72,Pennsylvania,M,Yellow,Fall,3.8,No,Express,No,No,1,Debit Card,Bi-Weekly,0,0,26,19.6,0.0,No Promo Use,72,Bronze,Neutral,0,19.6,1.0,0,0
2916,26,Female,Shirt,Clothing,30,Oregon,M,Cyan,Fall,4.5,No,Express,No,No,39,Debit Card,Bi-Weekly,0,0,26,66.1,0.0,No Promo Use,1170,Silver,Satisfied,1,66.1,23.3,1,0
2917,62,Female,Shorts,Clothing,66,Oklahoma,M,Green,Winter,2.7,No,Express,No,No,13,Credit Card,Bi-Weekly,0,0,26,34.3,0.0,No Promo Use,858,Silver,Dissatisfied,0,34.3,17.0,0,0
2918,58,Female,Shirt,Clothing,45,Colorado,XL,White,Winter,2.9,No,Store Pickup,No,No,50,Venmo,Annually,0,0,1,60.0,0.0,No Promo Use,2250,Platinum,Dissatisfied,0,60.0,45.2,1,1
2919,19,Female,Sunglasses,Accessories,73,New York,S,Black,Fall,4.9,No,Free Shipping,No,No,36,Cash,Weekly,0,0,52,82.9,0.0,No Promo Use,2628,Platinum,Satisfied,1,82.9,52.9,1,1
2920,64,Female,Shoes,Footwear,67,Minnesota,L,Charcoal,Winter,3.8,No,Standard,No,No,31,Debit Card,Monthly,0,0,12,45.4,0.0,No Promo Use,2077,Gold,Neutral,0,45.4,41.7,0,1
2921,33,Female,Sunglasses,Accessories,72,Texas,XL,Brown,Spring,4.9,No,Free Shipping,No,No,3,Debit Card,Bi-Weekly,0,0,26,22.1,0.0,No Promo Use,216,Bronze,Satisfied,1,22.1,4.0,0,0
2922,20,Female,Handbag,Accessories,24,Wisconsin,M,Cyan,Fall,4.6,No,Standard,No,No,11,Cash,Fortnightly,0,0,26,31.9,0.0,No Promo Use,264,Bronze,Satisfied,1,31.9,4.9,0,0
2923,45,Female,Sunglasses,Accessories,68,Kentucky,L,Beige,Winter,3.5,No,Express,No,No,16,PayPal,Quarterly,0,0,4,20.7,0.0,No Promo Use,1088,Silver,Neutral,0,20.7,21.6,0,0
2924,28,Female,Shirt,Clothing,70,Pennsylvania,M,Magenta,Spring,4.2,No,2-Day Shipping,No,No,12,Cash,Quarterly,0,0,4,15.8,0.0,No Promo Use,840,Silver,Satisfied,1,15.8,16.6,0,0
2925,47,Female,Shirt,Clothing,64,Rhode Island,L,Indigo,Winter,3.7,No,Free Shipping,No,No,37,Debit Card,Every 3 Months,0,0,4,46.4,0.0,No Promo Use,2368,Platinum,Neutral,0,46.4,47.6,0,1
2926,54,Female,Sweater,Clothing,91,Illinois,M,Maroon,Spring,2.8,No,Store Pickup,No,No,43,Credit Card,Every 3 Months,0,0,4,53.8,0.0,No Promo Use,3913,Platinum,Dissatisfied,0,53.8,79.0,0,1
2927,64,Female,Handbag,Accessories,82,Maryland,M,Gray,Winter,4.8,No,2-Day Shipping,No,No,9,Cash,Weekly,0,0,52,49.8,0.0,No Promo Use,738,Silver,Satisfied,1,49.8,14.5,0,0
2928,45,Female,Shirt,Clothing,24,Missouri,M,Black,Summer,2.7,No,Express,No,No,15,Venmo,Bi-Weekly,0,0,26,36.8,0.0,No Promo Use,360,Bronze,Dissatisfied,0,36.8,6.9,0,0
2929,40,Female,Jewelry,Accessories,80,Alabama,L,Yellow,Spring,3.6,No,Store Pickup,No,No,17,Credit Card,Weekly,0,0,52,59.6,0.0,No Promo Use,1360,Gold,Neutral,0,59.6,27.2,1,0
2930,31,Female,Socks,Clothing,53,Maine,XL,White,Winter,4.5,No,Next Day Air,No,No,42,Venmo,Fortnightly,0,0,26,69.8,0.0,No Promo Use,2226,Platinum,Satisfied,1,69.8,44.7,1,1
2931,38,Female,T-shirt,Clothing,50,Mississippi,M,Orange,Spring,4.0,No,Free Shipping,No,No,14,Venmo,Monthly,0,0,12,24.5,0.0,No Promo Use,700,Silver,Neutral,0,24.5,13.8,0,0
2932,36,Female,Jewelry,Accessories,31,Alabama,M,Magenta,Fall,4.5,No,2-Day Shipping,No,No,49,Credit Card,Bi-Weekly,0,0,26,78.4,0.0,No Promo Use,1519,Gold,Satisfied,1,78.4,30.4,1,0
2933,65,Female,Backpack,Accessories,88,Alaska,L,Black,Spring,3.9,No,Express,No,No,3,PayPal,Quarterly,0,0,4,4.8,0.0,No Promo Use,264,Bronze,Neutral,0,4.8,4.9,0,0
2934,27,Female,Hat,Accessories,52,Illinois,M,Brown,Summer,3.8,No,Standard,No,No,28,Venmo,Monthly,0,0,12,41.7,0.0,No Promo Use,1456,Gold,Neutral,0,41.7,29.1,0,0
2935,38,Female,Gloves,Accessories,22,Idaho,M,Orange,Fall,4.7,No,Next Day Air,No,No,41,Bank Transfer,Quarterly,0,0,4,51.3,0.0,No Promo Use,902,Silver,Satisfied,1,51.3,17.9,0,0
2936,58,Female,Sneakers,Footwear,27,North Carolina,XL,Gray,Spring,4.6,No,Standard,No,No,11,Venmo,Weekly,0,0,52,52.2,0.0,No Promo Use,297,Bronze,Satisfied,1,52.2,5.6,0,0
2937,31,Female,Skirt,Clothing,34,Washington,M,White,Spring,3.6,No,Express,No,No,46,PayPal,Weekly,0,0,52,95.1,0.0,No Promo Use,1564,Gold,Neutral,0,95.1,31.3,1,0
2938,28,Female,Handbag,Accessories,39,West Virginia,M,White,Spring,4.3,No,2-Day Shipping,No,No,15,Credit Card,Weekly,0,0,52,57.1,0.0,No Promo Use,585,Bronze,Satisfied,1,57.1,11.4,1,0
2939,28,Female,Sunglasses,Accessories,53,Maine,M,Violet,Fall,3.0,No,Standard,No,No,15,Cash,Monthly,0,0,12,25.8,0.0,No Promo Use,795,Silver,Dissatisfied,0,25.8,15.7,0,0
2940,32,Female,Sweater,Clothing,46,Kentucky,M,Beige,Winter,4.3,No,Express,No,No,34,Venmo,Weekly,0,0,52,80.4,0.0,No Promo Use,1564,Gold,Satisfied,1,80.4,31.3,1,0
2941,61,Female,Handbag,Accessories,85,Massachusetts,L,Beige,Summer,4.8,No,Next Day Air,No,No,13,Cash,Monthly,0,0,12,23.3,0.0,No Promo Use,1105,Silver,Satisfied,1,23.3,22.0,0,0
2942,38,Female,Skirt,Clothing,86,Pennsylvania,L,Purple,Spring,3.7,No,Free Shipping,No,No,27,PayPal,Monthly,0,0,12,40.5,0.0,No Promo Use,2322,Platinum,Neutral,0,40.5,46.7,0,1
2943,54,Female,Socks,Clothing,63,Hawaii,M,Brown,Summer,2.6,No,Free Shipping,No,No,37,Bank Transfer,Weekly,0,0,52,84.1,0.0,No Promo Use,2331,Platinum,Dissatisfied,0,84.1,46.9,1,1
2944,29,Female,Shirt,Clothing,44,Virginia,M,Orange,Spring,3.4,No,Standard,No,No,37,Credit Card,Monthly,0,0,12,52.7,0.0,No Promo Use,1628,Gold,Neutral,0,52.7,32.6,0,1
2945,50,Female,Sneakers,Footwear,95,New York,XL,Cyan,Summer,3.9,No,Free Shipping,No,No,4,Venmo,Every 3 Months,0,0,4,6.0,0.0,No Promo Use,380,Bronze,Neutral,0,6.0,7.3,0,0
2946,32,Female,Belt,Accessories,49,Delaware,M,Charcoal,Summer,4.8,No,Free Shipping,No,No,1,Credit Card,Every 3 Months,0,0,4,2.4,0.0,No Promo Use,49,Bronze,Satisfied,1,2.4,0.6,0,0
2947,38,Female,Pants,Clothing,77,Hawaii,L,Purple,Spring,2.8,No,Free Shipping,No,No,29,Bank Transfer,Quarterly,0,0,4,36.6,0.0,No Promo Use,2233,Platinum,Dissatisfied,0,36.6,44.9,0,1
2948,52,Female,Jewelry,Accessories,63,Nebraska,L,Peach,Spring,4.4,No,Standard,No,No,50,Venmo,Annually,0,0,1,60.0,0.0,No Promo Use,3150,Platinum,Satisfied,1,60.0,63.5,1,1
2949,61,Female,Pants,Clothing,83,Vermont,M,Violet,Winter,3.1,No,Standard,No,No,38,Debit Card,Bi-Weekly,0,0,26,64.9,0.0,No Promo Use,3154,Platinum,Dissatisfied,0,64.9,63.6,1,1
2950,25,Female,Jewelry,Accessories,93,Iowa,M,Peach,Spring,3.8,No,Store Pickup,No,No,15,PayPal,Annually,0,0,1,17.1,0.0,No Promo Use,1395,Gold,Neutral,0,17.1,27.9,0,0
2951,22,Female,Jeans,Clothing,91,Iowa,S,Maroon,Winter,4.1,No,2-Day Shipping,No,No,44,Debit Card,Every 3 Months,0,0,4,55.0,0.0,No Promo Use,4004,Platinum,Satisfied,1,55.0,80.8,0,1
2952,47,Female,Scarf,Accessories,99,Arkansas,L,Maroon,Fall,4.6,No,Free Shipping,No,No,14,Cash,Weekly,0,0,52,55.9,0.0,No Promo Use,1386,Gold,Satisfied,1,55.9,27.7,1,0
2953,50,Female,Belt,Accessories,24,Alabama,M,Peach,Spring,4.9,No,Next Day Air,No,No,5,Debit Card,Monthly,0,0,12,13.5,0.0,No Promo Use,120,Bronze,Satisfied,1,13.5,2.0,0,0
2954,45,Female,Dress,Clothing,82,Maryland,M,Silver,Summer,4.8,No,Next Day Air,No,No,11,Credit Card,Annually,0,0,1,12.2,0.0,No Promo Use,902,Silver,Satisfied,1,12.2,17.9,0,0
2955,33,Female,T-shirt,Clothing,28,South Dakota,M,Indigo,Winter,3.9,No,Express,No,No,15,Credit Card,Annually,0,0,1,17.1,0.0,No Promo Use,420,Bronze,Neutral,0,17.1,8.1,0,0
2956,42,Female,Boots,Footwear,67,Vermont,M,Silver,Winter,2.6,No,Free Shipping,No,No,46,Credit Card,Annually,0,0,1,55.1,0.0,No Promo Use,3082,Platinum,Dissatisfied,0,55.1,62.1,1,1
2957,52,Female,Dress,Clothing,88,Montana,M,Olive,Fall,3.7,No,Standard,No,No,30,Venmo,Monthly,0,0,12,44.1,0.0,No Promo Use,2640,Platinum,Neutral,0,44.1,53.1,0,1
2958,69,Female,Jewelry,Accessories,70,South Dakota,S,Gray,Fall,4.7,No,Standard,No,No,2,Cash,Annually,0,0,1,1.2,0.0,No Promo Use,140,Bronze,Satisfied,1,1.2,2.4,0,0
2959,55,Female,Skirt,Clothing,100,Ohio,M,Black,Summer,4.5,No,Standard,No,No,28,PayPal,Monthly,0,0,12,41.7,0.0,No Promo Use,2800,Platinum,Satisfied,1,41.7,56.4,0,1
2960,38,Female,Handbag,Accessories,28,Texas,L,Maroon,Summer,4.7,No,Free Shipping,No,No,9,PayPal,Quarterly,0,0,4,12.1,0.0,No Promo Use,252,Bronze,Satisfied,1,12.1,4.7,0,0
2961,57,Female,Coat,Outerwear,48,Indiana,S,Olive,Spring,3.6,No,Standard,No,No,47,Credit Card,Weekly,0,0,52,96.3,0.0,No Promo Use,2256,Platinum,Neutral,0,96.3,45.3,1,1
2962,33,Female,Hoodie,Clothing,43,New Hampshire,S,Gold,Fall,2.8,No,Free Shipping,No,No,21,Debit Card,Bi-Weekly,0,0,26,44.1,0.0,No Promo Use,903,Silver,Dissatisfied,0,44.1,17.9,0,0
2963,57,Female,Pants,Clothing,40,California,L,Pink,Fall,4.0,No,Express,No,No,42,Credit Card,Every 3 Months,0,0,4,52.6,0.0,No Promo Use,1680,Gold,Neutral,0,52.6,33.7,0,1
2964,52,Female,Boots,Footwear,97,Maine,M,Brown,Spring,3.6,No,Free Shipping,No,No,28,Credit Card,Weekly,0,0,52,73.1,0.0,No Promo Use,2716,Platinum,Neutral,0,73.1,54.7,1,1
2965,44,Female,Coat,Outerwear,25,Ohio,S,White,Fall,3.8,No,2-Day Shipping,No,No,13,Venmo,Fortnightly,0,0,26,34.3,0.0,No Promo Use,325,Bronze,Neutral,0,34.3,6.2,0,0
2966,48,Female,Scarf,Accessories,45,Delaware,M,Blue,Summer,4.4,No,Standard,No,No,25,PayPal,Fortnightly,0,0,26,49.0,0.0,No Promo Use,1125,Silver,Satisfied,1,49.0,22.4,0,0
2967,52,Female,Boots,Footwear,49,Oklahoma,L,Orange,Fall,2.8,No,Store Pickup,No,No,38,Debit Card,Every 3 Months,0,0,4,47.7,0.0,No Promo Use,1862,Gold,Dissatisfied,0,47.7,37.4,0,1
2968,34,Female,Sneakers,Footwear,36,Indiana,L,Silver,Summer,3.4,No,Free Shipping,No,No,40,Venmo,Annually,0,0,1,47.8,0.0,No Promo Use,1440,Gold,Neutral,0,47.8,28.8,0,0
2969,26,Female,Sweater,Clothing,48,South Carolina,S,Gray,Fall,4.9,No,Express,No,No,25,Cash,Every 3 Months,0,0,4,31.7,0.0,No Promo Use,1200,Silver,Satisfied,1,31.7,23.9,0,0
2970,36,Female,Belt,Accessories,62,Vermont,S,Blue,Fall,4.3,No,Next Day Air,No,No,20,Cash,Every 3 Months,0,0,4,25.6,0.0,No Promo Use,1240,Silver,Satisfied,1,25.6,24.7,0,0
2971,24,Female,Jewelry,Accessories,74,Kansas,M,White,Winter,3.4,No,Free Shipping,No,No,44,Credit Card,Bi-Weekly,0,0,26,72.3,0.0,No Promo Use,3256,Platinum,Neutral,0,72.3,65.6,1,1
2972,30,Female,Handbag,Accessories,100,Utah,L,Yellow,Fall,3.9,No,Next Day Air,No,No,9,PayPal,Every 3 Months,0,0,4,12.1,0.0,No Promo Use,900,Silver,Neutral,0,12.1,17.8,0,0
2973,31,Female,Jacket,Outerwear,39,New York,S,Indigo,Fall,4.2,No,Free Shipping,No,No,11,Venmo,Every 3 Months,0,0,4,14.6,0.0,No Promo Use,429,Bronze,Satisfied,1,14.6,8.3,0,0
2974,25,Female,Boots,Footwear,65,Indiana,M,Blue,Summer,2.7,No,Store Pickup,No,No,3,Bank Transfer,Fortnightly,0,0,26,22.1,0.0,No Promo Use,195,Bronze,Dissatisfied,0,22.1,3.5,0,0
2975,57,Female,Sneakers,Footwear,99,Tennessee,XL,Peach,Summer,4.1,No,Store Pickup,No,No,34,Credit Card,Weekly,0,0,52,80.4,0.0,No Promo Use,3366,Platinum,Satisfied,1,80.4,67.9,1,1
2976,61,Female,Scarf,Accessories,68,Georgia,XL,Lavender,Winter,4.5,No,2-Day Shipping,No,No,48,Cash,Every 3 Months,0,0,4,59.9,0.0,No Promo Use,3264,Platinum,Satisfied,1,59.9,65.8,1,1
2977,30,Female,Coat,Outerwear,97,Nebraska,M,Silver,Summer,2.8,No,Express,No,No,28,Cash,Fortnightly,0,0,26,52.7,0.0,No Promo Use,2716,Platinum,Dissatisfied,0,52.7,54.7,0,1
2978,38,Female,Shorts,Clothing,47,Washington,L,Gold,Winter,3.4,No,Standard,No,No,20,Venmo,Annually,0,0,1,23.3,0.0,No Promo Use,940,Silver,Neutral,0,23.3,18.6,0,0
2979,53,Female,Shorts,Clothing,56,Idaho,S,Cyan,Spring,3.9,No,Free Shipping,No,No,49,Bank Transfer,Fortnightly,0,0,26,78.4,0.0,No Promo Use,2744,Platinum,Neutral,0,78.4,55.2,1,1
2980,31,Female,Jeans,Clothing,91,Louisiana,L,Olive,Fall,2.6,No,Next Day Air,No,No,14,PayPal,Weekly,0,0,52,55.9,0.0,No Promo Use,1274,Silver,Dissatisfied,0,55.9,25.4,1,0
2981,70,Female,Gloves,Accessories,93,New Jersey,L,Teal,Fall,4.4,No,2-Day Shipping,No,No,9,Bank Transfer,Monthly,0,0,12,18.4,0.0,No Promo Use,837,Silver,Satisfied,1,18.4,16.6,0,0
2982,21,Female,Pants,Clothing,36,Delaware,L,Pink,Winter,4.9,No,Standard,No,No,37,Venmo,Annually,0,0,1,44.1,0.0,No Promo Use,1332,Gold,Satisfied,1,44.1,26.6,0,0
2983,33,Female,Dress,Clothing,45,Wisconsin,M,Orange,Summer,3.6,No,Store Pickup,No,No,4,Credit Card,Weekly,0,0,52,43.7,0.0,No Promo Use,180,Bronze,Neutral,0,43.7,3.2,0,0
2984,60,Female,Pants,Clothing,44,West Virginia,M,Charcoal,Winter,2.8,No,2-Day Shipping,No,No,1,Credit Card,Quarterly,0,0,4,2.4,0.0,No Promo Use,44,Bronze,Dissatisfied,0,2.4,0.5,0,0
2985,45,Female,Gloves,Accessories,32,Texas,L,Red,Spring,4.3,No,2-Day Shipping,No,No,36,Debit Card,Bi-Weekly,0,0,26,62.5,0.0,No Promo Use,1152,Silver,Satisfied,1,62.5,22.9,1,0
2986,46,Female,Belt,Accessories,36,Hawaii,S,Teal,Summer,3.0,No,Express,No,No,21,Cash,Bi-Weekly,0,0,26,44.1,0.0,No Promo Use,756,Silver,Dissatisfied,0,44.1,14.9,0,0
2987,62,Female,Belt,Accessories,85,Arizona,S,Silver,Summer,3.3,No,2-Day Shipping,No,No,16,Credit Card,Monthly,0,0,12,27.0,0.0,No Promo Use,1360,Gold,Neutral,0,27.0,27.2,0,0
2988,63,Female,Skirt,Clothing,36,Louisiana,L,Black,Winter,2.5,No,Store Pickup,No,No,42,Cash,Monthly,0,0,12,58.8,0.0,No Promo Use,1512,Gold,Dissatisfied,0,58.8,30.2,1,0
2989,69,Female,Socks,Clothing,55,Nevada,S,Pink,Spring,5.0,No,2-Day Shipping,No,No,31,Debit Card,Monthly,0,0,12,45.4,0.0,No Promo Use,1705,Gold,Satisfied,1,45.4,34.2,0,1
2990,46,Female,Belt,Accessories,20,Rhode Island,XL,Teal,Summer,4.3,No,2-Day Shipping,No,No,6,Credit Card,Weekly,0,0,52,46.1,0.0,No Promo Use,120,Bronze,Satisfied,1,46.1,2.0,0,0
2991,69,Female,Shirt,Clothing,91,Illinois,M,Teal,Fall,4.2,No,Free Shipping,No,No,24,Venmo,Monthly,0,0,12,36.8,0.0,No Promo Use,2184,Gold,Satisfied,1,36.8,43.9,0,1
2992,66,Female,Dress,Clothing,71,Utah,L,Green,Summer,3.9,No,Standard,No,No,7,PayPal,Bi-Weekly,0,0,26,27.0,0.0,No Promo Use,497,Bronze,Neutral,0,27.0,9.7,0,0
2993,41,Female,Socks,Clothing,64,North Dakota,M,Charcoal,Spring,3.9,No,Store Pickup,No,No,25,Venmo,Weekly,0,0,52,69.4,0.0,No Promo Use,1600,Gold,Neutral,0,69.4,32.0,1,1
2994,32,Female,Jacket,Outerwear,21,Kansas,L,Indigo,Spring,4.2,No,Free Shipping,No,No,18,Cash,Bi-Weekly,0,0,26,40.4,0.0,No Promo Use,378,Bronze,Satisfied,1,40.4,7.2,0,0
2995,69,Female,Sweater,Clothing,100,Nevada,S,White,Winter,3.5,No,Store Pickup,No,No,14,Bank Transfer,Quarterly,0,0,4,18.3,0.0,No Promo Use,1400,Gold,Neutral,0,18.3,28.0,0,0
2996,29,Female,Jeans,Clothing,96,Virginia,M,Orange,Summer,2.5,No,Standard,No,No,42,Debit Card,Bi-Weekly,0,0,26,69.8,0.0,No Promo Use,4032,Platinum,Dissatisfied,0,69.8,81.4,1,1
2997,70,Female,Jewelry,Accessories,91,Utah,M,White,Spring,2.9,No,Express,No,No,6,Venmo,Every 3 Months,0,0,4,8.5,0.0,No Promo Use,546,Bronze,Dissatisfied,0,8.5,10.7,0,0
2998,41,Female,Sweater,Clothing,40,Idaho,S,Yellow,Spring,2.7,No,Next Day Air,No,No,14,Venmo,Every 3 Months,0,0,4,18.3,0.0,No Promo Use,560,Bronze,Dissatisfied,0,18.3,10.9,0,0
2999,31,Female,Hoodie,Clothing,53,Alaska,M,Red,Summer,4.7,No,Express,No,No,30,Debit Card,Quarterly,0,0,4,37.9,0.0,No Promo Use,1590,Gold,Satisfied,1,37.9,31.8,0,1
3000,31,Female,Sunglasses,Accessories,48,New Hampshire,S,Charcoal,Winter,3.8,No,Standard,No,No,10,Cash,Monthly,0,0,12,19.6,0.0,No Promo Use,480,Bronze,Neutral,0,19.6,9.3,0,0
3001,57,Female,Sandals,Footwear,70,Ohio,M,Lavender,Winter,3.7,No,Express,No,No,7,PayPal,Weekly,0,0,52,47.3,0.0,No Promo Use,490,Bronze,Neutral,0,47.3,9.5,0,0
3002,29,Female,Coat,Outerwear,29,Montana,L,Charcoal,Summer,4.7,No,Express,No,No,28,Credit Card,Quarterly,0,0,4,35.4,0.0,No Promo Use,812,Silver,Satisfied,1,35.4,16.0,0,0
3003,70,Female,Belt,Accessories,29,Louisiana,M,Maroon,Fall,3.6,No,Next Day Air,No,No,19,Bank Transfer,Quarterly,0,0,4,24.4,0.0,No Promo Use,551,Bronze,Neutral,0,24.4,10.8,0,0
3004,51,Female,Blouse,Clothing,53,Oregon,M,Brown,Fall,2.8,No,Express,No,No,13,Credit Card,Every 3 Months,0,0,4,17.0,0.0,No Promo Use,689,Silver,Dissatisfied,0,17.0,13.6,0,0
3005,45,Female,Skirt,Clothing,79,Arizona,M,Lavender,Winter,3.7,No,Store Pickup,No,No,23,Venmo,Fortnightly,0,0,26,46.5,0.0,No Promo Use,1817,Gold,Neutral,0,46.5,36.4,0,1
3006,18,Female,Shorts,Clothing,65,Alaska,XL,Brown,Spring,3.5,No,Express,No,No,5,Venmo,Weekly,0,0,52,44.9,0.0,No Promo Use,325,Bronze,Neutral,0,44.9,6.2,0,0
3007,37,Female,Dress,Clothing,99,Utah,M,Olive,Summer,3.7,No,Store Pickup,No,No,17,Venmo,Bi-Weekly,0,0,26,39.2,0.0,No Promo Use,1683,Gold,Neutral,0,39.2,33.7,0,1
3008,23,Female,Sunglasses,Accessories,60,New York,L,Lavender,Winter,3.0,No,Next Day Air,No,No,31,Venmo,Weekly,0,0,52,76.7,0.0,No Promo Use,1860,Gold,Dissatisfied,0,76.7,37.3,1,1
3009,39,Female,Shoes,Footwear,86,New Mexico,M,Gold,Winter,4.9,No,Free Shipping,No,No,19,PayPal,Weekly,0,0,52,62.0,0.0,No Promo Use,1634,Gold,Satisfied,1,62.0,32.7,1,1
3010,62,Female,Belt,Accessories,73,Louisiana,M,Silver,Winter,4.6,No,Free Shipping,No,No,8,Venmo,Fortnightly,0,0,26,28.2,0.0,No Promo Use,584,Bronze,Satisfied,1,28.2,11.4,0,0
3011,70,Female,Belt,Accessories,45,Ohio,M,Violet,Winter,3.3,No,Free Shipping,No,No,15,Credit Card,Annually,0,0,1,17.1,0.0,No Promo Use,675,Silver,Neutral,0,17.1,13.3,0,0
3012,20,Female,Belt,Accessories,70,Nevada,S,Brown,Summer,3.0,No,Next Day Air,No,No,18,Credit Card,Every 3 Months,0,0,4,23.2,0.0,No Promo Use,1260,Silver,Dissatisfied,0,23.2,25.1,0,0
3013,42,Female,Belt,Accessories,65,Idaho,M,Teal,Fall,3.5,No,Standard,No,No,16,PayPal,Annually,0,0,1,18.4,0.0,No Promo Use,1040,Silver,Neutral,0,18.4,20.7,0,0
3014,41,Female,Skirt,Clothing,55,Arizona,L,Peach,Summer,4.2,No,Store Pickup,No,No,13,Cash,Monthly,0,0,12,23.3,0.0,No Promo Use,715,Silver,Satisfied,1,23.3,14.1,0,0
3015,24,Female,T-shirt,Clothing,65,Utah,M,Maroon,Spring,4.5,No,Express,No,No,38,PayPal,Every 3 Months,0,0,4,47.7,0.0,No Promo Use,2470,Platinum,Satisfied,1,47.7,49.7,0,1
3016,37,Female,Scarf,Accessories,21,Wyoming,XL,Lavender,Spring,2.8,No,Express,No,No,27,Bank Transfer,Bi-Weekly,0,0,26,51.4,0.0,No Promo Use,567,Bronze,Dissatisfied,0,51.4,11.1,0,0
3017,30,Female,Blouse,Clothing,26,Indiana,L,Lavender,Summer,4.9,No,Store Pickup,No,No,31,Bank Transfer,Quarterly,0,0,4,39.1,0.0,No Promo Use,806,Silver,Satisfied,1,39.1,15.9,0,0
3018,58,Female,Sunglasses,Accessories,71,Wisconsin,S,Purple,Summer,3.3,No,Next Day Air,No,No,24,Cash,Bi-Weekly,0,0,26,47.8,0.0,No Promo Use,1704,Gold,Neutral,0,47.8,34.1,0,1
3019,43,Female,Boots,Footwear,41,Texas,M,Green,Summer,3.0,No,Free Shipping,No,No,21,Debit Card,Bi-Weekly,0,0,26,44.1,0.0,No Promo Use,861,Silver,Dissatisfied,0,44.1,17.0,0,0
3020,19,Female,Jacket,Outerwear,44,Utah,M,Yellow,Winter,3.9,No,2-Day Shipping,No,No,15,PayPal,Annually,0,0,1,17.1,0.0,No Promo Use,660,Silver,Neutral,0,17.1,13.0,0,0
3021,23,Female,Jeans,Clothing,81,Arkansas,S,Charcoal,Fall,2.8,No,Store Pickup,No,No,48,Venmo,Every 3 Months,0,0,4,59.9,0.0,No Promo Use,3888,Platinum,Dissatisfied,0,59.9,78.5,1,1
3022,65,Female,Sunglasses,Accessories,77,Pennsylvania,S,Blue,Summer,4.5,No,2-Day Shipping,No,No,47,Cash,Quarterly,0,0,4,58.7,0.0,No Promo Use,3619,Platinum,Satisfied,1,58.7,73.0,1,1
3023,58,Female,Sandals,Footwear,26,Georgia,M,Lavender,Fall,4.0,No,Free Shipping,No,No,23,PayPal,Weekly,0,0,52,66.9,0.0,No Promo Use,598,Bronze,Neutral,0,66.9,11.7,1,0
3024,50,Female,Backpack,Accessories,31,Indiana,M,Brown,Summer,2.9,No,Express,No,No,4,PayPal,Quarterly,0,0,4,6.0,0.0,No Promo Use,124,Bronze,Dissatisfied,0,6.0,2.1,0,0
3025,67,Female,Blouse,Clothing,82,Idaho,S,White,Spring,4.0,No,Free Shipping,No,No,47,Credit Card,Every 3 Months,0,0,4,58.7,0.0,No Promo Use,3854,Platinum,Neutral,0,58.7,77.8,1,1
3026,40,Female,Shoes,Footwear,60,Montana,XL,Green,Summer,3.4,No,Store Pickup,No,No,7,PayPal,Monthly,0,0,12,16.0,0.0,No Promo Use,420,Bronze,Neutral,0,16.0,8.1,0,0
3027,55,Female,Shirt,Clothing,70,Tennessee,L,Magenta,Fall,2.5,No,Free Shipping,No,No,6,Credit Card,Annually,0,0,1,6.1,0.0,No Promo Use,420,Bronze,Dissatisfied,0,6.1,8.1,0,0
3028,52,Female,Hoodie,Clothing,26,West Virginia,XL,Peach,Winter,2.8,No,2-Day Shipping,No,No,47,Credit Card,Quarterly,0,0,4,58.7,0.0,No Promo Use,1222,Silver,Dissatisfied,0,58.7,24.4,1,0
3029,62,Female,Dress,Clothing,100,California,L,Charcoal,Summer,3.0,No,Free Shipping,No,No,7,PayPal,Every 3 Months,0,0,4,9.7,0.0,No Promo Use,700,Silver,Dissatisfied,0,9.7,13.8,0,0
3030,64,Female,Dress,Clothing,82,Georgia,M,Gold,Summer,3.1,No,Free Shipping,No,No,1,Debit Card,Quarterly,0,0,4,2.4,0.0,No Promo Use,82,Bronze,Dissatisfied,0,2.4,1.2,0,0
3031,43,Female,Sneakers,Footwear,24,Maryland,XL,Purple,Spring,2.6,No,2-Day Shipping,No,No,23,Credit Card,Weekly,0,0,52,66.9,0.0,No Promo Use,552,Bronze,Dissatisfied,0,66.9,10.8,1,0
3032,61,Female,Blouse,Clothing,74,Idaho,L,Teal,Summer,4.9,No,2-Day Shipping,No,No,30,Credit Card,Monthly,0,0,12,44.1,0.0,No Promo Use,2220,Platinum,Satisfied,1,44.1,44.6,0,1
3033,26,Female,Backpack,Accessories,58,California,XL,Green,Summer,3.5,No,Next Day Air,No,No,24,Credit Card,Quarterly,0,0,4,30.5,0.0,No Promo Use,1392,Gold,Neutral,0,30.5,27.8,0,0
3034,22,Female,Sweater,Clothing,56,Alabama,L,Orange,Spring,2.6,No,Store Pickup,No,No,9,PayPal,Weekly,0,0,52,49.8,0.0,No Promo Use,504,Bronze,Dissatisfied,0,49.8,9.8,0,0
3035,51,Female,Boots,Footwear,37,Utah,L,Peach,Spring,3.5,No,2-Day Shipping,No,No,25,Credit Card,Quarterly,0,0,4,31.7,0.0,No Promo Use,925,Silver,Neutral,0,31.7,18.3,0,0
3036,69,Female,Handbag,Accessories,64,Kentucky,M,Gold,Spring,4.5,No,Free Shipping,No,No,18,Cash,Bi-Weekly,0,0,26,40.4,0.0,No Promo Use,1152,Silver,Satisfied,1,40.4,22.9,0,0
3037,50,Female,Hoodie,Clothing,58,Vermont,S,Violet,Spring,4.3,No,Next Day Air,No,No,7,Venmo,Fortnightly,0,0,26,27.0,0.0,No Promo Use,406,Bronze,Satisfied,1,27.0,7.8,0,0
3038,51,Female,Belt,Accessories,44,Iowa,L,Charcoal,Summer,4.8,No,Next Day Air,No,No,2,Cash,Annually,0,0,1,1.2,0.0,No Promo Use,88,Bronze,Satisfied,1,1.2,1.4,0,0
3039,56,Female,Jewelry,Accessories,39,Georgia,M,Brown,Summer,4.2,No,Free Shipping,No,No,36,Debit Card,Annually,0,0,1,42.9,0.0,No Promo Use,1404,Gold,Satisfied,1,42.9,28.1,0,0
3040,59,Female,Blouse,Clothing,48,Alabama,L,Blue,Spring,3.2,No,Next Day Air,No,No,31,PayPal,Bi-Weekly,0,0,26,56.3,0.0,No Promo Use,1488,Gold,Dissatisfied,0,56.3,29.8,1,0
3041,18,Female,Handbag,Accessories,32,Nebraska,M,Gold,Fall,4.1,No,Express,No,No,10,Cash,Fortnightly,0,0,26,30.6,0.0,No Promo Use,320,Bronze,Satisfied,1,30.6,6.1,0,0
3042,48,Female,Handbag,Accessories,79,Rhode Island,M,Orange,Winter,4.0,No,Express,No,No,27,PayPal,Monthly,0,0,12,40.5,0.0,No Promo Use,2133,Gold,Neutral,0,40.5,42.8,0,1
3043,53,Female,Coat,Outerwear,27,South Dakota,L,Turquoise,Winter,2.9,No,Next Day Air,No,No,14,PayPal,Every 3 Months,0,0,4,18.3,0.0,No Promo Use,378,Bronze,Dissatisfied,0,18.3,7.2,0,0
3044,45,Female,Belt,Accessories,98,Illinois,S,Peach,Fall,2.6,No,Store Pickup,No,No,17,Credit Card,Monthly,0,0,12,28.2,0.0,No Promo Use,1666,Gold,Dissatisfied,0,28.2,33.4,0,1
3045,21,Female,Boots,Footwear,67,North Carolina,M,Magenta,Winter,2.7,No,Free Shipping,No,No,10,Bank Transfer,Quarterly,0,0,4,13.4,0.0,No Promo Use,670,Silver,Dissatisfied,0,13.4,13.2,0,0
3046,42,Female,Socks,Clothing,37,Florida,L,Black,Winter,4.6,No,2-Day Shipping,No,No,4,PayPal,Bi-Weekly,0,0,26,23.3,0.0,No Promo Use,148,Bronze,Satisfied,1,23.3,2.6,0,0
3047,60,Female,Shoes,Footwear,49,Pennsylvania,M,White,Spring,3.2,No,Store Pickup,No,No,25,Cash,Every 3 Months,0,0,4,31.7,0.0,No Promo Use,1225,Silver,Dissatisfied,0,31.7,24.4,0,0
3048,21,Female,Sneakers,Footwear,74,Vermont,M,Violet,Fall,4.1,No,2-Day Shipping,No,No,3,PayPal,Bi-Weekly,0,0,26,22.1,0.0,No Promo Use,222,Bronze,Satisfied,1,22.1,4.1,0,0
3049,69,Female,Jewelry,Accessories,93,Colorado,M,Olive,Summer,3.9,No,Standard,No,No,47,Venmo,Fortnightly,0,0,26,75.9,0.0,No Promo Use,4371,Platinum,Neutral,0,75.9,88.3,1,1
3050,40,Female,Handbag,Accessories,60,Utah,L,Red,Summer,3.0,No,Next Day Air,No,No,41,Bank Transfer,Bi-Weekly,0,0,26,68.6,0.0,No Promo Use,2460,Platinum,Dissatisfied,0,68.6,49.5,1,1
3051,31,Female,Coat,Outerwear,76,Kentucky,S,Green,Spring,3.6,No,Standard,No,No,28,Venmo,Every 3 Months,0,0,4,35.4,0.0,No Promo Use,2128,Gold,Neutral,0,35.4,42.7,0,1
3052,44,Female,Sunglasses,Accessories,64,Wyoming,L,Gold,Summer,4.6,No,Express,No,No,49,Debit Card,Every 3 Months,0,0,4,61.1,0.0,No Promo Use,3136,Platinum,Satisfied,1,61.1,63.2,1,1
3053,48,Female,Shoes,Footwear,38,Maine,XL,Olive,Spring,4.5,No,Store Pickup,No,No,7,Bank Transfer,Fortnightly,0,0,26,27.0,0.0,No Promo Use,266,Bronze,Satisfied,1,27.0,5.0,0,0
3054,32,Female,Shoes,Footwear,91,Maine,L,Brown,Winter,3.2,No,Next Day Air,No,No,22,Bank Transfer,Monthly,0,0,12,34.3,0.0,No Promo Use,2002,Gold,Dissatisfied,0,34.3,40.2,0,1
3055,42,Female,Boots,Footwear,70,New Hampshire,S,Magenta,Summer,4.9,No,2-Day Shipping,No,No,34,Venmo,Monthly,0,0,12,49.0,0.0,No Promo Use,2380,Platinum,Satisfied,1,49.0,47.9,0,1
3056,27,Female,Sandals,Footwear,22,Kansas,M,Violet,Fall,5.0,No,Standard,No,No,5,Debit Card,Bi-Weekly,0,0,26,24.5,0.0,No Promo Use,110,Bronze,Satisfied,1,24.5,1.8,0,0
3057,69,Female,Gloves,Accessories,59,New Jersey,M,Beige,Spring,3.8,No,Standard,No,No,15,Cash,Bi-Weekly,0,0,26,36.8,0.0,No Promo Use,885,Silver,Neutral,0,36.8,17.5,0,0
3058,67,Female,Backpack,Accessories,22,North Carolina,M,Blue,Spring,3.4,No,Next Day Air,No,No,26,Bank Transfer,Weekly,0,0,52,70.6,0.0,No Promo Use,572,Bronze,Neutral,0,70.6,11.2,1,0
3059,41,Female,Handbag,Accessories,74,West Virginia,S,Orange,Winter,3.8,No,Store Pickup,No,No,3,Bank Transfer,Fortnightly,0,0,26,22.1,0.0,No Promo Use,222,Bronze,Neutral,0,22.1,4.1,0,0
3060,46,Female,Sweater,Clothing,71,Kentucky,L,Maroon,Spring,3.2,No,Express,No,No,42,Credit Card,Quarterly,0,0,4,52.6,0.0,No Promo Use,2982,Platinum,Dissatisfied,0,52.6,60.1,0,1
3061,47,Female,Coat,Outerwear,80,California,S,Charcoal,Summer,4.7,No,Store Pickup,No,No,1,Venmo,Monthly,0,0,12,8.6,0.0,No Promo Use,80,Bronze,Satisfied,1,8.6,1.2,0,0
3062,33,Female,T-shirt,Clothing,59,South Dakota,L,Olive,Fall,4.5,No,Express,No,No,20,PayPal,Every 3 Months,0,0,4,25.6,0.0,No Promo Use,1180,Silver,Satisfied,1,25.6,23.5,0,0
3063,51,Female,Backpack,Accessories,96,California,L,Green,Fall,3.3,No,Standard,No,No,39,PayPal,Monthly,0,0,12,55.2,0.0,No Promo Use,3744,Platinum,Neutral,0,55.2,75.5,1,1
3064,26,Female,Sunglasses,Accessories,43,Connecticut,L,Brown,Winter,3.9,No,Store Pickup,No,No,24,Credit Card,Fortnightly,0,0,26,47.8,0.0,No Promo Use,1032,Silver,Neutral,0,47.8,20.5,0,0
3065,22,Female,Belt,Accessories,76,Idaho,S,Cyan,Winter,3.6,No,Express,No,No,49,Bank Transfer,Quarterly,0,0,4,61.1,0.0,No Promo Use,3724,Platinum,Neutral,0,61.1,75.1,1,1
3066,49,Female,Jacket,Outerwear,59,North Dakota,M,Beige,Fall,2.8,No,Store Pickup,No,No,7,Venmo,Bi-Weekly,0,0,26,27.0,0.0,No Promo Use,413,Bronze,Dissatisfied,0,27.0,8.0,0,0
3067,58,Female,Skirt,Clothing,48,Michigan,L,Teal,Summer,4.3,No,Free Shipping,No,No,13,Venmo,Every 3 Months,0,0,4,17.0,0.0,No Promo Use,624,Silver,Satisfied,1,17.0,12.2,0,0
3068,70,Female,Belt,Accessories,22,Missouri,S,Gray,Spring,3.5,No,Free Shipping,No,No,2,Cash,Weekly,0,0,52,41.2,0.0,No Promo Use,44,Bronze,Neutral,0,41.2,0.5,0,0
3069,32,Female,Boots,Footwear,40,California,M,Indigo,Winter,4.2,No,Express,No,No,4,Debit Card,Weekly,0,0,52,43.7,0.0,No Promo Use,160,Bronze,Satisfied,1,43.7,2.8,0,0
3070,62,Female,Jeans,Clothing,73,Delaware,L,Magenta,Spring,4.6,No,Express,No,No,17,Debit Card,Quarterly,0,0,4,21.9,0.0,No Promo Use,1241,Silver,Satisfied,1,21.9,24.8,0,0
3071,52,Female,Shoes,Footwear,26,Alabama,XL,Red,Fall,2.6,No,Free Shipping,No,No,43,PayPal,Bi-Weekly,0,0,26,71.0,0.0,No Promo Use,1118,Silver,Dissatisfied,0,71.0,22.3,1,0
3072,23,Female,Sweater,Clothing,41,New Hampshire,L,Turquoise,Spring,3.4,No,Next Day Air,No,No,6,PayPal,Monthly,0,0,12,14.7,0.0,No Promo Use,246,Bronze,Neutral,0,14.7,4.6,0,0
3073,26,Female,Jewelry,Accessories,98,New York,L,Peach,Spring,3.1,No,Standard,No,No,46,PayPal,Quarterly,0,0,4,57.5,0.0,No Promo Use,4508,Platinum,Dissatisfied,0,57.5,91.0,1,1
3074,58,Female,Shirt,Clothing,63,Oregon,L,White,Winter,3.6,No,Free Shipping,No,No,7,Debit Card,Bi-Weekly,0,0,26,27.0,0.0,No Promo Use,441,Bronze,Neutral,0,27.0,8.5,0,0
3075,26,Female,Boots,Footwear,55,Massachusetts,L,Maroon,Winter,4.2,No,Next Day Air,No,No,34,Debit Card,Fortnightly,0,0,26,60.0,0.0,No Promo Use,1870,Gold,Satisfied,1,60.0,37.5,1,1
3076,54,Female,Shorts,Clothing,90,Utah,XL,Beige,Winter,3.6,No,Standard,No,No,21,PayPal,Every 3 Months,0,0,4,26.8,0.0,No Promo Use,1890,Gold,Neutral,0,26.8,37.9,0,1
3077,66,Female,Handbag,Accessories,46,New Hampshire,M,Blue,Summer,3.6,No,Express,No,No,13,Venmo,Bi-Weekly,0,0,26,34.3,0.0,No Promo Use,598,Bronze,Neutral,0,34.3,11.7,0,0
3078,60,Female,Sweater,Clothing,88,Illinois,S,Red,Spring,3.0,No,Store Pickup,No,No,33,Debit Card,Bi-Weekly,0,0,26,58.8,0.0,No Promo Use,2904,Platinum,Dissatisfied,0,58.8,58.5,1,1
3079,32,Female,Belt,Accessories,95,Alaska,M,Blue,Spring,2.5,No,2-Day Shipping,No,No,24,Bank Transfer,Bi-Weekly,0,0,26,47.8,0.0,No Promo Use,2280,Platinum,Dissatisfied,0,47.8,45.8,0,1
3080,48,Female,Belt,Accessories,31,Wyoming,M,Maroon,Fall,4.0,No,Store Pickup,No,No,4,Bank Transfer,Annually,0,0,1,3.7,0.0,No Promo Use,124,Bronze,Neutral,0,3.7,2.1,0,0
3081,69,Female,Hoodie,Clothing,42,Colorado,L,Yellow,Spring,4.1,No,Next Day Air,No,No,5,Cash,Bi-Weekly,0,0,26,24.5,0.0,No Promo Use,210,Bronze,Satisfied,1,24.5,3.8,0,0
3082,64,Female,Sneakers,Footwear,44,Vermont,L,Pink,Winter,4.9,No,Next Day Air,No,No,11,Credit Card,Weekly,0,0,52,52.2,0.0,No Promo Use,484,Bronze,Satisfied,1,52.2,9.4,0,0
3083,56,Female,T-shirt,Clothing,99,Utah,M,Maroon,Spring,4.0,No,Next Day Air,No,No,20,Bank Transfer,Annually,0,0,1,23.3,0.0,No Promo Use,1980,Gold,Neutral,0,23.3,39.7,0,1
3084,22,Female,Pants,Clothing,20,Illinois,S,Purple,Summer,3.5,No,Store Pickup,No,No,28,PayPal,Quarterly,0,0,4,35.4,0.0,No Promo Use,560,Bronze,Neutral,0,35.4,10.9,0,0
3085,46,Female,Scarf,Accessories,37,Idaho,S,Indigo,Spring,3.2,No,Store Pickup,No,No,43,PayPal,Monthly,0,0,12,60.1,0.0,No Promo Use,1591,Gold,Dissatisfied,0,60.1,31.9,1,1
3086,24,Female,Sweater,Clothing,50,Nevada,L,Gray,Winter,2.8,No,Store Pickup,No,No,10,Venmo,Every 3 Months,0,0,4,13.4,0.0,No Promo Use,500,Bronze,Dissatisfied,0,13.4,9.7,0,0
3087,47,Female,Handbag,Accessories,73,Utah,M,Lavender,Summer,3.5,No,Next Day Air,No,No,26,Venmo,Every 3 Months,0,0,4,33.0,0.0,No Promo Use,1898,Gold,Neutral,0,33.0,38.1,0,1
3088,62,Female,Shirt,Clothing,84,North Carolina,M,Charcoal,Spring,3.1,No,Free Shipping,No,No,29,Bank Transfer,Monthly,0,0,12,42.9,0.0,No Promo Use,2436,Platinum,Dissatisfied,0,42.9,49.0,0,1
3089,34,Female,Dress,Clothing,64,Arkansas,M,Teal,Spring,3.3,No,Store Pickup,No,No,35,Bank Transfer,Quarterly,0,0,4,44.0,0.0,No Promo Use,2240,Platinum,Neutral,0,44.0,45.0,0,1
3090,50,Female,Sandals,Footwear,21,North Carolina,L,Blue,Fall,4.6,No,Free Shipping,No,No,23,Cash,Bi-Weekly,0,0,26,46.5,0.0,No Promo Use,483,Bronze,Satisfied,1,46.5,9.4,0,0
3091,29,Female,Shirt,Clothing,36,Texas,M,Peach,Summer,4.9,No,Store Pickup,No,No,15,Bank Transfer,Quarterly,0,0,4,19.5,0.0,No Promo Use,540,Bronze,Satisfied,1,19.5,10.5,0,0
3092,68,Female,Dress,Clothing,81,Nevada,L,Orange,Winter,3.4,No,2-Day Shipping,No,No,46,Credit Card,Annually,0,0,1,55.1,0.0,No Promo Use,3726,Platinum,Neutral,0,55.1,75.2,1,1
3093,52,Female,Sunglasses,Accessories,54,Utah,L,Silver,Fall,3.5,No,Next Day Air,No,No,14,Bank Transfer,Bi-Weekly,0,0,26,35.5,0.0,No Promo Use,756,Silver,Neutral,0,35.5,14.9,0,0
3094,29,Female,Socks,Clothing,63,Pennsylvania,L,Red,Summer,4.8,No,Store Pickup,No,No,17,Cash,Every 3 Months,0,0,4,21.9,0.0,No Promo Use,1071,Silver,Satisfied,1,21.9,21.3,0,0
3095,22,Female,Sandals,Footwear,59,Georgia,M,Gray,Summer,2.7,No,Store Pickup,No,No,9,Cash,Weekly,0,0,52,49.8,0.0,No Promo Use,531,Bronze,Dissatisfied,0,49.8,10.3,0,0
3096,62,Female,Hat,Accessories,53,Minnesota,S,Beige,Fall,3.4,No,Standard,No,No,13,Venmo,Fortnightly,0,0,26,34.3,0.0,No Promo Use,689,Silver,Neutral,0,34.3,13.6,0,0
3097,69,Female,Shirt,Clothing,63,Kansas,L,White,Winter,3.5,No,Next Day Air,No,No,20,Bank Transfer,Monthly,0,0,12,31.9,0.0,No Promo Use,1260,Silver,Neutral,0,31.9,25.1,0,0
3098,48,Female,Shoes,Footwear,33,Delaware,M,Silver,Fall,3.7,No,Free Shipping,No,No,39,Bank Transfer,Quarterly,0,0,4,48.9,0.0,No Promo Use,1287,Gold,Neutral,0,48.9,25.7,0,0
3099,66,Female,Pants,Clothing,64,New Mexico,L,Cyan,Summer,3.3,No,Next Day Air,No,No,50,Bank Transfer,Quarterly,0,0,4,62.4,0.0,No Promo Use,3200,Platinum,Neutral,0,62.4,64.5,1,1
3100,42,Female,Shirt,Clothing,98,Michigan,S,Maroon,Fall,2.9,No,Free Shipping,No,No,21,Bank Transfer,Bi-Weekly,0,0,26,44.1,0.0,No Promo Use,2058,Gold,Dissatisfied,0,44.1,41.3,0,1
3101,50,Female,Hat,Accessories,85,Vermont,L,Purple,Winter,3.9,No,Express,No,No,3,Bank Transfer,Weekly,0,0,52,42.4,0.0,No Promo Use,255,Bronze,Neutral,0,42.4,4.7,0,0
3102,32,Female,Jewelry,Accessories,82,Idaho,S,Brown,Summer,2.7,No,Express,No,No,9,PayPal,Fortnightly,0,0,26,29.4,0.0,No Promo Use,738,Silver,Dissatisfied,0,29.4,14.5,0,0
3103,51,Female,Jacket,Outerwear,85,South Dakota,M,Green,Summer,4.3,No,Standard,No,No,29,Cash,Bi-Weekly,0,0,26,53.9,0.0,No Promo Use,2465,Platinum,Satisfied,1,53.9,49.6,0,1
3104,27,Female,Shirt,Clothing,37,Illinois,S,Peach,Winter,3.0,No,2-Day Shipping,No,No,42,Bank Transfer,Weekly,0,0,52,90.2,0.0,No Promo Use,1554,Gold,Dissatisfied,0,90.2,31.1,1,0
3105,43,Female,Pants,Clothing,56,Georgia,S,Turquoise,Summer,5.0,No,2-Day Shipping,No,No,41,Debit Card,Fortnightly,0,0,26,68.6,0.0,No Promo Use,2296,Platinum,Satisfied,1,68.6,46.2,1,1
3106,48,Female,Skirt,Clothing,33,Oregon,M,Olive,Fall,2.7,No,Express,No,No,17,Debit Card,Monthly,0,0,12,28.2,0.0,No Promo Use,561,Bronze,Dissatisfied,0,28.2,11.0,0,0
3107,62,Female,Sandals,Footwear,57,Alabama,M,Yellow,Winter,4.7,No,Next Day Air,No,No,20,PayPal,Annually,0,0,1,23.3,0.0,No Promo Use,1140,Silver,Satisfied,1,23.3,22.7,0,0
3108,65,Female,Blouse,Clothing,31,Hawaii,L,Gray,Winter,4.6,No,Standard,No,No,18,Credit Card,Bi-Weekly,0,0,26,40.4,0.0,No Promo Use,558,Bronze,Satisfied,1,40.4,10.9,0,0
3109,50,Female,Socks,Clothing,69,Oregon,M,Purple,Fall,3.2,No,2-Day Shipping,No,No,7,PayPal,Monthly,0,0,12,16.0,0.0,No Promo Use,483,Bronze,Dissatisfied,0,16.0,9.4,0,0
3110,60,Female,Jacket,Outerwear,92,Illinois,M,Gray,Winter,4.3,No,Free Shipping,No,No,47,Bank Transfer,Fortnightly,0,0,26,75.9,0.0,No Promo Use,4324,Platinum,Satisfied,1,75.9,87.3,1,1
3111,19,Female,Handbag,Accessories,46,Texas,L,Lavender,Fall,4.6,No,Next Day Air,No,No,2,Bank Transfer,Bi-Weekly,0,0,26,20.8,0.0,No Promo Use,92,Bronze,Satisfied,1,20.8,1.4,0,0
3112,21,Female,Belt,Accessories,81,Kansas,XL,Indigo,Spring,4.9,No,Free Shipping,No,No,25,Debit Card,Quarterly,0,0,4,31.7,0.0,No Promo Use,2025,Gold,Satisfied,1,31.7,40.7,0,1
3113,19,Female,Blouse,Clothing,97,Texas,S,Green,Fall,3.8,No,Express,No,No,26,Venmo,Annually,0,0,1,30.6,0.0,No Promo Use,2522,Platinum,Neutral,0,30.6,50.7,0,1
3114,46,Female,Shirt,Clothing,93,Nebraska,L,Green,Summer,2.6,No,Express,No,No,2,Debit Card,Weekly,0,0,52,41.2,0.0,No Promo Use,186,Bronze,Dissatisfied,0,41.2,3.3,0,0
3115,21,Female,Handbag,Accessories,56,Arkansas,M,Olive,Spring,4.7,No,Store Pickup,No,No,45,Venmo,Bi-Weekly,0,0,26,73.5,0.0,No Promo Use,2520,Platinum,Satisfied,1,73.5,50.7,1,1
3116,26,Female,Scarf,Accessories,53,South Dakota,M,Charcoal,Fall,4.1,No,Free Shipping,No,No,9,Bank Transfer,Bi-Weekly,0,0,26,29.4,0.0,No Promo Use,477,Bronze,Satisfied,1,29.4,9.3,0,0
3117,50,Female,Coat,Outerwear,66,Montana,L,Gray,Spring,3.7,No,Store Pickup,No,No,1,Venmo,Weekly,0,0,52,40.0,0.0,No Promo Use,66,Bronze,Neutral,0,40.0,0.9,0,0
3118,43,Female,Hoodie,Clothing,50,Florida,M,Olive,Fall,3.0,No,Free Shipping,No,No,4,PayPal,Bi-Weekly,0,0,26,23.3,0.0,No Promo Use,200,Bronze,Dissatisfied,0,23.3,3.6,0,0
3119,61,Female,Shorts,Clothing,97,Virginia,L,Blue,Summer,4.7,No,Standard,No,No,31,Debit Card,Quarterly,0,0,4,39.1,0.0,No Promo Use,3007,Platinum,Satisfied,1,39.1,60.6,0,1
3120,63,Female,Sandals,Footwear,79,Louisiana,XL,Silver,Winter,4.7,No,2-Day Shipping,No,No,21,Credit Card,Every 3 Months,0,0,4,26.8,0.0,No Promo Use,1659,Gold,Satisfied,1,26.8,33.2,0,1
3121,46,Female,Shirt,Clothing,76,Louisiana,M,Magenta,Fall,4.0,No,Store Pickup,No,No,32,Debit Card,Fortnightly,0,0,26,57.6,0.0,No Promo Use,2432,Platinum,Neutral,0,57.6,48.9,1,1
3122,63,Female,Hoodie,Clothing,38,Louisiana,L,Black,Fall,2.6,No,Standard,No,No,16,Venmo,Weekly,0,0,52,58.4,0.0,No Promo Use,608,Bronze,Dissatisfied,0,58.4,11.9,1,0
3123,23,Female,Socks,Clothing,45,Georgia,M,Pink,Fall,3.0,No,Express,No,No,34,Credit Card,Fortnightly,0,0,26,60.0,0.0,No Promo Use,1530,Gold,Dissatisfied,0,60.0,30.6,1,0
3124,57,Female,Handbag,Accessories,77,Iowa,XL,Red,Fall,3.3,No,Next Day Air,No,No,40,Venmo,Bi-Weekly,0,0,26,67.4,0.0,No Promo Use,3080,Platinum,Neutral,0,67.4,62.1,1,1
3125,57,Female,Jewelry,Accessories,51,California,M,Peach,Summer,3.4,No,Standard,No,No,4,Cash,Every 3 Months,0,0,4,6.0,0.0,No Promo Use,204,Bronze,Neutral,0,6.0,3.7,0,0
3126,33,Female,Coat,Outerwear,26,Oregon,L,Lavender,Spring,4.0,No,Standard,No,No,3,Cash,Quarterly,0,0,4,4.8,0.0,No Promo Use,78,Bronze,Neutral,0,4.8,1.2,0,0
3127,57,Female,Sunglasses,Accessories,76,Maine,L,Lavender,Winter,2.6,No,Store Pickup,No,No,28,Bank Transfer,Bi-Weekly,0,0,26,52.7,0.0,No Promo Use,2128,Gold,Dissatisfied,0,52.7,42.7,0,1
3128,55,Female,Gloves,Accessories,94,Louisiana,M,Beige,Winter,3.4,No,Free Shipping,No,No,43,Credit Card,Every 3 Months,0,0,4,53.8,0.0,No Promo Use,4042,Platinum,Neutral,0,53.8,81.6,0,1
3129,65,Female,Jacket,Outerwear,32,Arkansas,S,Indigo,Fall,4.4,No,Standard,No,No,20,Cash,Annually,0,0,1,23.3,0.0,No Promo Use,640,Silver,Satisfied,1,23.3,12.6,0,0
3130,60,Female,Sandals,Footwear,20,Maryland,S,Cyan,Summer,4.7,No,Express,No,No,40,Venmo,Every 3 Months,0,0,4,50.1,0.0,No Promo Use,800,Silver,Satisfied,1,50.1,15.8,0,0
3131,52,Female,Pants,Clothing,20,Vermont,M,Yellow,Summer,4.5,No,Store Pickup,No,No,34,Venmo,Every 3 Months,0,0,4,42.8,0.0,No Promo Use,680,Silver,Satisfied,1,42.8,13.4,0,0
3132,34,Female,Jacket,Outerwear,59,North Dakota,M,Peach,Fall,2.9,No,Store Pickup,No,No,11,Bank Transfer,Every 3 Months,0,0,4,14.6,0.0,No Promo Use,649,Silver,Dissatisfied,0,14.6,12.7,0,0
3133,33,Female,Sweater,Clothing,97,Michigan,M,Yellow,Summer,4.2,No,Express,No,No,26,Cash,Quarterly,0,0,4,33.0,0.0,No Promo Use,2522,Platinum,Satisfied,1,33.0,50.7,0,1
3134,58,Female,T-shirt,Clothing,68,Arkansas,M,Orange,Spring,4.1,No,Next Day Air,No,No,29,Cash,Bi-Weekly,0,0,26,53.9,0.0,No Promo Use,1972,Gold,Satisfied,1,53.9,39.6,0,1
3135,35,Female,Boots,Footwear,66,Kentucky,L,Gray,Spring,4.4,No,Store Pickup,No,No,47,Bank Transfer,Weekly,0,0,52,96.3,0.0,No Promo Use,3102,Platinum,Satisfied,1,96.3,62.5,1,1
3136,68,Female,Shoes,Footwear,85,Indiana,L,Yellow,Spring,4.7,No,Free Shipping,No,No,48,Venmo,Fortnightly,0,0,26,77.2,0.0,No Promo Use,4080,Platinum,Satisfied,1,77.2,82.3,1,1
3137,58,Female,Skirt,Clothing,32,Minnesota,M,Gray,Fall,3.1,No,Next Day Air,No,No,29,Cash,Bi-Weekly,0,0,26,53.9,0.0,No Promo Use,928,Silver,Dissatisfied,0,53.9,18.4,0,0
3138,34,Female,Coat,Outerwear,44,Louisiana,M,Turquoise,Spring,2.7,No,2-Day Shipping,No,No,14,Bank Transfer,Monthly,0,0,12,24.5,0.0,No Promo Use,616,Bronze,Dissatisfied,0,24.5,12.1,0,0
3139,47,Female,Blouse,Clothing,95,Kentucky,L,Gray,Fall,4.6,No,Next Day Air,No,No,40,Cash,Every 3 Months,0,0,4,50.1,0.0,No Promo Use,3800,Platinum,Satisfied,1,50.1,76.7,0,1
3140,35,Female,Sunglasses,Accessories,85,Georgia,M,Olive,Winter,4.4,No,Next Day Air,No,No,4,Venmo,Weekly,0,0,52,43.7,0.0,No Promo Use,340,Bronze,Satisfied,1,43.7,6.5,0,0
3141,34,Female,Gloves,Accessories,44,Alaska,XL,Peach,Summer,4.6,No,Free Shipping,No,No,37,Bank Transfer,Weekly,0,0,52,84.1,0.0,No Promo Use,1628,Gold,Satisfied,1,84.1,32.6,1,1
3142,36,Female,Sunglasses,Accessories,30,Mississippi,S,Peach,Winter,4.9,No,Express,No,No,47,Credit Card,Bi-Weekly,0,0,26,75.9,0.0,No Promo Use,1410,Gold,Satisfied,1,75.9,28.2,1,0
3143,23,Female,Sneakers,Footwear,21,Kansas,L,Magenta,Winter,4.0,No,2-Day Shipping,No,No,1,Venmo,Quarterly,0,0,4,2.4,0.0,No Promo Use,21,Bronze,Neutral,0,2.4,0.0,0,0
3144,68,Female,Hoodie,Clothing,22,Arizona,M,Purple,Summer,2.9,No,Store Pickup,No,No,26,Cash,Quarterly,0,0,4,33.0,0.0,No Promo Use,572,Bronze,Dissatisfied,0,33.0,11.2,0,0
3145,23,Female,Boots,Footwear,70,Maine,L,Beige,Spring,2.6,No,Free Shipping,No,No,12,Debit Card,Quarterly,0,0,4,15.8,0.0,No Promo Use,840,Silver,Dissatisfied,0,15.8,16.6,0,0
3146,57,Female,Handbag,Accessories,29,Texas,XL,Purple,Spring,4.6,No,Standard,No,No,16,PayPal,Fortnightly,0,0,26,38.0,0.0,No Promo Use,464,Bronze,Satisfied,1,38.0,9.0,0,0
3147,21,Female,Shirt,Clothing,83,Virginia,S,Yellow,Winter,4.9,No,Free Shipping,No,No,19,PayPal,Annually,0,0,1,22.0,0.0,No Promo Use,1577,Gold,Satisfied,1,22.0,31.6,0,0
3148,45,Female,Sweater,Clothing,99,North Dakota,M,Pink,Winter,4.3,No,Express,No,No,21,Credit Card,Weekly,0,0,52,64.5,0.0,No Promo Use,2079,Gold,Satisfied,1,64.5,41.8,1,1
3149,37,Female,Shorts,Clothing,35,West Virginia,L,Purple,Fall,4.3,No,Free Shipping,No,No,15,Venmo,Weekly,0,0,52,57.1,0.0,No Promo Use,525,Bronze,Satisfied,1,57.1,10.2,1,0
3150,18,Female,Belt,Accessories,40,North Carolina,M,Lavender,Winter,4.6,No,Free Shipping,No,No,9,Venmo,Annually,0,0,1,9.8,0.0,No Promo Use,360,Bronze,Satisfied,1,9.8,6.9,0,0
3151,55,Female,Blouse,Clothing,25,Georgia,M,Peach,Spring,2.6,No,Express,No,No,7,Bank Transfer,Bi-Weekly,0,0,26,27.0,0.0,No Promo Use,175,Bronze,Dissatisfied,0,27.0,3.1,0,0
3152,52,Female,T-shirt,Clothing,64,New Mexico,L,Orange,Fall,3.1,No,2-Day Shipping,No,No,47,Bank Transfer,Quarterly,0,0,4,58.7,0.0,No Promo Use,3008,Platinum,Dissatisfied,0,58.7,60.6,1,1
3153,49,Female,Belt,Accessories,90,North Carolina,M,Red,Fall,3.1,No,Store Pickup,No,No,17,PayPal,Monthly,0,0,12,28.2,0.0,No Promo Use,1530,Gold,Dissatisfied,0,28.2,30.6,0,0
3154,56,Female,Socks,Clothing,88,Alabama,L,Red,Fall,3.1,No,Next Day Air,No,No,46,Venmo,Fortnightly,0,0,26,74.7,0.0,No Promo Use,4048,Platinum,Dissatisfied,0,74.7,81.7,1,1
3155,27,Female,Belt,Accessories,55,Connecticut,M,Gold,Winter,4.4,No,Standard,No,No,32,Cash,Quarterly,0,0,4,40.3,0.0,No Promo Use,1760,Gold,Satisfied,1,40.3,35.3,0,1
3156,22,Female,Handbag,Accessories,90,Montana,M,Brown,Fall,4.3,No,Free Shipping,No,No,34,Cash,Annually,0,0,1,40.4,0.0,No Promo Use,3060,Platinum,Satisfied,1,40.4,61.7,0,1
3157,18,Female,Shirt,Clothing,50,Montana,M,Black,Winter,3.1,No,2-Day Shipping,No,No,18,Cash,Monthly,0,0,12,29.4,0.0,No Promo Use,900,Silver,Dissatisfied,0,29.4,17.8,0,0
3158,21,Female,Belt,Accessories,34,Maine,L,Red,Fall,3.1,No,Store Pickup,No,No,5,Debit Card,Fortnightly,0,0,26,24.5,0.0,No Promo Use,170,Bronze,Dissatisfied,0,24.5,3.0,0,0
3159,30,Female,Jewelry,Accessories,77,Mississippi,M,Gray,Winter,4.9,No,2-Day Shipping,No,No,44,Credit Card,Monthly,0,0,12,61.3,0.0,No Promo Use,3388,Platinum,Satisfied,1,61.3,68.3,1,1
3160,62,Female,Hat,Accessories,89,Louisiana,L,Pink,Winter,2.9,No,Store Pickup,No,No,4,Bank Transfer,Quarterly,0,0,4,6.0,0.0,No Promo Use,356,Bronze,Dissatisfied,0,6.0,6.8,0,0
3161,28,Female,Backpack,Accessories,87,Nebraska,XL,Turquoise,Fall,3.8,No,Next Day Air,No,No,37,Cash,Fortnightly,0,0,26,63.7,0.0,No Promo Use,3219,Platinum,Neutral,0,63.7,64.9,1,1
3162,66,Female,Dress,Clothing,77,Massachusetts,S,Charcoal,Winter,4.2,No,2-Day Shipping,No,No,43,Cash,Monthly,0,0,12,60.1,0.0,No Promo Use,3311,Platinum,Satisfied,1,60.1,66.7,1,1
3163,66,Female,Shoes,Footwear,85,Wisconsin,L,Blue,Winter,3.9,No,Standard,No,No,28,Bank Transfer,Quarterly,0,0,4,35.4,0.0,No Promo Use,2380,Platinum,Neutral,0,35.4,47.9,0,1
3164,49,Female,Pants,Clothing,66,Nebraska,XL,Turquoise,Summer,2.8,No,Express,No,No,36,Cash,Monthly,0,0,12,51.5,0.0,No Promo Use,2376,Platinum,Dissatisfied,0,51.5,47.8,0,1
3165,40,Female,Dress,Clothing,32,Arizona,L,Silver,Winter,2.6,No,Standard,No,No,16,Credit Card,Annually,0,0,1,18.4,0.0,No Promo Use,512,Bronze,Dissatisfied,0,18.4,10.0,0,0
3166,49,Female,Jacket,Outerwear,92,Hawaii,M,Lavender,Spring,3.0,No,Store Pickup,No,No,38,Bank Transfer,Every 3 Months,0,0,4,47.7,0.0,No Promo Use,3496,Platinum,Dissatisfied,0,47.7,70.5,0,1
3167,19,Female,Shirt,Clothing,80,Georgia,M,Gold,Winter,2.7,No,Next Day Air,No,No,37,Bank Transfer,Fortnightly,0,0,26,63.7,0.0,No Promo Use,2960,Platinum,Dissatisfied,0,63.7,59.6,1,1
3168,24,Female,Dress,Clothing,78,Oregon,M,Blue,Fall,2.8,No,2-Day Shipping,No,No,9,Cash,Bi-Weekly,0,0,26,29.4,0.0,No Promo Use,702,Silver,Dissatisfied,0,29.4,13.8,0,0
3169,31,Female,Jeans,Clothing,24,Montana,M,Orange,Spring,2.9,No,2-Day Shipping,No,No,14,PayPal,Fortnightly,0,0,26,35.5,0.0,No Promo Use,336,Bronze,Dissatisfied,0,35.5,6.4,0,0
3170,35,Female,T-shirt,Clothing,59,Georgia,M,White,Fall,3.8,No,Free Shipping,No,No,3,Venmo,Weekly,0,0,52,42.4,0.0,No Promo Use,177,Bronze,Neutral,0,42.4,3.2,0,0
3171,65,Female,Sunglasses,Accessories,41,Rhode Island,XL,Charcoal,Spring,4.4,No,Express,No,No,10,Credit Card,Fortnightly,0,0,26,30.6,0.0,No Promo Use,410,Bronze,Satisfied,1,30.6,7.9,0,0
3172,68,Female,Jewelry,Accessories,26,Tennessee,M,Maroon,Spring,3.1,No,Express,No,No,26,Bank Transfer,Bi-Weekly,0,0,26,50.2,0.0,No Promo Use,676,Silver,Dissatisfied,0,50.2,13.3,0,0
3173,57,Female,Socks,Clothing,52,Missouri,M,Olive,Fall,3.7,No,Standard,No,No,30,Debit Card,Bi-Weekly,0,0,26,55.1,0.0,No Promo Use,1560,Gold,Neutral,0,55.1,31.2,1,0
3174,69,Female,Skirt,Clothing,46,Washington,L,Teal,Summer,4.9,No,Next Day Air,No,No,32,PayPal,Fortnightly,0,0,26,57.6,0.0,No Promo Use,1472,Gold,Satisfied,1,57.6,29.4,1,0
3175,45,Female,Pants,Clothing,52,Oklahoma,L,Orange,Winter,3.8,No,Store Pickup,No,No,35,PayPal,Monthly,0,0,12,50.3,0.0,No Promo Use,1820,Gold,Neutral,0,50.3,36.5,0,1
3176,35,Female,Socks,Clothing,42,Connecticut,M,Maroon,Fall,3.4,No,Store Pickup,No,No,26,Debit Card,Every 3 Months,0,0,4,33.0,0.0,No Promo Use,1092,Silver,Neutral,0,33.0,21.7,0,0
3177,36,Female,Sandals,Footwear,37,Arkansas,XL,Turquoise,Spring,4.6,No,2-Day Shipping,No,No,39,Credit Card,Monthly,0,0,12,55.2,0.0,No Promo Use,1443,Gold,Satisfied,1,55.2,28.8,1,0
3178,55,Female,Belt,Accessories,52,Missouri,L,Beige,Fall,3.2,No,Standard,No,No,31,Credit Card,Monthly,0,0,12,45.4,0.0,No Promo Use,1612,Gold,Dissatisfied,0,45.4,32.3,0,1
3179,66,Female,Sandals,Footwear,34,Washington,L,Beige,Spring,2.7,No,Free Shipping,No,No,28,Credit Card,Annually,0,0,1,33.1,0.0,No Promo Use,952,Silver,Dissatisfied,0,33.1,18.9,0,0
3180,57,Female,Shorts,Clothing,88,Idaho,M,Olive,Spring,4.3,No,Free Shipping,No,No,12,Debit Card,Bi-Weekly,0,0,26,33.1,0.0,No Promo Use,1056,Silver,Satisfied,1,33.1,21.0,0,0
3181,18,Female,Handbag,Accessories,88,Montana,L,Turquoise,Fall,3.8,No,Standard,No,No,46,PayPal,Weekly,0,0,52,95.1,0.0,No Promo Use,4048,Platinum,Neutral,0,95.1,81.7,1,1
3182,31,Female,Jacket,Outerwear,51,Montana,M,Charcoal,Summer,4.4,No,Free Shipping,No,No,27,PayPal,Every 3 Months,0,0,4,34.2,0.0,No Promo Use,1377,Gold,Satisfied,1,34.2,27.5,0,0
3183,50,Female,Sunglasses,Accessories,97,Georgia,L,Green,Fall,3.6,No,Free Shipping,No,No,4,Credit Card,Annually,0,0,1,3.7,0.0,No Promo Use,388,Bronze,Neutral,0,3.7,7.4,0,0
3184,50,Female,Sneakers,Footwear,56,Mississippi,M,Green,Winter,3.5,No,Standard,No,No,14,Cash,Every 3 Months,0,0,4,18.3,0.0,No Promo Use,784,Silver,Neutral,0,18.3,15.5,0,0
3185,61,Female,Sweater,Clothing,53,Hawaii,L,Green,Spring,4.2,No,2-Day Shipping,No,No,30,Venmo,Quarterly,0,0,4,37.9,0.0,No Promo Use,1590,Gold,Satisfied,1,37.9,31.8,0,1
3186,52,Female,Skirt,Clothing,71,Ohio,L,Gold,Fall,4.7,No,Express,No,No,6,PayPal,Annually,0,0,1,6.1,0.0,No Promo Use,426,Bronze,Satisfied,1,6.1,8.2,0,0
3187,38,Female,Jewelry,Accessories,93,Virginia,S,Cyan,Winter,4.8,No,Store Pickup,No,No,43,Venmo,Annually,0,0,1,51.4,0.0,No Promo Use,3999,Platinum,Satisfied,1,51.4,80.7,0,1
3188,67,Female,Blouse,Clothing,72,Texas,L,Indigo,Winter,3.2,No,Free Shipping,No,No,28,Debit Card,Weekly,0,0,52,73.1,0.0,No Promo Use,2016,Gold,Dissatisfied,0,73.1,40.5,1,1
3189,42,Female,Blouse,Clothing,59,Vermont,M,Lavender,Winter,3.5,No,Standard,No,No,39,Bank Transfer,Monthly,0,0,12,55.2,0.0,No Promo Use,2301,Platinum,Neutral,0,55.2,46.3,1,1
3190,25,Female,Boots,Footwear,87,Kansas,M,Beige,Summer,4.2,No,Store Pickup,No,No,30,PayPal,Bi-Weekly,0,0,26,55.1,0.0,No Promo Use,2610,Platinum,Satisfied,1,55.1,52.5,1,1
3191,41,Female,Jeans,Clothing,78,California,S,Purple,Fall,3.4,No,Free Shipping,No,No,5,Credit Card,Fortnightly,0,0,26,24.5,0.0,No Promo Use,390,Bronze,Neutral,0,24.5,7.5,0,0
3192,62,Female,Hoodie,Clothing,68,Mississippi,XL,Maroon,Winter,4.7,No,Store Pickup,No,No,42,Credit Card,Every 3 Months,0,0,4,52.6,0.0,No Promo Use,2856,Platinum,Satisfied,1,52.6,57.5,0,1
3193,19,Female,Sweater,Clothing,76,Iowa,S,Maroon,Fall,3.0,No,Free Shipping,No,No,20,Cash,Fortnightly,0,0,26,42.9,0.0,No Promo Use,1520,Gold,Dissatisfied,0,42.9,30.4,0,0
3194,63,Female,Gloves,Accessories,99,Virginia,L,Teal,Winter,4.0,No,Express,No,No,35,Credit Card,Fortnightly,0,0,26,61.2,0.0,No Promo Use,3465,Platinum,Neutral,0,61.2,69.9,1,1
3195,43,Female,Sneakers,Footwear,52,Maryland,L,Gold,Summer,4.6,No,Standard,No,No,10,Credit Card,Bi-Weekly,0,0,26,30.6,0.0,No Promo Use,520,Bronze,Satisfied,1,30.6,10.1,0,0
3196,68,Female,Sunglasses,Accessories,58,Missouri,S,Red,Spring,4.9,No,Next Day Air,No,No,36,Credit Card,Quarterly,0,0,4,45.2,0.0,No Promo Use,2088,Gold,Satisfied,1,45.2,41.9,0,1
3197,24,Female,Belt,Accessories,59,Wisconsin,L,Maroon,Winter,2.8,No,Express,No,No,21,Debit Card,Fortnightly,0,0,26,44.1,0.0,No Promo Use,1239,Silver,Dissatisfied,0,44.1,24.7,0,0
3198,27,Female,Sweater,Clothing,71,Maine,M,Teal,Spring,3.2,No,Free Shipping,No,No,29,Credit Card,Every 3 Months,0,0,4,36.6,0.0,No Promo Use,2059,Gold,Dissatisfied,0,36.6,41.3,0,1
3199,61,Female,Gloves,Accessories,94,Pennsylvania,L,Peach,Winter,2.8,No,Free Shipping,No,No,39,Debit Card,Weekly,0,0,52,86.5,0.0,No Promo Use,3666,Platinum,Dissatisfied,0,86.5,74.0,1,1
3200,59,Female,Handbag,Accessories,40,Maine,XL,Pink,Winter,4.2,No,Express,No,No,16,PayPal,Monthly,0,0,12,27.0,0.0,No Promo Use,640,Silver,Satisfied,1,27.0,12.6,0,0
3201,67,Female,Socks,Clothing,24,Missouri,L,Black,Spring,4.8,No,Free Shipping,No,No,32,Credit Card,Monthly,0,0,12,46.6,0.0,No Promo Use,768,Silver,Satisfied,1,46.6,15.2,0,0
3202,46,Female,Pants,Clothing,38,Vermont,S,Indigo,Fall,2.8,No,2-Day Shipping,No,No,34,Cash,Monthly,0,0,12,49.0,0.0,No Promo Use,1292,Gold,Dissatisfied,0,49.0,25.8,0,0
3203,65,Female,Scarf,Accessories,37,Wisconsin,L,Green,Fall,4.5,No,Standard,No,No,38,Venmo,Annually,0,0,1,45.3,0.0,No Promo Use,1406,Gold,Satisfied,1,45.3,28.1,0,0
3204,63,Female,Coat,Outerwear,29,New Jersey,L,Teal,Spring,4.1,No,Express,No,No,14,Venmo,Annually,0,0,1,15.9,0.0,No Promo Use,406,Bronze,Satisfied,1,15.9,7.8,0,0
3205,57,Female,Jacket,Outerwear,92,New Mexico,XL,Lavender,Fall,4.3,No,Free Shipping,No,No,23,Debit Card,Bi-Weekly,0,0,26,46.5,0.0,No Promo Use,2116,Gold,Satisfied,1,46.5,42.5,0,1
3206,40,Female,Hoodie,Clothing,24,Colorado,XL,Magenta,Fall,4.4,No,2-Day Shipping,No,No,50,Bank Transfer,Every 3 Months,0,0,4,62.4,0.0,No Promo Use,1200,Silver,Satisfied,1,62.4,23.9,1,0
3207,36,Female,Boots,Footwear,52,California,M,Brown,Winter,3.0,No,Free Shipping,No,No,49,PayPal,Monthly,0,0,12,67.4,0.0,No Promo Use,2548,Platinum,Dissatisfied,0,67.4,51.3,1,1
3208,67,Female,Socks,Clothing,29,Arizona,XL,Beige,Summer,2.7,No,Next Day Air,No,No,14,PayPal,Annually,0,0,1,15.9,0.0,No Promo Use,406,Bronze,Dissatisfied,0,15.9,7.8,0,0
3209,61,Female,Jewelry,Accessories,30,Indiana,L,Indigo,Winter,3.3,No,2-Day Shipping,No,No,42,PayPal,Weekly,0,0,52,90.2,0.0,No Promo Use,1260,Silver,Neutral,0,90.2,25.1,1,0
3210,64,Female,Shoes,Footwear,31,Arkansas,L,Peach,Fall,4.3,No,Standard,No,No,39,Debit Card,Annually,0,0,1,46.5,0.0,No Promo Use,1209,Silver,Satisfied,1,46.5,24.1,0,0
3211,30,Female,Socks,Clothing,67,Nevada,M,Magenta,Summer,2.9,No,Express,No,No,43,Venmo,Bi-Weekly,0,0,26,71.0,0.0,No Promo Use,2881,Platinum,Dissatisfied,0,71.0,58.0,1,1
3212,53,Female,Pants,Clothing,65,Rhode Island,L,Turquoise,Winter,4.9,No,Standard,No,No,12,Cash,Monthly,0,0,12,22.1,0.0,No Promo Use,780,Silver,Satisfied,1,22.1,15.4,0,0
3213,27,Female,Sneakers,Footwear,22,Wyoming,M,Indigo,Winter,3.6,No,2-Day Shipping,No,No,21,Debit Card,Weekly,0,0,52,64.5,0.0,No Promo Use,462,Bronze,Neutral,0,64.5,8.9,1,0
3214,27,Female,Sunglasses,Accessories,56,Texas,M,Brown,Winter,3.3,No,Standard,No,No,33,Credit Card,Monthly,0,0,12,47.8,0.0,No Promo Use,1848,Gold,Neutral,0,47.8,37.1,0,1
3215,53,Female,Skirt,Clothing,78,Washington,M,Yellow,Spring,3.1,No,Free Shipping,No,No,6,Debit Card,Annually,0,0,1,6.1,0.0,No Promo Use,468,Bronze,Dissatisfied,0,6.1,9.1,0,0
3216,34,Female,Coat,Outerwear,90,Rhode Island,M,Magenta,Summer,2.7,No,Free Shipping,No,No,10,PayPal,Every 3 Months,0,0,4,13.4,0.0,No Promo Use,900,Silver,Dissatisfied,0,13.4,17.8,0,0
3217,39,Female,Hoodie,Clothing,85,Illinois,S,Olive,Winter,3.4,No,Next Day Air,No,No,18,Cash,Weekly,0,0,52,60.8,0.0,No Promo Use,1530,Gold,Neutral,0,60.8,30.6,1,0
3218,44,Female,Sunglasses,Accessories,58,Oregon,M,Silver,Fall,3.4,No,Express,No,No,46,Venmo,Weekly,0,0,52,95.1,0.0,No Promo Use,2668,Platinum,Neutral,0,95.1,53.7,1,1
3219,37,Female,Skirt,Clothing,34,Florida,M,Teal,Fall,3.9,No,Express,No,No,49,PayPal,Monthly,0,0,12,67.4,0.0,No Promo Use,1666,Gold,Neutral,0,67.4,33.4,1,1
3220,57,Female,Coat,Outerwear,40,Kansas,L,White,Summer,3.5,No,2-Day Shipping,No,No,39,Credit Card,Weekly,0,0,52,86.5,0.0,No Promo Use,1560,Gold,Neutral,0,86.5,31.2,1,0
3221,38,Female,Handbag,Accessories,29,North Dakota,M,Blue,Fall,4.1,No,Free Shipping,No,No,16,Cash,Monthly,0,0,12,27.0,0.0,No Promo Use,464,Bronze,Satisfied,1,27.0,9.0,0,0
3222,21,Female,T-shirt,Clothing,76,New Hampshire,M,Yellow,Winter,3.2,No,Standard,No,No,28,Cash,Annually,0,0,1,33.1,0.0,No Promo Use,2128,Gold,Dissatisfied,0,33.1,42.7,0,1
3223,45,Female,Sunglasses,Accessories,84,Texas,S,Maroon,Fall,4.6,No,Store Pickup,No,No,22,PayPal,Quarterly,0,0,4,28.1,0.0,No Promo Use,1848,Gold,Satisfied,1,28.1,37.1,0,1
3224,68,Female,Shirt,Clothing,65,Montana,S,Gray,Spring,3.9,No,Standard,No,No,36,Venmo,Bi-Weekly,0,0,26,62.5,0.0,No Promo Use,2340,Platinum,Neutral,0,62.5,47.0,1,1
3225,37,Female,Hoodie,Clothing,80,Delaware,L,Indigo,Winter,2.7,No,Free Shipping,No,No,18,PayPal,Monthly,0,0,12,29.4,0.0,No Promo Use,1440,Gold,Dissatisfied,0,29.4,28.8,0,0
3226,53,Female,Blouse,Clothing,98,New Hampshire,M,Pink,Fall,3.0,No,Store Pickup,No,No,31,Credit Card,Weekly,0,0,52,76.7,0.0,No Promo Use,3038,Platinum,Dissatisfied,0,76.7,61.2,1,1
3227,57,Female,Sneakers,Footwear,71,Minnesota,XL,Beige,Spring,3.3,No,Next Day Air,No,No,38,Bank Transfer,Fortnightly,0,0,26,64.9,0.0,No Promo Use,2698,Platinum,Neutral,0,64.9,54.3,1,1
3228,28,Female,Scarf,Accessories,69,Alaska,XL,White,Fall,2.7,No,Free Shipping,No,No,42,Debit Card,Quarterly,0,0,4,52.6,0.0,No Promo Use,2898,Platinum,Dissatisfied,0,52.6,58.4,0,1
3229,37,Female,Jewelry,Accessories,95,Connecticut,M,Yellow,Spring,4.6,No,2-Day Shipping,No,No,27,PayPal,Annually,0,0,1,31.8,0.0,No Promo Use,2565,Platinum,Satisfied,1,31.8,51.6,0,1
3230,54,Female,Pants,Clothing,67,Connecticut,M,Teal,Fall,2.7,No,Express,No,No,24,Cash,Monthly,0,0,12,36.8,0.0,No Promo Use,1608,Gold,Dissatisfied,0,36.8,32.2,0,1
3231,49,Female,Sneakers,Footwear,49,Kansas,M,Olive,Summer,2.5,No,Next Day Air,No,No,38,Debit Card,Annually,0,0,1,45.3,0.0,No Promo Use,1862,Gold,Dissatisfied,0,45.3,37.4,0,1
3232,62,Female,Shoes,Footwear,97,Nevada,M,Maroon,Winter,4.4,No,Free Shipping,No,No,9,Credit Card,Annually,0,0,1,9.8,0.0,No Promo Use,873,Silver,Satisfied,1,9.8,17.3,0,0
3233,45,Female,T-shirt,Clothing,34,Massachusetts,M,White,Spring,4.0,No,Next Day Air,No,No,19,Bank Transfer,Monthly,0,0,12,30.7,0.0,No Promo Use,646,Silver,Neutral,0,30.7,12.7,0,0
3234,45,Female,Belt,Accessories,74,Indiana,M,Lavender,Fall,3.8,No,Express,No,No,11,Debit Card,Bi-Weekly,0,0,26,31.9,0.0,No Promo Use,814,Silver,Neutral,0,31.9,16.1,0,0
3235,49,Female,Jewelry,Accessories,96,Washington,M,Black,Winter,2.5,No,2-Day Shipping,No,No,16,Debit Card,Quarterly,0,0,4,20.7,0.0,No Promo Use,1536,Gold,Dissatisfied,0,20.7,30.7,0,0
3236,27,Female,Belt,Accessories,68,Kansas,M,Green,Summer,4.0,No,Free Shipping,No,No,18,Venmo,Monthly,0,0,12,29.4,0.0,No Promo Use,1224,Silver,Neutral,0,29.4,24.4,0,0
3237,63,Female,Belt,Accessories,84,South Carolina,L,Olive,Fall,4.1,No,Next Day Air,No,No,8,Cash,Monthly,0,0,12,17.2,0.0,No Promo Use,672,Silver,Satisfied,1,17.2,13.2,0,0
3238,61,Female,T-shirt,Clothing,57,Vermont,M,Gray,Summer,2.8,No,Express,No,No,4,Cash,Weekly,0,0,52,43.7,0.0,No Promo Use,228,Bronze,Dissatisfied,0,43.7,4.2,0,0
3239,25,Female,Sneakers,Footwear,84,Wyoming,XL,Teal,Fall,3.4,No,2-Day Shipping,No,No,37,Cash,Quarterly,0,0,4,46.4,0.0,No Promo Use,3108,Platinum,Neutral,0,46.4,62.6,0,1
3240,33,Female,Sunglasses,Accessories,32,Colorado,M,Charcoal,Fall,2.7,No,2-Day Shipping,No,No,30,Cash,Monthly,0,0,12,44.1,0.0,No Promo Use,960,Silver,Dissatisfied,0,44.1,19.1,0,0
3241,56,Female,Sandals,Footwear,37,West Virginia,M,Violet,Fall,3.8,No,2-Day Shipping,No,No,37,Bank Transfer,Monthly,0,0,12,52.7,0.0,No Promo Use,1369,Gold,Neutral,0,52.7,27.3,0,0
3242,50,Female,Handbag,Accessories,58,Connecticut,M,Lavender,Summer,4.4,No,Store Pickup,No,No,30,PayPal,Quarterly,0,0,4,37.9,0.0,No Promo Use,1740,Gold,Satisfied,1,37.9,34.9,0,1
3243,45,Female,Socks,Clothing,74,Oregon,S,Beige,Fall,2.8,No,Express,No,No,17,Venmo,Weekly,0,0,52,59.6,0.0,No Promo Use,1258,Silver,Dissatisfied,0,59.6,25.1,1,0
3244,45,Female,Hoodie,Clothing,99,Idaho,L,Black,Summer,5.0,No,Store Pickup,No,No,11,Bank Transfer,Every 3 Months,0,0,4,14.6,0.0,No Promo Use,1089,Silver,Satisfied,1,14.6,21.7,0,0
3245,65,Female,Sweater,Clothing,81,Arkansas,M,Black,Fall,4.7,No,Express,No,No,42,Credit Card,Annually,0,0,1,50.2,0.0,No Promo Use,3402,Platinum,Satisfied,1,50.2,68.6,0,1
3246,63,Female,Pants,Clothing,76,Kansas,M,Purple,Fall,3.2,No,Next Day Air,No,No,20,Cash,Weekly,0,0,52,63.3,0.0,No Promo Use,1520,Gold,Dissatisfied,0,63.3,30.4,1,0
3247,70,Female,Sneakers,Footwear,98,Michigan,M,Magenta,Summer,2.9,No,Store Pickup,No,No,37,Cash,Monthly,0,0,12,52.7,0.0,No Promo Use,3626,Platinum,Dissatisfied,0,52.7,73.1,0,1
3248,53,Female,Gloves,Accessories,91,Arkansas,M,Teal,Summer,3.7,No,Express,No,No,12,PayPal,Fortnightly,0,0,26,33.1,0.0,No Promo Use,1092,Silver,Neutral,0,33.1,21.7,0,0
3249,22,Female,T-shirt,Clothing,79,Pennsylvania,S,Teal,Summer,4.2,No,Free Shipping,No,No,41,Bank Transfer,Quarterly,0,0,4,51.3,0.0,No Promo Use,3239,Platinum,Satisfied,1,51.3,65.3,0,1
3250,26,Female,Backpack,Accessories,83,Virginia,M,Pink,Summer,3.4,No,Express,No,No,32,Credit Card,Quarterly,0,0,4,40.3,0.0,No Promo Use,2656,Platinum,Neutral,0,40.3,53.5,0,1
3251,23,Female,Coat,Outerwear,90,Minnesota,M,Teal,Spring,2.9,No,2-Day Shipping,No,No,15,Venmo,Weekly,0,0,52,57.1,0.0,No Promo Use,1350,Gold,Dissatisfied,0,57.1,27.0,1,0
3252,25,Female,Coat,Outerwear,20,Nevada,M,Gold,Winter,3.7,No,Standard,No,No,39,Venmo,Quarterly,0,0,4,48.9,0.0,No Promo Use,780,Silver,Neutral,0,48.9,15.4,0,0
3253,69,Female,Sandals,Footwear,21,Montana,L,Brown,Spring,2.7,No,Store Pickup,No,No,48,Credit Card,Fortnightly,0,0,26,77.2,0.0,No Promo Use,1008,Silver,Dissatisfied,0,77.2,20.0,1,0
3254,36,Female,Backpack,Accessories,60,Nebraska,M,Brown,Fall,3.2,No,2-Day Shipping,No,No,8,Venmo,Fortnightly,0,0,26,28.2,0.0,No Promo Use,480,Bronze,Dissatisfied,0,28.2,9.3,0,0
3255,21,Female,Sweater,Clothing,31,Indiana,S,Magenta,Winter,4.9,No,Store Pickup,No,No,11,Bank Transfer,Every 3 Months,0,0,4,14.6,0.0,No Promo Use,341,Bronze,Satisfied,1,14.6,6.5,0,0
3256,57,Female,Shorts,Clothing,40,New Jersey,M,Black,Fall,2.8,No,Next Day Air,No,No,36,Bank Transfer,Monthly,0,0,12,51.5,0.0,No Promo Use,1440,Gold,Dissatisfied,0,51.5,28.8,0,0
3257,60,Female,Sunglasses,Accessories,26,Wisconsin,L,Teal,Winter,4.7,No,Free Shipping,No,No,50,Venmo,Every 3 Months,0,0,4,62.4,0.0,No Promo Use,1300,Gold,Satisfied,1,62.4,25.9,1,0
3258,44,Female,Shirt,Clothing,98,Minnesota,M,Brown,Fall,3.3,No,Express,No,No,39,Venmo,Every 3 Months,0,0,4,48.9,0.0,No Promo Use,3822,Platinum,Neutral,0,48.9,77.1,0,1
3259,31,Female,Shoes,Footwear,51,New Jersey,M,Magenta,Spring,4.3,No,Express,No,No,11,Credit Card,Bi-Weekly,0,0,26,31.9,0.0,No Promo Use,561,Bronze,Satisfied,1,31.9,11.0,0,0
3260,57,Female,Hat,Accessories,95,Oklahoma,XL,Indigo,Fall,3.7,No,2-Day Shipping,No,No,5,Debit Card,Every 3 Months,0,0,4,7.3,0.0,No Promo Use,475,Bronze,Neutral,0,7.3,9.2,0,0
3261,39,Female,Scarf,Accessories,36,Wisconsin,M,Violet,Summer,4.5,No,2-Day Shipping,No,No,7,Credit Card,Annually,0,0,1,7.3,0.0,No Promo Use,252,Bronze,Satisfied,1,7.3,4.7,0,0
3262,48,Female,Belt,Accessories,52,Rhode Island,L,Cyan,Winter,3.4,No,Store Pickup,No,No,50,Debit Card,Weekly,0,0,52,100.0,0.0,No Promo Use,2600,Platinum,Neutral,0,100.0,52.3,1,1
3263,42,Female,T-shirt,Clothing,35,Indiana,M,Violet,Spring,2.7,No,Standard,No,No,21,Cash,Every 3 Months,0,0,4,26.8,0.0,No Promo Use,735,Silver,Dissatisfied,0,26.8,14.5,0,0
3264,56,Female,Shorts,Clothing,68,Vermont,S,Black,Fall,4.4,No,Express,No,No,31,Debit Card,Fortnightly,0,0,26,56.3,0.0,No Promo Use,2108,Gold,Satisfied,1,56.3,42.3,1,1
3265,28,Female,Pants,Clothing,50,Maine,S,Charcoal,Winter,4.0,No,Express,No,No,39,Cash,Bi-Weekly,0,0,26,66.1,0.0,No Promo Use,1950,Gold,Neutral,0,66.1,39.1,1,1
3266,40,Female,Sunglasses,Accessories,100,Alabama,M,White,Winter,3.2,No,Express,No,No,28,Credit Card,Fortnightly,0,0,26,52.7,0.0,No Promo Use,2800,Platinum,Dissatisfied,0,52.7,56.4,0,1
3267,49,Female,Coat,Outerwear,74,Alabama,S,Gray,Winter,4.2,No,Next Day Air,No,No,33,Bank Transfer,Weekly,0,0,52,79.2,0.0,No Promo Use,2442,Platinum,Satisfied,1,79.2,49.1,1,1
3268,37,Female,Hoodie,Clothing,45,Idaho,L,Pink,Winter,3.0,No,Store Pickup,No,No,42,Credit Card,Quarterly,0,0,4,52.6,0.0,No Promo Use,1890,Gold,Dissatisfied,0,52.6,37.9,0,1
3269,22,Female,Dress,Clothing,97,Arkansas,M,Cyan,Fall,2.8,No,Free Shipping,No,No,5,Bank Transfer,Every 3 Months,0,0,4,7.3,0.0,No Promo Use,485,Bronze,Dissatisfied,0,7.3,9.4,0,0
3270,27,Female,Blouse,Clothing,60,Ohio,M,Blue,Winter,4.9,No,Express,No,No,25,Cash,Monthly,0,0,12,38.0,0.0,No Promo Use,1500,Gold,Satisfied,1,38.0,30.0,0,0
3271,59,Female,Socks,Clothing,25,Illinois,M,Indigo,Winter,4.7,No,Express,No,No,48,PayPal,Annually,0,0,1,57.6,0.0,No Promo Use,1200,Silver,Satisfied,1,57.6,23.9,1,0
3272,35,Female,Socks,Clothing,55,Nevada,XL,Magenta,Spring,4.4,No,Standard,No,No,30,Credit Card,Weekly,0,0,52,75.5,0.0,No Promo Use,1650,Gold,Satisfied,1,75.5,33.0,1,1
3273,58,Female,Shoes,Footwear,99,Texas,M,Lavender,Winter,3.1,No,Next Day Air,No,No,34,PayPal,Quarterly,0,0,4,42.8,0.0,No Promo Use,3366,Platinum,Dissatisfied,0,42.8,67.9,0,1
3274,58,Female,Belt,Accessories,45,Nevada,S,Orange,Summer,2.6,No,Free Shipping,No,No,34,PayPal,Every 3 Months,0,0,4,42.8,0.0,No Promo Use,1530,Gold,Dissatisfied,0,42.8,30.6,0,0
3275,46,Female,Sweater,Clothing,20,Oklahoma,M,Cyan,Spring,3.9,No,Store Pickup,No,No,14,Cash,Fortnightly,0,0,26,35.5,0.0,No Promo Use,280,Bronze,Neutral,0,35.5,5.3,0,0
3276,43,Female,Pants,Clothing,88,Alabama,XL,Green,Summer,2.6,No,2-Day Shipping,No,No,2,Debit Card,Weekly,0,0,52,41.2,0.0,No Promo Use,176,Bronze,Dissatisfied,0,41.2,3.1,0,0
3277,39,Female,Scarf,Accessories,99,South Dakota,M,White,Summer,4.0,No,Store Pickup,No,No,41,PayPal,Every 3 Months,0,0,4,51.3,0.0,No Promo Use,4059,Platinum,Neutral,0,51.3,81.9,0,1
3278,59,Female,Skirt,Clothing,86,Texas,M,Blue,Spring,4.9,No,Store Pickup,No,No,3,Credit Card,Monthly,0,0,12,11.1,0.0,No Promo Use,258,Bronze,Satisfied,1,11.1,4.8,0,0
3279,59,Female,Dress,Clothing,70,Montana,M,Black,Summer,3.3,No,2-Day Shipping,No,No,18,Bank Transfer,Weekly,0,0,52,60.8,0.0,No Promo Use,1260,Silver,Neutral,0,60.8,25.1,1,0
3280,59,Female,Hat,Accessories,50,Wyoming,S,Red,Fall,3.0,No,Express,No,No,1,Debit Card,Fortnightly,0,0,26,19.6,0.0,No Promo Use,50,Bronze,Dissatisfied,0,19.6,0.6,0,0
3281,45,Female,Handbag,Accessories,57,New York,L,Red,Winter,2.7,No,Next Day Air,No,No,5,PayPal,Monthly,0,0,12,13.5,0.0,No Promo Use,285,Bronze,Dissatisfied,0,13.5,5.4,0,0
3282,27,Female,Pants,Clothing,69,Oregon,L,Gold,Winter,3.1,No,Free Shipping,No,No,41,Bank Transfer,Annually,0,0,1,49.0,0.0,No Promo Use,2829,Platinum,Dissatisfied,0,49.0,57.0,0,1
3283,24,Female,T-shirt,Clothing,94,California,M,Red,Fall,4.8,No,Next Day Air,No,No,5,Credit Card,Monthly,0,0,12,13.5,0.0,No Promo Use,470,Bronze,Satisfied,1,13.5,9.1,0,0
3284,47,Female,Jacket,Outerwear,24,North Carolina,L,Purple,Spring,2.9,No,Express,No,No,10,Debit Card,Every 3 Months,0,0,4,13.4,0.0,No Promo Use,240,Bronze,Dissatisfied,0,13.4,4.4,0,0
3285,70,Female,Scarf,Accessories,79,Kentucky,L,White,Spring,4.5,No,2-Day Shipping,No,No,20,Venmo,Annually,0,0,1,23.3,0.0,No Promo Use,1580,Gold,Satisfied,1,23.3,31.6,0,0
3286,58,Female,Hat,Accessories,31,Hawaii,XL,Magenta,Fall,4.6,No,Free Shipping,No,No,11,Cash,Weekly,0,0,52,52.2,0.0,No Promo Use,341,Bronze,Satisfied,1,52.2,6.5,0,0
3287,45,Female,Jacket,Outerwear,67,Illinois,L,Pink,Winter,5.0,No,Express,No,No,4,Venmo,Fortnightly,0,0,26,23.3,0.0,No Promo Use,268,Bronze,Satisfied,1,23.3,5.0,0,0
3288,24,Female,Skirt,Clothing,63,West Virginia,L,Black,Spring,4.3,No,2-Day Shipping,No,No,38,Credit Card,Weekly,0,0,52,85.3,0.0,No Promo Use,2394,Platinum,Satisfied,1,85.3,48.1,1,1
3289,67,Female,Handbag,Accessories,61,South Carolina,XL,White,Spring,4.9,No,Next Day Air,No,No,19,Credit Card,Bi-Weekly,0,0,26,41.6,0.0,No Promo Use,1159,Silver,Satisfied,1,41.6,23.1,0,0
3290,31,Female,Backpack,Accessories,50,Montana,M,Maroon,Summer,4.0,No,2-Day Shipping,No,No,16,Venmo,Every 3 Months,0,0,4,20.7,0.0,No Promo Use,800,Silver,Neutral,0,20.7,15.8,0,0
3291,52,Female,Coat,Outerwear,82,North Dakota,L,Black,Spring,3.1,No,Free Shipping,No,No,2,PayPal,Monthly,0,0,12,9.9,0.0,No Promo Use,164,Bronze,Dissatisfied,0,9.9,2.9,0,0
3292,29,Female,Belt,Accessories,51,New Mexico,L,Olive,Fall,2.6,No,2-Day Shipping,No,No,11,Cash,Monthly,0,0,12,20.9,0.0,No Promo Use,561,Bronze,Dissatisfied,0,20.9,11.0,0,0
3293,62,Female,Handbag,Accessories,23,Missouri,L,Gray,Spring,4.9,No,Standard,No,No,18,Bank Transfer,Fortnightly,0,0,26,40.4,0.0,No Promo Use,414,Bronze,Satisfied,1,40.4,8.0,0,0
3294,19,Female,Coat,Outerwear,91,West Virginia,M,Gold,Spring,3.5,No,2-Day Shipping,No,No,47,Credit Card,Fortnightly,0,0,26,75.9,0.0,No Promo Use,4277,Platinum,Neutral,0,75.9,86.3,1,1
3295,62,Female,Sweater,Clothing,60,South Carolina,S,Magenta,Spring,4.5,No,Store Pickup,No,No,15,Bank Transfer,Bi-Weekly,0,0,26,36.8,0.0,No Promo Use,900,Silver,Satisfied,1,36.8,17.8,0,0
3296,70,Female,Blouse,Clothing,34,West Virginia,S,Lavender,Summer,2.8,No,Next Day Air,No,No,15,Cash,Weekly,0,0,52,57.1,0.0,No Promo Use,510,Bronze,Dissatisfied,0,57.1,9.9,1,0
3297,20,Female,Blouse,Clothing,23,Alaska,M,Green,Spring,4.2,No,Next Day Air,No,No,47,Venmo,Quarterly,0,0,4,58.7,0.0,No Promo Use,1081,Silver,Satisfied,1,58.7,21.5,1,0
3298,67,Female,Belt,Accessories,82,West Virginia,M,Violet,Fall,4.1,No,Free Shipping,No,No,47,PayPal,Monthly,0,0,12,65.0,0.0,No Promo Use,3854,Platinum,Satisfied,1,65.0,77.8,1,1
3299,65,Female,Jacket,Outerwear,73,New Mexico,M,Brown,Fall,3.5,No,Express,No,No,6,Bank Transfer,Every 3 Months,0,0,4,8.5,0.0,No Promo Use,438,Bronze,Neutral,0,8.5,8.5,0,0
3300,45,Female,Shorts,Clothing,32,South Dakota,L,Teal,Spring,4.0,No,2-Day Shipping,No,No,18,Venmo,Monthly,0,0,12,29.4,0.0,No Promo Use,576,Bronze,Neutral,0,29.4,11.3,0,0
3301,26,Female,Hat,Accessories,80,Oklahoma,M,Charcoal,Spring,4.0,No,Express,No,No,40,Bank Transfer,Bi-Weekly,0,0,26,67.4,0.0,No Promo Use,3200,Platinum,Neutral,0,67.4,64.5,1,1
3302,36,Female,Pants,Clothing,58,Oklahoma,XL,Charcoal,Summer,2.5,No,Free Shipping,No,No,31,Credit Card,Fortnightly,0,0,26,56.3,0.0,No Promo Use,1798,Gold,Dissatisfied,0,56.3,36.1,1,1
3303,36,Female,Blouse,Clothing,82,Alabama,XL,Beige,Winter,4.2,No,Standard,No,No,31,Venmo,Bi-Weekly,0,0,26,56.3,0.0,No Promo Use,2542,Platinum,Satisfied,1,56.3,51.1,1,1
3304,20,Female,Belt,Accessories,60,Mississippi,S,Turquoise,Summer,3.4,No,Next Day Air,No,No,4,Credit Card,Fortnightly,0,0,26,23.3,0.0,No Promo Use,240,Bronze,Neutral,0,23.3,4.4,0,0
3305,30,Female,Handbag,Accessories,79,Mississippi,XL,Orange,Fall,4.8,No,Next Day Air,No,No,36,Bank Transfer,Every 3 Months,0,0,4,45.2,0.0,No Promo Use,2844,Platinum,Satisfied,1,45.2,57.3,0,1
3306,34,Female,Hoodie,Clothing,41,Nebraska,L,Cyan,Summer,4.9,No,Standard,No,No,31,PayPal,Bi-Weekly,0,0,26,56.3,0.0,No Promo Use,1271,Silver,Satisfied,1,56.3,25.4,1,0
3307,63,Female,Jacket,Outerwear,39,Colorado,L,Orange,Summer,3.6,No,Store Pickup,No,No,6,Venmo,Fortnightly,0,0,26,25.7,0.0,No Promo Use,234,Bronze,Neutral,0,25.7,4.3,0,0
3308,18,Female,Scarf,Accessories,36,Pennsylvania,S,Green,Winter,4.0,No,Store Pickup,No,No,1,Cash,Monthly,0,0,12,8.6,0.0,No Promo Use,36,Bronze,Neutral,0,8.6,0.3,0,0
3309,55,Female,Jeans,Clothing,70,Utah,M,Pink,Fall,2.6,No,Express,No,No,29,Cash,Monthly,0,0,12,42.9,0.0,No Promo Use,2030,Gold,Dissatisfied,0,42.9,40.8,0,1
3310,48,Female,Handbag,Accessories,47,Massachusetts,M,Blue,Summer,3.1,No,Store Pickup,No,No,19,PayPal,Monthly,0,0,12,30.7,0.0,No Promo Use,893,Silver,Dissatisfied,0,30.7,17.7,0,0
3311,45,Female,Jacket,Outerwear,27,Iowa,M,Pink,Winter,3.6,No,Free Shipping,No,No,12,PayPal,Fortnightly,0,0,26,33.1,0.0,No Promo Use,324,Bronze,Neutral,0,33.1,6.1,0,0
3312,29,Female,Hat,Accessories,52,Florida,L,Blue,Summer,4.0,No,Express,No,No,18,Bank Transfer,Annually,0,0,1,20.8,0.0,No Promo Use,936,Silver,Neutral,0,20.8,18.6,0,0
3313,55,Female,Sneakers,Footwear,75,Louisiana,L,Black,Summer,3.9,No,Next Day Air,No,No,45,Cash,Quarterly,0,0,4,56.2,0.0,No Promo Use,3375,Platinum,Neutral,0,56.2,68.0,1,1
3314,55,Female,Hat,Accessories,30,Kansas,XL,Black,Fall,3.9,No,Express,No,No,45,Credit Card,Monthly,0,0,12,62.5,0.0,No Promo Use,1350,Gold,Neutral,0,62.5,27.0,1,0
3315,55,Female,Socks,Clothing,94,Kansas,M,Violet,Spring,3.3,No,Standard,No,No,8,Credit Card,Quarterly,0,0,4,10.9,0.0,No Promo Use,752,Silver,Neutral,0,10.9,14.8,0,0
3316,48,Female,Scarf,Accessories,68,Kentucky,S,Gold,Summer,2.9,No,Standard,No,No,4,PayPal,Every 3 Months,0,0,4,6.0,0.0,No Promo Use,272,Bronze,Dissatisfied,0,6.0,5.1,0,0
3317,42,Female,Socks,Clothing,45,New Mexico,M,Olive,Summer,3.1,No,Free Shipping,No,No,5,Debit Card,Fortnightly,0,0,26,24.5,0.0,No Promo Use,225,Bronze,Dissatisfied,0,24.5,4.1,0,0
3318,21,Female,Hat,Accessories,67,North Carolina,XL,Pink,Summer,4.7,No,Standard,No,No,30,Cash,Quarterly,0,0,4,37.9,0.0,No Promo Use,2010,Gold,Satisfied,1,37.9,40.4,0,1
3319,45,Female,Jacket,Outerwear,46,North Dakota,M,Olive,Summer,3.9,No,Free Shipping,No,No,15,PayPal,Monthly,0,0,12,25.8,0.0,No Promo Use,690,Silver,Neutral,0,25.8,13.6,0,0
3320,23,Female,Shorts,Clothing,31,North Dakota,M,Indigo,Summer,4.3,No,Next Day Air,No,No,17,Credit Card,Every 3 Months,0,0,4,21.9,0.0,No Promo Use,527,Bronze,Satisfied,1,21.9,10.3,0,0
3321,66,Female,Blouse,Clothing,44,Illinois,XL,Silver,Fall,4.2,No,2-Day Shipping,No,No,45,Cash,Every 3 Months,0,0,4,56.2,0.0,No Promo Use,1980,Gold,Satisfied,1,56.2,39.7,1,1
3322,32,Female,Coat,Outerwear,100,Maine,S,Charcoal,Winter,4.3,No,Next Day Air,No,No,3,Venmo,Annually,0,0,1,2.4,0.0,No Promo Use,300,Bronze,Satisfied,1,2.4,5.7,0,0
3323,52,Female,Sweater,Clothing,92,Indiana,XL,Orange,Winter,4.6,No,Next Day Air,No,No,43,PayPal,Weekly,0,0,52,91.4,0.0,No Promo Use,3956,Platinum,Satisfied,1,91.4,79.8,1,1
3324,54,Female,Handbag,Accessories,78,North Dakota,M,Yellow,Winter,3.8,No,Free Shipping,No,No,4,Credit Card,Monthly,0,0,12,12.3,0.0,No Promo Use,312,Bronze,Neutral,0,12.3,5.9,0,0
3325,37,Female,T-shirt,Clothing,32,Missouri,S,Red,Fall,3.3,No,Standard,No,No,41,Venmo,Weekly,0,0,52,89.0,0.0,No Promo Use,1312,Gold,Neutral,0,89.0,26.2,1,0
3326,29,Female,Sandals,Footwear,97,Alaska,M,Maroon,Fall,3.7,No,2-Day Shipping,No,No,16,Venmo,Monthly,0,0,12,27.0,0.0,No Promo Use,1552,Gold,Neutral,0,27.0,31.1,0,0
3327,47,Female,Gloves,Accessories,95,North Dakota,M,Magenta,Summer,4.3,No,Standard,No,No,10,Debit Card,Annually,0,0,1,11.0,0.0,No Promo Use,950,Silver,Satisfied,1,11.0,18.8,0,0
3328,47,Female,Shorts,Clothing,64,Connecticut,M,Black,Spring,4.1,No,Express,No,No,2,Debit Card,Quarterly,0,0,4,3.6,0.0,No Promo Use,128,Bronze,Satisfied,1,3.6,2.2,0,0
3329,42,Female,Sandals,Footwear,35,Wisconsin,M,Violet,Spring,3.2,No,Free Shipping,No,No,11,Cash,Bi-Weekly,0,0,26,31.9,0.0,No Promo Use,385,Bronze,Dissatisfied,0,31.9,7.4,0,0
3330,34,Female,Backpack,Accessories,54,New Jersey,M,Gray,Winter,3.8,No,Express,No,No,1,Debit Card,Bi-Weekly,0,0,26,19.6,0.0,No Promo Use,54,Bronze,Neutral,0,19.6,0.7,0,0
3331,38,Female,Sneakers,Footwear,96,Missouri,M,Black,Spring,3.2,No,2-Day Shipping,No,No,41,Bank Transfer,Quarterly,0,0,4,51.3,0.0,No Promo Use,3936,Platinum,Dissatisfied,0,51.3,79.4,0,1
3332,55,Female,Sunglasses,Accessories,58,California,M,Pink,Summer,3.5,No,Free Shipping,No,No,39,PayPal,Quarterly,0,0,4,48.9,0.0,No Promo Use,2262,Platinum,Neutral,0,48.9,45.5,0,1
3333,27,Female,T-shirt,Clothing,23,Washington,M,Silver,Summer,3.1,No,2-Day Shipping,No,No,1,PayPal,Bi-Weekly,0,0,26,19.6,0.0,No Promo Use,23,Bronze,Dissatisfied,0,19.6,0.0,0,0
3334,55,Female,Jeans,Clothing,35,Minnesota,M,Violet,Spring,4.2,No,Express,No,No,3,PayPal,Monthly,0,0,12,11.1,0.0,No Promo Use,105,Bronze,Satisfied,1,11.1,1.7,0,0
3335,66,Female,Shirt,Clothing,23,California,M,Beige,Summer,3.4,No,Free Shipping,No,No,21,Credit Card,Annually,0,0,1,24.5,0.0,No Promo Use,483,Bronze,Neutral,0,24.5,9.4,0,0
3336,44,Female,Hat,Accessories,94,Texas,XL,Cyan,Winter,3.5,No,Express,No,No,48,Bank Transfer,Quarterly,0,0,4,59.9,0.0,No Promo Use,4512,Platinum,Neutral,0,59.9,91.1,1,1
3337,39,Female,Blouse,Clothing,45,Montana,M,Brown,Fall,4.0,No,Free Shipping,No,No,24,Debit Card,Annually,0,0,1,28.2,0.0,No Promo Use,1080,Silver,Neutral,0,28.2,21.5,0,0
3338,23,Female,Jacket,Outerwear,23,Arizona,L,Blue,Winter,4.4,No,2-Day Shipping,No,No,45,Bank Transfer,Bi-Weekly,0,0,26,73.5,0.0,No Promo Use,1035,Silver,Satisfied,1,73.5,20.6,1,0
3339,29,Female,Skirt,Clothing,94,Minnesota,L,White,Winter,2.9,No,2-Day Shipping,No,No,46,Credit Card,Monthly,0,0,12,63.7,0.0,No Promo Use,4324,Platinum,Dissatisfied,0,63.7,87.3,1,1
3340,20,Female,Gloves,Accessories,99,Nebraska,M,Cyan,Fall,3.6,No,Store Pickup,No,No,35,Cash,Fortnightly,0,0,26,61.2,0.0,No Promo Use,3465,Platinum,Neutral,0,61.2,69.9,1,1
3341,42,Female,T-shirt,Clothing,36,Virginia,XL,Maroon,Fall,4.4,No,Free Shipping,No,No,47,Credit Card,Fortnightly,0,0,26,75.9,0.0,No Promo Use,1692,Gold,Satisfied,1,75.9,33.9,1,1
3342,55,Female,Jacket,Outerwear,50,Connecticut,XL,Olive,Summer,4.5,No,Standard,No,No,35,Credit Card,Monthly,0,0,12,50.3,0.0,No Promo Use,1750,Gold,Satisfied,1,50.3,35.1,0,1
3343,66,Female,Jacket,Outerwear,81,New Jersey,M,Violet,Spring,3.8,No,Free Shipping,No,No,45,Credit Card,Weekly,0,0,52,93.9,0.0,No Promo Use,3645,Platinum,Neutral,0,93.9,73.5,1,1
3344,24,Female,Shorts,Clothing,31,Kentucky,XL,Green,Winter,3.6,No,2-Day Shipping,No,No,6,Cash,Bi-Weekly,0,0,26,25.7,0.0,No Promo Use,186,Bronze,Neutral,0,25.7,3.3,0,0
3345,62,Female,Hat,Accessories,48,Washington,XL,Magenta,Fall,4.3,No,Free Shipping,No,No,20,Cash,Annually,0,0,1,23.3,0.0,No Promo Use,960,Silver,Satisfied,1,23.3,19.1,0,0
3346,28,Female,Handbag,Accessories,91,Florida,M,Turquoise,Summer,4.0,No,2-Day Shipping,No,No,3,Venmo,Bi-Weekly,0,0,26,22.1,0.0,No Promo Use,273,Bronze,Neutral,0,22.1,5.1,0,0
3347,30,Female,Jeans,Clothing,99,Oklahoma,M,Black,Summer,3.4,No,Express,No,No,30,Venmo,Quarterly,0,0,4,37.9,0.0,No Promo Use,2970,Platinum,Neutral,0,37.9,59.8,0,1
3348,22,Female,Shoes,Footwear,70,Iowa,XL,Cyan,Summer,4.4,No,Standard,No,No,28,PayPal,Bi-Weekly,0,0,26,52.7,0.0,No Promo Use,1960,Gold,Satisfied,1,52.7,39.3,0,1
3349,28,Female,T-shirt,Clothing,74,New Hampshire,L,Gray,Winter,2.8,No,Standard,No,No,15,Cash,Every 3 Months,0,0,4,19.5,0.0,No Promo Use,1110,Silver,Dissatisfied,0,19.5,22.1,0,0
3350,35,Female,Jewelry,Accessories,79,Georgia,M,Red,Fall,2.8,No,Store Pickup,No,No,29,PayPal,Quarterly,0,0,4,36.6,0.0,No Promo Use,2291,Platinum,Dissatisfied,0,36.6,46.1,0,1
3351,45,Female,Handbag,Accessories,33,Mississippi,S,Olive,Fall,4.9,No,2-Day Shipping,No,No,15,Cash,Bi-Weekly,0,0,26,36.8,0.0,No Promo Use,495,Bronze,Satisfied,1,36.8,9.6,0,0
3352,43,Female,Shirt,Clothing,49,New Hampshire,L,Cyan,Spring,4.2,No,2-Day Shipping,No,No,18,Bank Transfer,Fortnightly,0,0,26,40.4,0.0,No Promo Use,882,Silver,Satisfied,1,40.4,17.5,0,0
3353,55,Female,Belt,Accessories,96,Washington,M,Teal,Summer,2.9,No,Next Day Air,No,No,7,Bank Transfer,Bi-Weekly,0,0,26,27.0,0.0,No Promo Use,672,Silver,Dissatisfied,0,27.0,13.2,0,0
3354,31,Female,Dress,Clothing,66,Ohio,L,Teal,Fall,4.6,No,Free Shipping,No,No,19,Credit Card,Every 3 Months,0,0,4,24.4,0.0,No Promo Use,1254,Silver,Satisfied,1,24.4,25.0,0,0
3355,42,Female,Skirt,Clothing,45,Maryland,M,Orange,Fall,2.8,No,Next Day Air,No,No,15,PayPal,Weekly,0,0,52,57.1,0.0,No Promo Use,675,Silver,Dissatisfied,0,57.1,13.3,1,0
3356,40,Female,Blouse,Clothing,28,Delaware,M,Peach,Spring,2.6,No,Store Pickup,No,No,3,Bank Transfer,Bi-Weekly,0,0,26,22.1,0.0,No Promo Use,84,Bronze,Dissatisfied,0,22.1,1.3,0,0
3357,39,Female,Jeans,Clothing,48,Tennessee,M,Silver,Summer,3.5,No,Store Pickup,No,No,13,PayPal,Bi-Weekly,0,0,26,34.3,0.0,No Promo Use,624,Silver,Neutral,0,34.3,12.2,0,0
3358,41,Female,Hoodie,Clothing,67,Arkansas,M,Pink,Winter,3.5,No,Free Shipping,No,No,37,Credit Card,Monthly,0,0,12,52.7,0.0,No Promo Use,2479,Platinum,Neutral,0,52.7,49.9,0,1
3359,56,Female,T-shirt,Clothing,59,Tennessee,M,Magenta,Fall,3.4,No,2-Day Shipping,No,No,26,Cash,Annually,0,0,1,30.6,0.0,No Promo Use,1534,Gold,Neutral,0,30.6,30.7,0,0
3360,43,Female,Sunglasses,Accessories,74,New Hampshire,L,Red,Fall,3.9,No,Next Day Air,No,No,29,Debit Card,Monthly,0,0,12,42.9,0.0,No Promo Use,2146,Gold,Neutral,0,42.9,43.1,0,1
3361,22,Female,Jacket,Outerwear,81,Minnesota,M,Maroon,Spring,3.3,No,2-Day Shipping,No,No,47,Cash,Every 3 Months,0,0,4,58.7,0.0,No Promo Use,3807,Platinum,Neutral,0,58.7,76.8,1,1
3362,47,Female,Shoes,Footwear,26,Florida,M,Silver,Spring,4.1,No,Free Shipping,No,No,47,Credit Card,Bi-Weekly,0,0,26,75.9,0.0,No Promo Use,1222,Silver,Satisfied,1,75.9,24.4,1,0
3363,50,Female,Handbag,Accessories,61,Tennessee,M,Gray,Summer,3.0,No,Next Day Air,No,No,48,Venmo,Fortnightly,0,0,26,77.2,0.0,No Promo Use,2928,Platinum,Dissatisfied,0,77.2,59.0,1,1
3364,58,Female,Sweater,Clothing,23,California,M,Turquoise,Winter,3.0,No,Next Day Air,No,No,46,Bank Transfer,Bi-Weekly,0,0,26,74.7,0.0,No Promo Use,1058,Silver,Dissatisfied,0,74.7,21.0,1,0
3365,50,Female,Scarf,Accessories,33,Oregon,M,Peach,Fall,3.2,No,Standard,No,No,7,Credit Card,Monthly,0,0,12,16.0,0.0,No Promo Use,231,Bronze,Dissatisfied,0,16.0,4.3,0,0
3366,43,Female,Skirt,Clothing,58,Tennessee,L,Teal,Fall,3.9,No,Express,No,No,45,Credit Card,Every 3 Months,0,0,4,56.2,0.0,No Promo Use,2610,Platinum,Neutral,0,56.2,52.5,1,1
3367,38,Female,Gloves,Accessories,65,North Carolina,M,Red,Spring,3.6,No,2-Day Shipping,No,No,47,Debit Card,Quarterly,0,0,4,58.7,0.0,No Promo Use,3055,Platinum,Neutral,0,58.7,61.6,1,1
3368,44,Female,T-shirt,Clothing,48,Tennessee,M,Blue,Summer,3.1,No,Store Pickup,No,No,6,Venmo,Fortnightly,0,0,26,25.7,0.0,No Promo Use,288,Bronze,Dissatisfied,0,25.7,5.4,0,0
3369,30,Female,Sandals,Footwear,25,Nebraska,M,Blue,Spring,4.8,No,Express,No,No,29,Bank Transfer,Every 3 Months,0,0,4,36.6,0.0,No Promo Use,725,Silver,Satisfied,1,36.6,14.3,0,0
3370,47,Female,Sweater,Clothing,51,Maine,M,Indigo,Winter,3.8,No,2-Day Shipping,No,No,42,Cash,Monthly,0,0,12,58.8,0.0,No Promo Use,2142,Gold,Neutral,0,58.8,43.0,1,1
3371,30,Female,Belt,Accessories,31,Illinois,M,Charcoal,Summer,2.8,No,Store Pickup,No,No,46,Cash,Fortnightly,0,0,26,74.7,0.0,No Promo Use,1426,Gold,Dissatisfied,0,74.7,28.5,1,0
3372,49,Female,Hoodie,Clothing,99,Colorado,S,Turquoise,Winter,4.0,No,Next Day Air,No,No,28,PayPal,Annually,0,0,1,33.1,0.0,No Promo Use,2772,Platinum,Neutral,0,33.1,55.8,0,1
3373,56,Female,Socks,Clothing,25,Pennsylvania,M,Maroon,Winter,4.6,No,Free Shipping,No,No,14,Credit Card,Every 3 Months,0,0,4,18.3,0.0,No Promo Use,350,Bronze,Satisfied,1,18.3,6.7,0,0
3374,70,Female,Sandals,Footwear,52,Minnesota,M,Purple,Spring,3.5,No,Store Pickup,No,No,12,Debit Card,Every 3 Months,0,0,4,15.8,0.0,No Promo Use,624,Silver,Neutral,0,15.8,12.2,0,0
3375,22,Female,Blouse,Clothing,47,Nevada,S,Lavender,Spring,3.7,No,2-Day Shipping,No,No,41,Debit Card,Annually,0,0,1,49.0,0.0,No Promo Use,1927,Gold,Neutral,0,49.0,38.7,0,1
3376,51,Female,Boots,Footwear,98,Connecticut,XL,Yellow,Fall,4.9,No,Express,No,No,8,Credit Card,Annually,0,0,1,8.6,0.0,No Promo Use,784,Silver,Satisfied,1,8.6,15.5,0,0
3377,22,Female,Hat,Accessories,46,Ohio,M,Green,Winter,4.1,No,Store Pickup,No,No,24,Cash,Quarterly,0,0,4,30.5,0.0,No Promo Use,1104,Silver,Satisfied,1,30.5,22.0,0,0
3378,37,Female,Shirt,Clothing,32,Kentucky,M,Yellow,Winter,4.6,No,Next Day Air,No,No,18,PayPal,Fortnightly,0,0,26,40.4,0.0,No Promo Use,576,Bronze,Satisfied,1,40.4,11.3,0,0
3379,49,Female,Shorts,Clothing,75,Minnesota,L,Gold,Fall,4.5,No,Next Day Air,No,No,6,Cash,Quarterly,0,0,4,8.5,0.0,No Promo Use,450,Bronze,Satisfied,1,8.5,8.7,0,0
3380,61,Female,Handbag,Accessories,51,Tennessee,L,Turquoise,Summer,5.0,No,Store Pickup,No,No,40,Cash,Weekly,0,0,52,87.8,0.0,No Promo Use,2040,Gold,Satisfied,1,87.8,41.0,1,1
3381,41,Female,Dress,Clothing,52,North Dakota,L,Blue,Summer,3.8,No,Standard,No,No,6,PayPal,Every 3 Months,0,0,4,8.5,0.0,No Promo Use,312,Bronze,Neutral,0,8.5,5.9,0,0
3382,57,Female,Hat,Accessories,66,Minnesota,L,Turquoise,Winter,4.7,No,Standard,No,No,27,Credit Card,Quarterly,0,0,4,34.2,0.0,No Promo Use,1782,Gold,Satisfied,1,34.2,35.7,0,1
3383,34,Female,Sweater,Clothing,35,Nebraska,M,Maroon,Spring,2.8,No,Express,No,No,2,Bank Transfer,Weekly,0,0,52,41.2,0.0,No Promo Use,70,Bronze,Dissatisfied,0,41.2,1.0,0,0
3384,27,Female,Coat,Outerwear,43,Delaware,M,Pink,Fall,2.6,No,Next Day Air,No,No,39,Venmo,Bi-Weekly,0,0,26,66.1,0.0,No Promo Use,1677,Gold,Dissatisfied,0,66.1,33.6,1,1
3385,39,Female,Hoodie,Clothing,24,Minnesota,L,Maroon,Summer,3.8,No,Free Shipping,No,No,9,Venmo,Quarterly,0,0,4,12.1,0.0,No Promo Use,216,Bronze,Neutral,0,12.1,4.0,0,0
3386,62,Female,Jewelry,Accessories,83,Rhode Island,M,Olive,Winter,2.8,No,Standard,No,No,16,Credit Card,Every 3 Months,0,0,4,20.7,0.0,No Promo Use,1328,Gold,Dissatisfied,0,20.7,26.5,0,0
3387,34,Female,T-shirt,Clothing,62,Michigan,M,Lavender,Fall,2.6,No,2-Day Shipping,No,No,36,Cash,Quarterly,0,0,4,45.2,0.0,No Promo Use,2232,Platinum,Dissatisfied,0,45.2,44.9,0,1
3388,53,Female,Pants,Clothing,78,New Jersey,S,Pink,Spring,3.4,No,2-Day Shipping,No,No,2,Credit Card,Bi-Weekly,0,0,26,20.8,0.0,No Promo Use,156,Bronze,Neutral,0,20.8,2.7,0,0
3389,35,Female,Sweater,Clothing,61,South Dakota,M,Cyan,Spring,4.5,No,Store Pickup,No,No,21,Credit Card,Weekly,0,0,52,64.5,0.0,No Promo Use,1281,Gold,Satisfied,1,64.5,25.6,1,0
3390,38,Female,Pants,Clothing,57,North Carolina,L,Maroon,Fall,3.8,No,Free Shipping,No,No,39,Venmo,Annually,0,0,1,46.5,0.0,No Promo Use,2223,Platinum,Neutral,0,46.5,44.7,0,1
3391,32,Female,Socks,Clothing,70,Oregon,S,Red,Summer,3.0,No,Next Day Air,No,No,38,PayPal,Annually,0,0,1,45.3,0.0,No Promo Use,2660,Platinum,Dissatisfied,0,45.3,53.5,0,1
3392,47,Female,Hoodie,Clothing,57,Montana,M,Silver,Fall,3.7,No,2-Day Shipping,No,No,6,Debit Card,Every 3 Months,0,0,4,8.5,0.0,No Promo Use,342,Bronze,Neutral,0,8.5,6.5,0,0
3393,53,Female,Scarf,Accessories,74,New Jersey,XL,Blue,Winter,4.4,No,Free Shipping,No,No,6,Venmo,Bi-Weekly,0,0,26,25.7,0.0,No Promo Use,444,Bronze,Satisfied,1,25.7,8.6,0,0
3394,60,Female,Dress,Clothing,90,Arizona,M,Gold,Fall,3.1,No,Next Day Air,No,No,50,Debit Card,Monthly,0,0,12,68.6,0.0,No Promo Use,4500,Platinum,Dissatisfied,0,68.6,90.9,1,1
3395,31,Female,Sandals,Footwear,98,Vermont,S,Yellow,Spring,4.2,No,Store Pickup,No,No,9,PayPal,Annually,0,0,1,9.8,0.0,No Promo Use,882,Silver,Satisfied,1,9.8,17.5,0,0
3396,44,Female,Dress,Clothing,43,Colorado,M,Silver,Winter,3.1,No,Free Shipping,No,No,15,Debit Card,Every 3 Months,0,0,4,19.5,0.0,No Promo Use,645,Silver,Dissatisfied,0,19.5,12.7,0,0
3397,29,Female,Pants,Clothing,37,Tennessee,XL,Black,Winter,5.0,No,Next Day Air,No,No,5,PayPal,Quarterly,0,0,4,7.3,0.0,No Promo Use,185,Bronze,Satisfied,1,7.3,3.3,0,0
3398,19,Female,Blouse,Clothing,38,New Jersey,L,Yellow,Summer,2.7,No,Standard,No,No,13,Bank Transfer,Bi-Weekly,0,0,26,34.3,0.0,No Promo Use,494,Bronze,Dissatisfied,0,34.3,9.6,0,0
3399,54,Female,Jeans,Clothing,60,Montana,L,Pink,Winter,3.8,No,Standard,No,No,44,Cash,Fortnightly,0,0,26,72.3,0.0,No Promo Use,2640,Platinum,Neutral,0,72.3,53.1,1,1
3400,40,Female,Pants,Clothing,55,Montana,XL,Yellow,Winter,3.3,No,Standard,No,No,36,Debit Card,Annually,0,0,1,42.9,0.0,No Promo Use,1980,Gold,Neutral,0,42.9,39.7,0,1
3401,39,Female,Sunglasses,Accessories,51,Nevada,M,Lavender,Fall,4.8,No,Free Shipping,No,No,18,Venmo,Fortnightly,0,0,26,40.4,0.0,No Promo Use,918,Silver,Satisfied,1,40.4,18.2,0,0
3402,44,Female,Backpack,Accessories,71,Nevada,L,Peach,Winter,3.4,No,Standard,No,No,39,Credit Card,Weekly,0,0,52,86.5,0.0,No Promo Use,2769,Platinum,Neutral,0,86.5,55.8,1,1
3403,22,Female,Hoodie,Clothing,61,Louisiana,M,Black,Spring,4.4,No,2-Day Shipping,No,No,11,PayPal,Every 3 Months,0,0,4,14.6,0.0,No Promo Use,671,Silver,Satisfied,1,14.6,13.2,0,0
3404,30,Female,Boots,Footwear,65,Illinois,M,Olive,Summer,3.9,No,Standard,No,No,1,Cash,Bi-Weekly,0,0,26,19.6,0.0,No Promo Use,65,Bronze,Neutral,0,19.6,0.9,0,0
3405,69,Female,Gloves,Accessories,34,South Carolina,L,Olive,Fall,3.9,No,2-Day Shipping,No,No,34,Credit Card,Annually,0,0,1,40.4,0.0,No Promo Use,1156,Silver,Neutral,0,40.4,23.0,0,0
3406,28,Female,Blouse,Clothing,87,Washington,M,White,Summer,4.2,No,Store Pickup,No,No,47,Bank Transfer,Bi-Weekly,0,0,26,75.9,0.0,No Promo Use,4089,Platinum,Satisfied,1,75.9,82.5,1,1
3407,57,Female,Sweater,Clothing,79,Nebraska,M,Red,Spring,4.0,No,Store Pickup,No,No,24,Venmo,Quarterly,0,0,4,30.5,0.0,No Promo Use,1896,Gold,Neutral,0,30.5,38.0,0,1
3408,46,Female,Dress,Clothing,46,Alabama,S,Purple,Spring,2.6,No,Store Pickup,No,No,20,Cash,Quarterly,0,0,4,25.6,0.0,No Promo Use,920,Silver,Dissatisfied,0,25.6,18.2,0,0
3409,48,Female,Socks,Clothing,72,Montana,L,Purple,Summer,4.4,No,Standard,No,No,11,Bank Transfer,Annually,0,0,1,12.2,0.0,No Promo Use,792,Silver,Satisfied,1,12.2,15.6,0,0
3410,24,Female,Shirt,Clothing,93,Minnesota,M,Teal,Summer,3.2,No,Next Day Air,No,No,3,Credit Card,Every 3 Months,0,0,4,4.8,0.0,No Promo Use,279,Bronze,Dissatisfied,0,4.8,5.2,0,0
3411,50,Female,Sandals,Footwear,76,Ohio,L,Teal,Summer,4.3,No,Free Shipping,No,No,38,Bank Transfer,Bi-Weekly,0,0,26,64.9,0.0,No Promo Use,2888,Platinum,Satisfied,1,64.9,58.2,1,1
3412,29,Female,Shoes,Footwear,56,New York,L,Gray,Winter,4.9,No,2-Day Shipping,No,No,45,Cash,Weekly,0,0,52,93.9,0.0,No Promo Use,2520,Platinum,Satisfied,1,93.9,50.7,1,1
3413,61,Female,Sandals,Footwear,83,Indiana,M,Magenta,Fall,3.8,No,Store Pickup,No,No,31,Venmo,Quarterly,0,0,4,39.1,0.0,No Promo Use,2573,Platinum,Neutral,0,39.1,51.8,0,1
3414,34,Female,Gloves,Accessories,90,Delaware,XL,Black,Winter,2.5,No,Express,No,No,16,PayPal,Bi-Weekly,0,0,26,38.0,0.0,No Promo Use,1440,Gold,Dissatisfied,0,38.0,28.8,0,0
3415,27,Female,Boots,Footwear,94,Connecticut,M,Maroon,Spring,4.9,No,Next Day Air,No,No,3,Bank Transfer,Quarterly,0,0,4,4.8,0.0,No Promo Use,282,Bronze,Satisfied,1,4.8,5.3,0,0
3416,38,Female,Blouse,Clothing,68,New York,M,Gold,Fall,3.0,No,2-Day Shipping,No,No,15,Bank Transfer,Annually,0,0,1,17.1,0.0,No Promo Use,1020,Silver,Dissatisfied,0,17.1,20.3,0,0
3417,25,Female,Sandals,Footwear,53,Alabama,M,Purple,Spring,3.2,No,Store Pickup,No,No,11,Bank Transfer,Every 3 Months,0,0,4,14.6,0.0,No Promo Use,583,Bronze,Dissatisfied,0,14.6,11.4,0,0
3418,54,Female,Coat,Outerwear,35,Massachusetts,M,Blue,Summer,2.9,No,2-Day Shipping,No,No,22,Debit Card,Fortnightly,0,0,26,45.3,0.0,No Promo Use,770,Silver,Dissatisfied,0,45.3,15.2,0,0
3419,53,Female,Jacket,Outerwear,30,South Carolina,M,Beige,Summer,2.8,No,Free Shipping,No,No,35,Debit Card,Annually,0,0,1,41.6,0.0,No Promo Use,1050,Silver,Dissatisfied,0,41.6,20.9,0,0
3420,23,Female,Jewelry,Accessories,26,West Virginia,L,Indigo,Winter,3.1,No,Store Pickup,No,No,5,Venmo,Bi-Weekly,0,0,26,24.5,0.0,No Promo Use,130,Bronze,Dissatisfied,0,24.5,2.2,0,0
3421,19,Female,Hat,Accessories,60,Kentucky,M,Purple,Winter,3.4,No,Express,No,No,35,PayPal,Bi-Weekly,0,0,26,61.2,0.0,No Promo Use,2100,Gold,Neutral,0,61.2,42.2,1,1
3422,57,Female,Shoes,Footwear,30,New Jersey,M,Maroon,Summer,2.9,No,Free Shipping,No,No,27,PayPal,Weekly,0,0,52,71.8,0.0,No Promo Use,810,Silver,Dissatisfied,0,71.8,16.0,1,0
3423,19,Female,Coat,Outerwear,91,New York,L,Beige,Winter,3.2,No,Next Day Air,No,No,9,Venmo,Monthly,0,0,12,18.4,0.0,No Promo Use,819,Silver,Dissatisfied,0,18.4,16.2,0,0
3424,33,Female,Boots,Footwear,71,Massachusetts,M,Brown,Spring,3.8,No,Next Day Air,No,No,21,PayPal,Bi-Weekly,0,0,26,44.1,0.0,No Promo Use,1491,Gold,Neutral,0,44.1,29.8,0,0
3425,33,Female,Scarf,Accessories,64,Florida,L,Green,Summer,3.6,No,2-Day Shipping,No,No,23,Credit Card,Monthly,0,0,12,35.6,0.0,No Promo Use,1472,Gold,Neutral,0,35.6,29.4,0,0
3426,38,Female,Hat,Accessories,54,Michigan,M,Blue,Summer,4.3,No,Next Day Air,No,No,3,Debit Card,Bi-Weekly,0,0,26,22.1,0.0,No Promo Use,162,Bronze,Satisfied,1,22.1,2.9,0,0
3427,47,Female,Socks,Clothing,35,Oregon,XL,Magenta,Fall,4.8,No,2-Day Shipping,No,No,31,Credit Card,Annually,0,0,1,36.7,0.0,No Promo Use,1085,Silver,Satisfied,1,36.7,21.6,0,0
3428,39,Female,T-shirt,Clothing,38,Michigan,XL,Turquoise,Winter,2.5,No,Store Pickup,No,No,44,Cash,Annually,0,0,1,52.7,0.0,No Promo Use,1672,Gold,Dissatisfied,0,52.7,33.5,0,1
3429,32,Female,Jewelry,Accessories,69,Washington,M,Gray,Fall,2.5,No,Next Day Air,No,No,20,Venmo,Monthly,0,0,12,31.9,0.0,No Promo Use,1380,Gold,Dissatisfied,0,31.9,27.6,0,0
3430,27,Female,Skirt,Clothing,96,Alaska,S,Purple,Winter,4.6,No,Express,No,No,34,Debit Card,Weekly,0,0,52,80.4,0.0,No Promo Use,3264,Platinum,Satisfied,1,80.4,65.8,1,1
3431,67,Female,Socks,Clothing,73,Montana,M,Lavender,Winter,4.2,No,Next Day Air,No,No,17,Bank Transfer,Every 3 Months,0,0,4,21.9,0.0,No Promo Use,1241,Silver,Satisfied,1,21.9,24.8,0,0
3432,46,Female,Belt,Accessories,49,New Mexico,S,Green,Summer,4.2,No,Express,No,No,20,Venmo,Annually,0,0,1,23.3,0.0,No Promo Use,980,Silver,Satisfied,1,23.3,19.5,0,0
3433,36,Female,Boots,Footwear,44,Connecticut,M,Gray,Summer,4.8,No,2-Day Shipping,No,No,46,PayPal,Every 3 Months,0,0,4,57.5,0.0,No Promo Use,2024,Gold,Satisfied,1,57.5,40.6,1,1
3434,62,Female,Socks,Clothing,93,Alaska,M,Yellow,Spring,4.5,No,Free Shipping,No,No,28,PayPal,Annually,0,0,1,33.1,0.0,No Promo Use,2604,Platinum,Satisfied,1,33.1,52.4,0,1
3435,31,Female,Pants,Clothing,72,Ohio,S,Orange,Summer,3.3,No,2-Day Shipping,No,No,6,Venmo,Fortnightly,0,0,26,25.7,0.0,No Promo Use,432,Bronze,Neutral,0,25.7,8.3,0,0
3436,68,Female,Socks,Clothing,91,Montana,M,Beige,Summer,2.7,No,2-Day Shipping,No,No,50,Debit Card,Bi-Weekly,0,0,26,79.6,0.0,No Promo Use,4550,Platinum,Dissatisfied,0,79.6,91.9,1,1
3437,57,Female,Belt,Accessories,83,Nebraska,L,Peach,Winter,2.8,No,2-Day Shipping,No,No,41,Bank Transfer,Monthly,0,0,12,57.6,0.0,No Promo Use,3403,Platinum,Dissatisfied,0,57.6,68.6,1,1
3438,22,Female,Jacket,Outerwear,62,Oklahoma,S,Green,Winter,3.5,No,2-Day Shipping,No,No,50,PayPal,Annually,0,0,1,60.0,0.0,No Promo Use,3100,Platinum,Neutral,0,60.0,62.5,1,1
3439,26,Female,Shirt,Clothing,71,Kentucky,M,Violet,Fall,3.0,No,Store Pickup,No,No,33,Credit Card,Monthly,0,0,12,47.8,0.0,No Promo Use,2343,Platinum,Dissatisfied,0,47.8,47.1,0,1
3440,43,Female,Gloves,Accessories,93,Idaho,M,Gray,Summer,4.5,No,Express,No,No,25,Venmo,Quarterly,0,0,4,31.7,0.0,No Promo Use,2325,Platinum,Satisfied,1,31.7,46.7,0,1
3441,45,Female,Handbag,Accessories,63,Maryland,L,Magenta,Fall,4.3,No,2-Day Shipping,No,No,2,PayPal,Weekly,0,0,52,41.2,0.0,No Promo Use,126,Bronze,Satisfied,1,41.2,2.1,0,0
3442,64,Female,Sweater,Clothing,96,Tennessee,XL,Charcoal,Fall,4.1,No,Standard,No,No,15,Credit Card,Annually,0,0,1,17.1,0.0,No Promo Use,1440,Gold,Satisfied,1,17.1,28.8,0,0
3443,28,Female,Skirt,Clothing,78,Michigan,M,Violet,Spring,4.3,No,Next Day Air,No,No,12,PayPal,Weekly,0,0,52,53.5,0.0,No Promo Use,936,Silver,Satisfied,1,53.5,18.6,0,0
3444,47,Female,Dress,Clothing,24,Tennessee,L,Silver,Summer,5.0,No,Free Shipping,No,No,28,Cash,Bi-Weekly,0,0,26,52.7,0.0,No Promo Use,672,Silver,Satisfied,1,52.7,13.2,0,0
3445,53,Female,Pants,Clothing,63,Rhode Island,S,Green,Summer,3.8,No,2-Day Shipping,No,No,12,Bank Transfer,Bi-Weekly,0,0,26,33.1,0.0,No Promo Use,756,Silver,Neutral,0,33.1,14.9,0,0
3446,42,Female,Hat,Accessories,58,Florida,M,Magenta,Fall,4.9,No,Standard,No,No,3,Debit Card,Annually,0,0,1,2.4,0.0,No Promo Use,174,Bronze,Satisfied,1,2.4,3.1,0,0
3447,51,Female,Boots,Footwear,55,Louisiana,S,Purple,Spring,5.0,No,2-Day Shipping,No,No,20,Cash,Weekly,0,0,52,63.3,0.0,No Promo Use,1100,Silver,Satisfied,1,63.3,21.9,1,0
3448,62,Female,Sandals,Footwear,58,Arkansas,M,Blue,Fall,4.3,No,Express,No,No,3,Bank Transfer,Bi-Weekly,0,0,26,22.1,0.0,No Promo Use,174,Bronze,Satisfied,1,22.1,3.1,0,0
3449,18,Female,Coat,Outerwear,28,Kentucky,S,Yellow,Winter,4.1,No,Express,No,No,32,Bank Transfer,Fortnightly,0,0,26,57.6,0.0,No Promo Use,896,Silver,Satisfied,1,57.6,17.8,1,0
3450,48,Female,Blouse,Clothing,37,Kansas,M,Brown,Spring,4.5,No,Standard,No,No,35,Cash,Monthly,0,0,12,50.3,0.0,No Promo Use,1295,Gold,Satisfied,1,50.3,25.8,0,0
3451,20,Female,Shorts,Clothing,78,Vermont,M,Pink,Spring,3.6,No,Store Pickup,No,No,31,PayPal,Monthly,0,0,12,45.4,0.0,No Promo Use,2418,Platinum,Neutral,0,45.4,48.6,0,1
3452,32,Female,Blouse,Clothing,73,Nevada,XL,Silver,Fall,3.0,No,Free Shipping,No,No,13,Credit Card,Annually,0,0,1,14.7,0.0,No Promo Use,949,Silver,Dissatisfied,0,14.7,18.8,0,0
3453,26,Female,Jacket,Outerwear,20,Oklahoma,M,Indigo,Spring,3.7,No,Next Day Air,No,No,3,Venmo,Fortnightly,0,0,26,22.1,0.0,No Promo Use,60,Bronze,Neutral,0,22.1,0.8,0,0
3454,31,Female,Shirt,Clothing,60,Alabama,L,Pink,Winter,4.3,No,Standard,No,No,48,Venmo,Bi-Weekly,0,0,26,77.2,0.0,No Promo Use,2880,Platinum,Satisfied,1,77.2,58.0,1,1
3455,55,Female,Handbag,Accessories,71,Louisiana,S,Lavender,Fall,4.6,No,Store Pickup,No,No,15,PayPal,Bi-Weekly,0,0,26,36.8,0.0,No Promo Use,1065,Silver,Satisfied,1,36.8,21.2,0,0
3456,49,Female,T-shirt,Clothing,89,Ohio,M,Orange,Fall,4.7,No,Standard,No,No,13,Venmo,Annually,0,0,1,14.7,0.0,No Promo Use,1157,Silver,Satisfied,1,14.7,23.0,0,0
3457,42,Female,Hoodie,Clothing,53,Texas,M,Red,Fall,4.6,No,Express,No,No,21,Venmo,Monthly,0,0,12,33.1,0.0,No Promo Use,1113,Silver,Satisfied,1,33.1,22.2,0,0
3458,64,Female,Jewelry,Accessories,87,Maryland,M,Gray,Summer,3.0,No,Express,No,No,29,Cash,Fortnightly,0,0,26,53.9,0.0,No Promo Use,2523,Platinum,Dissatisfied,0,53.9,50.8,0,1
3459,68,Female,Jewelry,Accessories,37,West Virginia,L,Violet,Spring,3.4,No,Standard,No,No,24,Venmo,Quarterly,0,0,4,30.5,0.0,No Promo Use,888,Silver,Neutral,0,30.5,17.6,0,0
3460,68,Female,Hoodie,Clothing,37,Ohio,L,Green,Fall,3.8,No,Express,No,No,21,PayPal,Annually,0,0,1,24.5,0.0,No Promo Use,777,Silver,Neutral,0,24.5,15.3,0,0
3461,41,Female,Scarf,Accessories,78,Indiana,M,Gold,Spring,3.1,No,Express,No,No,5,Bank Transfer,Bi-Weekly,0,0,26,24.5,0.0,No Promo Use,390,Bronze,Dissatisfied,0,24.5,7.5,0,0
3462,51,Female,Shoes,Footwear,23,Wyoming,S,Maroon,Spring,4.4,No,Standard,No,No,47,Cash,Quarterly,0,0,4,58.7,0.0,No Promo Use,1081,Silver,Satisfied,1,58.7,21.5,1,0
3463,44,Female,Jeans,Clothing,73,Michigan,L,Olive,Spring,4.5,No,Standard,No,No,34,Credit Card,Every 3 Months,0,0,4,42.8,0.0,No Promo Use,2482,Platinum,Satisfied,1,42.8,49.9,0,1
3464,27,Female,Jewelry,Accessories,27,Maine,M,Yellow,Fall,2.8,No,2-Day Shipping,No,No,45,PayPal,Fortnightly,0,0,26,73.5,0.0,No Promo Use,1215,Silver,Dissatisfied,0,73.5,24.2,1,0
3465,36,Female,Coat,Outerwear,59,Utah,S,Peach,Winter,2.7,No,Next Day Air,No,No,12,PayPal,Annually,0,0,1,13.5,0.0,No Promo Use,708,Silver,Dissatisfied,0,13.5,13.9,0,0
3466,19,Female,Backpack,Accessories,53,Iowa,M,Gold,Spring,3.4,No,Standard,No,No,31,Debit Card,Weekly,0,0,52,76.7,0.0,No Promo Use,1643,Gold,Neutral,0,76.7,32.9,1,1
3467,49,Female,Socks,Clothing,42,Maryland,S,Purple,Summer,4.6,No,Standard,No,No,43,Bank Transfer,Annually,0,0,1,51.4,0.0,No Promo Use,1806,Gold,Satisfied,1,51.4,36.2,0,1
3468,18,Female,Scarf,Accessories,45,Texas,M,Charcoal,Fall,5.0,No,Next Day Air,No,No,5,Credit Card,Annually,0,0,1,4.9,0.0,No Promo Use,225,Bronze,Satisfied,1,4.9,4.1,0,0
3469,36,Female,Sunglasses,Accessories,89,Ohio,S,Indigo,Winter,3.5,No,Standard,No,No,36,Debit Card,Quarterly,0,0,4,45.2,0.0,No Promo Use,3204,Platinum,Neutral,0,45.2,64.6,0,1
3470,36,Female,Socks,Clothing,85,North Dakota,L,Magenta,Fall,3.3,No,Store Pickup,No,No,12,Cash,Annually,0,0,1,13.5,0.0,No Promo Use,1020,Silver,Neutral,0,13.5,20.3,0,0
3471,19,Female,Coat,Outerwear,69,West Virginia,S,Olive,Summer,4.5,No,Free Shipping,No,No,31,Cash,Bi-Weekly,0,0,26,56.3,0.0,No Promo Use,2139,Gold,Satisfied,1,56.3,43.0,1,1
3472,43,Female,Sandals,Footwear,66,North Carolina,S,Blue,Spring,3.1,No,Store Pickup,No,No,31,Cash,Bi-Weekly,0,0,26,56.3,0.0,No Promo Use,2046,Gold,Dissatisfied,0,56.3,41.1,1,1
3473,31,Female,Blouse,Clothing,42,Georgia,S,White,Summer,4.0,No,Free Shipping,No,No,15,Debit Card,Weekly,0,0,52,57.1,0.0,No Promo Use,630,Silver,Neutral,0,57.1,12.4,1,0
3474,63,Female,Dress,Clothing,40,Kansas,M,Cyan,Spring,2.5,No,Express,No,No,11,Cash,Weekly,0,0,52,52.2,0.0,No Promo Use,440,Bronze,Dissatisfied,0,52.2,8.5,0,0
3475,41,Female,Pants,Clothing,82,Maine,M,Cyan,Winter,4.4,No,Store Pickup,No,No,18,Venmo,Monthly,0,0,12,29.4,0.0,No Promo Use,1476,Gold,Satisfied,1,29.4,29.5,0,0
3476,48,Female,Sneakers,Footwear,88,South Carolina,M,Orange,Spring,4.4,No,Express,No,No,9,Cash,Quarterly,0,0,4,12.1,0.0,No Promo Use,792,Silver,Satisfied,1,12.1,15.6,0,0
3477,68,Female,Boots,Footwear,99,South Carolina,XL,Orange,Summer,3.2,No,Free Shipping,No,No,11,Cash,Weekly,0,0,52,52.2,0.0,No Promo Use,1089,Silver,Dissatisfied,0,52.2,21.7,0,0
3478,53,Female,Handbag,Accessories,85,Kentucky,S,Teal,Spring,3.8,No,Store Pickup,No,No,38,Debit Card,Bi-Weekly,0,0,26,64.9,0.0,No Promo Use,3230,Platinum,Neutral,0,64.9,65.1,1,1
3479,36,Female,Handbag,Accessories,57,Arizona,M,Magenta,Fall,4.6,No,Store Pickup,No,No,42,PayPal,Quarterly,0,0,4,52.6,0.0,No Promo Use,2394,Platinum,Satisfied,1,52.6,48.1,0,1
3480,46,Female,Sweater,Clothing,56,New York,S,Orange,Summer,4.9,No,Standard,No,No,41,Cash,Monthly,0,0,12,57.6,0.0,No Promo Use,2296,Platinum,Satisfied,1,57.6,46.2,1,1
3481,21,Female,Sandals,Footwear,79,New Hampshire,L,Peach,Winter,3.5,No,Free Shipping,No,No,45,PayPal,Monthly,0,0,12,62.5,0.0,No Promo Use,3555,Platinum,Neutral,0,62.5,71.7,1,1
3482,52,Female,Socks,Clothing,67,Ohio,S,Maroon,Summer,3.4,No,Store Pickup,No,No,41,Debit Card,Bi-Weekly,0,0,26,68.6,0.0,No Promo Use,2747,Platinum,Neutral,0,68.6,55.3,1,1
3483,66,Female,Gloves,Accessories,61,Hawaii,M,Gold,Winter,3.9,No,Next Day Air,No,No,35,Debit Card,Weekly,0,0,52,81.6,0.0,No Promo Use,2135,Gold,Neutral,0,81.6,42.9,1,1
3484,19,Female,Hoodie,Clothing,37,Texas,L,White,Winter,3.9,No,Express,No,No,21,Credit Card,Every 3 Months,0,0,4,26.8,0.0,No Promo Use,777,Silver,Neutral,0,26.8,15.3,0,0
3485,44,Female,Dress,Clothing,75,Illinois,L,Gray,Fall,4.2,No,Free Shipping,No,No,13,Credit Card,Bi-Weekly,0,0,26,34.3,0.0,No Promo Use,975,Silver,Satisfied,1,34.3,19.4,0,0
3486,50,Female,Shirt,Clothing,21,Massachusetts,XL,Brown,Winter,3.4,No,Standard,No,No,23,Debit Card,Fortnightly,0,0,26,46.5,0.0,No Promo Use,483,Bronze,Neutral,0,46.5,9.4,0,0
3487,51,Female,Shorts,Clothing,89,North Carolina,L,Charcoal,Winter,4.9,No,Standard,No,No,6,PayPal,Weekly,0,0,52,46.1,0.0,No Promo Use,534,Bronze,Satisfied,1,46.1,10.4,0,0
3488,25,Female,Sandals,Footwear,24,West Virginia,L,Beige,Fall,2.9,No,Store Pickup,No,No,39,Bank Transfer,Annually,0,0,1,46.5,0.0,No Promo Use,936,Silver,Dissatisfied,0,46.5,18.6,0,0
3489,62,Female,Sweater,Clothing,27,Delaware,XL,Teal,Spring,4.9,No,Store Pickup,No,No,7,Cash,Quarterly,0,0,4,9.7,0.0,No Promo Use,189,Bronze,Satisfied,1,9.7,3.4,0,0
3490,48,Female,Dress,Clothing,26,Idaho,L,Black,Summer,4.6,No,2-Day Shipping,No,No,32,PayPal,Every 3 Months,0,0,4,40.3,0.0,No Promo Use,832,Silver,Satisfied,1,40.3,16.5,0,0
3491,62,Female,Boots,Footwear,82,Oregon,M,Violet,Spring,3.6,No,Store Pickup,No,No,43,Credit Card,Quarterly,0,0,4,53.8,0.0,No Promo Use,3526,Platinum,Neutral,0,53.8,71.1,0,1
3492,22,Female,Pants,Clothing,28,Maine,M,Orange,Winter,4.3,No,Express,No,No,15,Cash,Monthly,0,0,12,25.8,0.0,No Promo Use,420,Bronze,Satisfied,1,25.8,8.1,0,0
3493,48,Female,Gloves,Accessories,65,South Dakota,M,Turquoise,Fall,4.6,No,Standard,No,No,48,Bank Transfer,Annually,0,0,1,57.6,0.0,No Promo Use,3120,Platinum,Satisfied,1,57.6,62.9,1,1
3494,48,Female,Pants,Clothing,82,New Mexico,XL,Black,Winter,4.7,No,Store Pickup,No,No,35,Credit Card,Weekly,0,0,52,81.6,0.0,No Promo Use,2870,Platinum,Satisfied,1,81.6,57.8,1,1
3495,62,Female,Scarf,Accessories,38,Washington,M,Silver,Winter,3.5,No,Free Shipping,No,No,41,PayPal,Quarterly,0,0,4,51.3,0.0,No Promo Use,1558,Gold,Neutral,0,51.3,31.2,0,0
3496,24,Female,Shorts,Clothing,33,Georgia,XL,Gray,Spring,2.8,No,Free Shipping,No,No,14,Cash,Weekly,0,0,52,55.9,0.0,No Promo Use,462,Bronze,Dissatisfied,0,55.9,8.9,1,0
3497,39,Female,Shoes,Footwear,38,Idaho,M,Pink,Summer,4.0,No,Free Shipping,No,No,22,PayPal,Monthly,0,0,12,34.3,0.0,No Promo Use,836,Silver,Neutral,0,34.3,16.5,0,0
3498,35,Female,Handbag,Accessories,48,Colorado,M,Red,Spring,4.3,No,Store Pickup,No,No,16,Venmo,Every 3 Months,0,0,4,20.7,0.0,No Promo Use,768,Silver,Satisfied,1,20.7,15.2,0,0
3499,47,Female,Sandals,Footwear,35,Kentucky,M,Lavender,Summer,3.8,No,Standard,No,No,2,Bank Transfer,Bi-Weekly,0,0,26,20.8,0.0,No Promo Use,70,Bronze,Neutral,0,20.8,1.0,0,0
3500,22,Female,Socks,Clothing,29,New Jersey,L,Indigo,Fall,3.0,No,Next Day Air,No,No,13,PayPal,Every 3 Months,0,0,4,17.0,0.0,No Promo Use,377,Bronze,Dissatisfied,0,17.0,7.2,0,0
3501,38,Female,Shirt,Clothing,48,Oregon,S,Silver,Fall,4.6,No,Next Day Air,No,No,38,Debit Card,Fortnightly,0,0,26,64.9,0.0,No Promo Use,1824,Gold,Satisfied,1,64.9,36.6,1,1
3502,53,Female,Shoes,Footwear,87,Nebraska,M,Silver,Fall,4.8,No,Standard,No,No,43,Bank Transfer,Weekly,0,0,52,91.4,0.0,No Promo Use,3741,Platinum,Satisfied,1,91.4,75.5,1,1
3503,31,Female,Backpack,Accessories,62,Massachusetts,M,Green,Fall,4.7,No,Next Day Air,No,No,26,Bank Transfer,Quarterly,0,0,4,33.0,0.0,No Promo Use,1612,Gold,Satisfied,1,33.0,32.3,0,1
3504,31,Female,Shirt,Clothing,96,Nebraska,M,Pink,Spring,3.9,No,Free Shipping,No,No,39,Cash,Weekly,0,0,52,86.5,0.0,No Promo Use,3744,Platinum,Neutral,0,86.5,75.5,1,1
3505,65,Female,Handbag,Accessories,41,Hawaii,S,Violet,Fall,4.0,No,Next Day Air,No,No,50,Venmo,Monthly,0,0,12,68.6,0.0,No Promo Use,2050,Gold,Neutral,0,68.6,41.2,1,1
3506,48,Female,Jewelry,Accessories,42,Indiana,L,Red,Winter,3.7,No,2-Day Shipping,No,No,40,Bank Transfer,Every 3 Months,0,0,4,50.1,0.0,No Promo Use,1680,Gold,Neutral,0,50.1,33.7,0,1
3507,18,Female,Shirt,Clothing,57,Illinois,L,Olive,Winter,3.7,No,2-Day Shipping,No,No,12,Cash,Fortnightly,0,0,26,33.1,0.0,No Promo Use,684,Silver,Neutral,0,33.1,13.5,0,0
3508,46,Female,Handbag,Accessories,65,Colorado,S,Purple,Spring,4.2,No,Store Pickup,No,No,33,Credit Card,Every 3 Months,0,0,4,41.5,0.0,No Promo Use,2145,Gold,Satisfied,1,41.5,43.1,0,1
3509,52,Female,Pants,Clothing,54,Pennsylvania,M,Gray,Fall,4.7,No,Standard,No,No,49,Bank Transfer,Weekly,0,0,52,98.8,0.0,No Promo Use,2646,Platinum,Satisfied,1,98.8,53.3,1,1
3510,50,Female,T-shirt,Clothing,22,Ohio,L,Brown,Winter,4.3,No,Next Day Air,No,No,43,Venmo,Bi-Weekly,0,0,26,71.0,0.0,No Promo Use,946,Silver,Satisfied,1,71.0,18.8,1,0
3511,49,Female,Sneakers,Footwear,96,Pennsylvania,S,Orange,Fall,4.9,No,2-Day Shipping,No,No,14,Venmo,Monthly,0,0,12,24.5,0.0,No Promo Use,1344,Gold,Satisfied,1,24.5,26.8,0,0
3512,69,Female,Jewelry,Accessories,81,Mississippi,M,Blue,Summer,3.9,No,2-Day Shipping,No,No,21,Credit Card,Every 3 Months,0,0,4,26.8,0.0,No Promo Use,1701,Gold,Neutral,0,26.8,34.1,0,1
3513,36,Female,Shirt,Clothing,46,Kentucky,M,White,Fall,3.4,No,Free Shipping,No,No,31,Debit Card,Quarterly,0,0,4,39.1,0.0,No Promo Use,1426,Gold,Neutral,0,39.1,28.5,0,0
3514,30,Female,Blouse,Clothing,74,Alaska,XL,Charcoal,Spring,4.2,No,Store Pickup,No,No,29,Credit Card,Fortnightly,0,0,26,53.9,0.0,No Promo Use,2146,Gold,Satisfied,1,53.9,43.1,0,1
3515,25,Female,Sneakers,Footwear,50,Georgia,XL,Gray,Winter,4.7,No,Express,No,No,32,Cash,Monthly,0,0,12,46.6,0.0,No Promo Use,1600,Gold,Satisfied,1,46.6,32.0,0,1
3516,19,Female,Dress,Clothing,80,South Dakota,XL,Charcoal,Winter,4.0,No,Next Day Air,No,No,16,Debit Card,Bi-Weekly,0,0,26,38.0,0.0,No Promo Use,1280,Gold,Neutral,0,38.0,25.5,0,0
3517,34,Female,Boots,Footwear,56,South Carolina,S,White,Summer,4.0,No,Free Shipping,No,No,38,PayPal,Bi-Weekly,0,0,26,64.9,0.0,No Promo Use,2128,Gold,Neutral,0,64.9,42.7,1,1
3518,29,Female,Skirt,Clothing,69,Tennessee,M,Orange,Winter,3.1,No,Next Day Air,No,No,34,Debit Card,Every 3 Months,0,0,4,42.8,0.0,No Promo Use,2346,Platinum,Dissatisfied,0,42.8,47.2,0,1
3519,50,Female,Shirt,Clothing,97,Colorado,M,Black,Spring,4.2,No,Standard,No,No,30,PayPal,Quarterly,0,0,4,37.9,0.0,No Promo Use,2910,Platinum,Satisfied,1,37.9,58.6,0,1
3520,31,Female,Shorts,Clothing,66,Wisconsin,M,White,Winter,3.7,No,Next Day Air,No,No,14,Bank Transfer,Fortnightly,0,0,26,35.5,0.0,No Promo Use,924,Silver,Neutral,0,35.5,18.3,0,0
3521,41,Female,Hat,Accessories,70,Georgia,S,Brown,Spring,3.1,No,Express,No,No,33,Bank Transfer,Monthly,0,0,12,47.8,0.0,No Promo Use,2310,Platinum,Dissatisfied,0,47.8,46.4,0,1
3522,52,Female,Shoes,Footwear,50,Maryland,M,Pink,Winter,3.7,No,Store Pickup,No,No,35,Venmo,Weekly,0,0,52,81.6,0.0,No Promo Use,1750,Gold,Neutral,0,81.6,35.1,1,1
3523,27,Female,Pants,Clothing,85,New Jersey,M,Yellow,Spring,3.2,No,Store Pickup,No,No,13,Cash,Quarterly,0,0,4,17.0,0.0,No Promo Use,1105,Silver,Dissatisfied,0,17.0,22.0,0,0
3524,49,Female,Backpack,Accessories,59,Nevada,M,Cyan,Summer,2.8,No,Standard,No,No,30,Cash,Fortnightly,0,0,26,55.1,0.0,No Promo Use,1770,Gold,Dissatisfied,0,55.1,35.5,1,1
3525,69,Female,Pants,Clothing,74,Michigan,L,Silver,Summer,2.9,No,Free Shipping,No,No,30,Credit Card,Monthly,0,0,12,44.1,0.0,No Promo Use,2220,Platinum,Dissatisfied,0,44.1,44.6,0,1
3526,45,Female,Sunglasses,Accessories,38,Wyoming,L,Olive,Winter,3.5,No,Standard,No,No,47,Bank Transfer,Annually,0,0,1,56.3,0.0,No Promo Use,1786,Gold,Neutral,0,56.3,35.8,1,1
3527,20,Female,Sweater,Clothing,99,Massachusetts,M,Olive,Spring,3.8,No,Express,No,No,1,PayPal,Every 3 Months,0,0,4,2.4,0.0,No Promo Use,99,Bronze,Neutral,0,2.4,1.6,0,0
3528,25,Female,Blouse,Clothing,97,Washington,S,Charcoal,Spring,4.7,No,Free Shipping,No,No,1,Cash,Weekly,0,0,52,40.0,0.0,No Promo Use,97,Bronze,Satisfied,1,40.0,1.5,0,0
3529,38,Female,Scarf,Accessories,67,Maine,L,Gray,Summer,4.5,No,Free Shipping,No,No,33,PayPal,Annually,0,0,1,39.2,0.0,No Promo Use,2211,Gold,Satisfied,1,39.2,44.4,0,1
3530,55,Female,T-shirt,Clothing,20,Montana,S,Maroon,Winter,3.9,No,Next Day Air,No,No,43,Bank Transfer,Weekly,0,0,52,91.4,0.0,No Promo Use,860,Silver,Neutral,0,91.4,17.0,1,0
3531,62,Female,Sunglasses,Accessories,45,Oklahoma,L,Black,Spring,3.4,No,Express,No,No,37,PayPal,Weekly,0,0,52,84.1,0.0,No Promo Use,1665,Gold,Neutral,0,84.1,33.4,1,1
3532,54,Female,Shoes,Footwear,52,North Dakota,XL,Violet,Winter,4.6,No,2-Day Shipping,No,No,23,Cash,Quarterly,0,0,4,29.3,0.0,No Promo Use,1196,Silver,Satisfied,1,29.3,23.8,0,0
3533,61,Female,Pants,Clothing,68,Connecticut,L,Indigo,Fall,4.6,No,Standard,No,No,12,Credit Card,Annually,0,0,1,13.5,0.0,No Promo Use,816,Silver,Satisfied,1,13.5,16.1,0,0
3534,50,Female,Sneakers,Footwear,98,Texas,L,Yellow,Fall,4.7,No,Standard,No,No,30,Venmo,Fortnightly,0,0,26,55.1,0.0,No Promo Use,2940,Platinum,Satisfied,1,55.1,59.2,1,1
3535,65,Female,Shoes,Footwear,83,Delaware,M,Gray,Fall,3.2,No,Express,No,No,7,Cash,Weekly,0,0,52,47.3,0.0,No Promo Use,581,Bronze,Dissatisfied,0,47.3,11.4,0,0
3536,68,Female,Shorts,Clothing,51,Mississippi,M,Red,Summer,5.0,No,Express,No,No,20,Debit Card,Monthly,0,0,12,31.9,0.0,No Promo Use,1020,Silver,Satisfied,1,31.9,20.3,0,0
3537,55,Female,Handbag,Accessories,21,Minnesota,L,Peach,Spring,4.5,No,Express,No,No,10,Venmo,Monthly,0,0,12,19.6,0.0,No Promo Use,210,Bronze,Satisfied,1,19.6,3.8,0,0
3538,57,Female,Handbag,Accessories,92,Georgia,M,Gray,Spring,3.5,No,Standard,No,No,40,Credit Card,Every 3 Months,0,0,4,50.1,0.0,No Promo Use,3680,Platinum,Neutral,0,50.1,74.2,0,1
3539,56,Female,Shoes,Footwear,63,Iowa,S,White,Spring,4.5,No,Store Pickup,No,No,21,Venmo,Monthly,0,0,12,33.1,0.0,No Promo Use,1323,Gold,Satisfied,1,33.1,26.4,0,0
3540,29,Female,Jewelry,Accessories,56,New York,S,Green,Spring,3.2,No,Express,No,No,17,Credit Card,Bi-Weekly,0,0,26,39.2,0.0,No Promo Use,952,Silver,Dissatisfied,0,39.2,18.9,0,0
3541,24,Female,Shorts,Clothing,95,Nevada,M,Magenta,Spring,4.6,No,Free Shipping,No,No,5,Bank Transfer,Weekly,0,0,52,44.9,0.0,No Promo Use,475,Bronze,Satisfied,1,44.9,9.2,0,0
3542,59,Female,Blouse,Clothing,66,Virginia,M,Olive,Winter,4.0,No,Next Day Air,No,No,22,PayPal,Annually,0,0,1,25.7,0.0,No Promo Use,1452,Gold,Neutral,0,25.7,29.0,0,0
3543,62,Female,Coat,Outerwear,28,Idaho,S,Olive,Spring,4.2,No,Express,No,No,5,Venmo,Weekly,0,0,52,44.9,0.0,No Promo Use,140,Bronze,Satisfied,1,44.9,2.4,0,0
3544,58,Female,Hat,Accessories,83,Colorado,M,Blue,Winter,4.1,No,Standard,No,No,18,PayPal,Every 3 Months,0,0,4,23.2,0.0,No Promo Use,1494,Gold,Satisfied,1,23.2,29.9,0,0
3545,64,Female,Socks,Clothing,55,Wisconsin,XL,Charcoal,Fall,3.6,No,2-Day Shipping,No,No,42,Cash,Every 3 Months,0,0,4,52.6,0.0,No Promo Use,2310,Platinum,Neutral,0,52.6,46.4,0,1
3546,48,Female,Sandals,Footwear,28,Connecticut,M,Yellow,Spring,3.7,No,2-Day Shipping,No,No,22,Debit Card,Annually,0,0,1,25.7,0.0,No Promo Use,616,Bronze,Neutral,0,25.7,12.1,0,0
3547,60,Female,Scarf,Accessories,79,Kansas,M,Violet,Summer,3.6,No,Free Shipping,No,No,37,Bank Transfer,Bi-Weekly,0,0,26,63.7,0.0,No Promo Use,2923,Platinum,Neutral,0,63.7,58.9,1,1
3548,52,Female,Scarf,Accessories,31,Pennsylvania,L,Magenta,Summer,3.8,No,Standard,No,No,23,Credit Card,Annually,0,0,1,26.9,0.0,No Promo Use,713,Silver,Neutral,0,26.9,14.0,0,0
3549,63,Female,Blouse,Clothing,37,Utah,M,Red,Fall,3.0,No,Standard,No,No,47,Debit Card,Fortnightly,0,0,26,75.9,0.0,No Promo Use,1739,Gold,Dissatisfied,0,75.9,34.9,1,1
3550,44,Female,T-shirt,Clothing,34,Oregon,M,Cyan,Summer,3.4,No,2-Day Shipping,No,No,11,Bank Transfer,Fortnightly,0,0,26,31.9,0.0,No Promo Use,374,Bronze,Neutral,0,31.9,7.2,0,0
3551,63,Female,Shoes,Footwear,74,West Virginia,S,Orange,Winter,4.8,No,Standard,No,No,32,Cash,Weekly,0,0,52,78.0,0.0,No Promo Use,2368,Platinum,Satisfied,1,78.0,47.6,1,1
3552,66,Female,Gloves,Accessories,31,Montana,L,Black,Spring,2.6,No,Store Pickup,No,No,20,Venmo,Weekly,0,0,52,63.3,0.0,No Promo Use,620,Silver,Dissatisfied,0,63.3,12.2,1,0
3553,22,Female,Sunglasses,Accessories,66,Kentucky,M,Blue,Winter,2.9,No,Next Day Air,No,No,3,PayPal,Quarterly,0,0,4,4.8,0.0,No Promo Use,198,Bronze,Dissatisfied,0,4.8,3.6,0,0
3554,62,Female,Shoes,Footwear,99,Minnesota,M,Charcoal,Spring,4.9,No,Free Shipping,No,No,32,Bank Transfer,Weekly,0,0,52,78.0,0.0,No Promo Use,3168,Platinum,Satisfied,1,78.0,63.8,1,1
3555,39,Female,Dress,Clothing,55,Louisiana,M,Indigo,Spring,5.0,No,Free Shipping,No,No,5,Credit Card,Fortnightly,0,0,26,24.5,0.0,No Promo Use,275,Bronze,Satisfied,1,24.5,5.2,0,0
3556,25,Female,Blouse,Clothing,23,Delaware,L,Silver,Spring,4.6,No,Next Day Air,No,No,45,Cash,Quarterly,0,0,4,56.2,0.0,No Promo Use,1035,Silver,Satisfied,1,56.2,20.6,1,0
3557,70,Female,Sweater,Clothing,88,Arizona,M,Brown,Fall,4.2,No,Express,No,No,43,Cash,Bi-Weekly,0,0,26,71.0,0.0,No Promo Use,3784,Platinum,Satisfied,1,71.0,76.3,1,1
3558,52,Female,Jacket,Outerwear,26,Nevada,M,Peach,Summer,4.9,No,Next Day Air,No,No,1,PayPal,Every 3 Months,0,0,4,2.4,0.0,No Promo Use,26,Bronze,Satisfied,1,2.4,0.1,0,0
3559,68,Female,Backpack,Accessories,94,Alaska,L,Magenta,Summer,4.8,No,Standard,No,No,9,Venmo,Quarterly,0,0,4,12.1,0.0,No Promo Use,846,Silver,Satisfied,1,12.1,16.7,0,0
3560,18,Female,Shorts,Clothing,25,Utah,M,Beige,Fall,3.0,No,Next Day Air,No,No,13,Venmo,Every 3 Months,0,0,4,17.0,0.0,No Promo Use,325,Bronze,Dissatisfied,0,17.0,6.2,0,0
3561,18,Female,Socks,Clothing,96,Kansas,XL,Violet,Fall,3.5,No,Express,No,No,5,Credit Card,Annually,0,0,1,4.9,0.0,No Promo Use,480,Bronze,Neutral,0,4.9,9.3,0,0
3562,63,Female,Sneakers,Footwear,29,North Carolina,L,Black,Spring,3.4,No,Standard,No,No,39,Credit Card,Fortnightly,0,0,26,66.1,0.0,No Promo Use,1131,Silver,Neutral,0,66.1,22.5,1,0
3563,47,Female,Sneakers,Footwear,36,Maryland,M,Cyan,Winter,3.4,No,Free Shipping,No,No,7,Bank Transfer,Weekly,0,0,52,47.3,0.0,No Promo Use,252,Bronze,Neutral,0,47.3,4.7,0,0
3564,43,Female,Blouse,Clothing,90,Maine,M,Green,Summer,4.9,No,Standard,No,No,8,Credit Card,Every 3 Months,0,0,4,10.9,0.0,No Promo Use,720,Silver,Satisfied,1,10.9,14.2,0,0
3565,60,Female,Gloves,Accessories,38,Illinois,S,Brown,Summer,4.4,No,Free Shipping,No,No,40,Venmo,Annually,0,0,1,47.8,0.0,No Promo Use,1520,Gold,Satisfied,1,47.8,30.4,0,0
3566,49,Female,Handbag,Accessories,52,Pennsylvania,S,Gray,Spring,4.2,No,Store Pickup,No,No,35,PayPal,Monthly,0,0,12,50.3,0.0,No Promo Use,1820,Gold,Satisfied,1,50.3,36.5,0,1
3567,28,Female,Jeans,Clothing,88,Alaska,S,Orange,Spring,3.1,No,Next Day Air,No,No,14,Venmo,Monthly,0,0,12,24.5,0.0,No Promo Use,1232,Silver,Dissatisfied,0,24.5,24.6,0,0
3568,32,Female,Scarf,Accessories,56,New Mexico,S,Silver,Summer,4.0,No,Next Day Air,No,No,26,Credit Card,Monthly,0,0,12,39.2,0.0,No Promo Use,1456,Gold,Neutral,0,39.2,29.1,0,0
3569,29,Female,Sandals,Footwear,71,Arkansas,M,Purple,Spring,4.8,No,Next Day Air,No,No,14,PayPal,Quarterly,0,0,4,18.3,0.0,No Promo Use,994,Silver,Satisfied,1,18.3,19.7,0,0
3570,35,Female,Sandals,Footwear,94,Alaska,M,Olive,Fall,3.3,No,Express,No,No,9,Bank Transfer,Fortnightly,0,0,26,29.4,0.0,No Promo Use,846,Silver,Neutral,0,29.4,16.7,0,0
3571,23,Female,Dress,Clothing,97,Louisiana,XL,Teal,Winter,4.7,No,Standard,No,No,32,Debit Card,Annually,0,0,1,38.0,0.0,No Promo Use,3104,Platinum,Satisfied,1,38.0,62.5,0,1
3572,70,Female,Skirt,Clothing,27,North Dakota,M,White,Summer,3.2,No,Standard,No,No,15,Bank Transfer,Every 3 Months,0,0,4,19.5,0.0,No Promo Use,405,Bronze,Dissatisfied,0,19.5,7.8,0,0
3573,23,Female,Shorts,Clothing,28,Rhode Island,M,Black,Spring,5.0,No,Standard,No,No,25,Credit Card,Monthly,0,0,12,38.0,0.0,No Promo Use,700,Silver,Satisfied,1,38.0,13.8,0,0
3574,43,Female,Jeans,Clothing,67,Connecticut,L,Maroon,Fall,4.9,No,Free Shipping,No,No,27,PayPal,Monthly,0,0,12,40.5,0.0,No Promo Use,1809,Gold,Satisfied,1,40.5,36.3,0,1
3575,29,Female,Socks,Clothing,70,New York,M,Cyan,Fall,4.9,No,Express,No,No,39,Bank Transfer,Quarterly,0,0,4,48.9,0.0,No Promo Use,2730,Platinum,Satisfied,1,48.9,55.0,0,1
3576,61,Female,Coat,Outerwear,95,Kentucky,M,Violet,Fall,3.7,No,Express,No,No,49,Venmo,Bi-Weekly,0,0,26,78.4,0.0,No Promo Use,4655,Platinum,Neutral,0,78.4,94.0,1,1
3577,29,Female,Boots,Footwear,24,Maine,L,Yellow,Spring,3.0,No,Express,No,No,12,Venmo,Bi-Weekly,0,0,26,33.1,0.0,No Promo Use,288,Bronze,Dissatisfied,0,33.1,5.4,0,0
3578,66,Female,Belt,Accessories,35,Missouri,S,Yellow,Winter,2.6,No,Standard,No,No,13,Bank Transfer,Weekly,0,0,52,54.7,0.0,No Promo Use,455,Bronze,Dissatisfied,0,54.7,8.8,0,0
3579,46,Female,Shoes,Footwear,22,Georgia,L,Olive,Winter,2.6,No,Standard,No,No,22,Bank Transfer,Quarterly,0,0,4,28.1,0.0,No Promo Use,484,Bronze,Dissatisfied,0,28.1,9.4,0,0
3580,34,Female,Scarf,Accessories,66,Arizona,L,Olive,Fall,4.8,No,Standard,No,No,19,Credit Card,Every 3 Months,0,0,4,24.4,0.0,No Promo Use,1254,Silver,Satisfied,1,24.4,25.0,0,0
3581,51,Female,Blouse,Clothing,83,New Hampshire,M,Magenta,Summer,3.2,No,2-Day Shipping,No,No,3,Cash,Bi-Weekly,0,0,26,22.1,0.0,No Promo Use,249,Bronze,Dissatisfied,0,22.1,4.6,0,0
3582,26,Female,Dress,Clothing,95,Georgia,M,Orange,Fall,4.9,No,Next Day Air,No,No,50,Credit Card,Weekly,0,0,52,100.0,0.0,No Promo Use,4750,Platinum,Satisfied,1,100.0,95.9,1,1
3583,23,Female,Shorts,Clothing,41,California,S,Beige,Summer,3.4,No,2-Day Shipping,No,No,15,PayPal,Annually,0,0,1,17.1,0.0,No Promo Use,615,Bronze,Neutral,0,17.1,12.1,0,0
3584,52,Female,Blouse,Clothing,77,Arizona,L,Brown,Summer,2.7,No,Store Pickup,No,No,44,Credit Card,Every 3 Months,0,0,4,55.0,0.0,No Promo Use,3388,Platinum,Dissatisfied,0,55.0,68.3,0,1
3585,39,Female,Sneakers,Footwear,52,Florida,L,Indigo,Fall,4.8,No,Express,No,No,48,Debit Card,Monthly,0,0,12,66.2,0.0,No Promo Use,2496,Platinum,Satisfied,1,66.2,50.2,1,1
3586,39,Female,Gloves,Accessories,41,New York,XL,Gray,Winter,4.1,No,Standard,No,No,4,Venmo,Bi-Weekly,0,0,26,23.3,0.0,No Promo Use,164,Bronze,Satisfied,1,23.3,2.9,0,0
3587,33,Female,Hoodie,Clothing,28,Idaho,M,Yellow,Winter,4.6,No,Store Pickup,No,No,12,PayPal,Bi-Weekly,0,0,26,33.1,0.0,No Promo Use,336,Bronze,Satisfied,1,33.1,6.4,0,0
3588,33,Female,Sweater,Clothing,90,Virginia,S,Violet,Summer,4.4,No,Standard,No,No,33,Debit Card,Annually,0,0,1,39.2,0.0,No Promo Use,2970,Platinum,Satisfied,1,39.2,59.8,0,1
3589,23,Female,Sunglasses,Accessories,55,Michigan,M,Magenta,Spring,3.5,No,2-Day Shipping,No,No,40,Cash,Annually,0,0,1,47.8,0.0,No Promo Use,2200,Gold,Neutral,0,47.8,44.2,0,1
3590,31,Female,Belt,Accessories,73,New Hampshire,M,Blue,Spring,4.8,No,Next Day Air,No,No,38,Cash,Every 3 Months,0,0,4,47.7,0.0,No Promo Use,2774,Platinum,Satisfied,1,47.7,55.9,0,1
3591,27,Female,Dress,Clothing,87,South Dakota,M,Gray,Fall,2.9,No,2-Day Shipping,No,No,19,Venmo,Every 3 Months,0,0,4,24.4,0.0,No Promo Use,1653,Gold,Dissatisfied,0,24.4,33.1,0,1
3592,48,Female,Jacket,Outerwear,89,South Dakota,M,Gold,Winter,3.2,No,2-Day Shipping,No,No,38,Bank Transfer,Quarterly,0,0,4,47.7,0.0,No Promo Use,3382,Platinum,Dissatisfied,0,47.7,68.2,0,1
3593,61,Female,Boots,Footwear,82,New Jersey,L,Lavender,Spring,4.4,No,2-Day Shipping,No,No,18,Venmo,Fortnightly,0,0,26,40.4,0.0,No Promo Use,1476,Gold,Satisfied,1,40.4,29.5,0,0
3594,63,Female,Sandals,Footwear,80,Wyoming,M,Black,Spring,4.6,No,Next Day Air,No,No,24,PayPal,Monthly,0,0,12,36.8,0.0,No Promo Use,1920,Gold,Satisfied,1,36.8,38.5,0,1
3595,19,Female,Scarf,Accessories,87,Alabama,L,Charcoal,Summer,2.6,No,2-Day Shipping,No,No,29,Venmo,Quarterly,0,0,4,36.6,0.0,No Promo Use,2523,Platinum,Dissatisfied,0,36.6,50.8,0,1
3596,21,Female,Blouse,Clothing,41,South Dakota,M,Violet,Spring,3.1,No,Store Pickup,No,No,14,PayPal,Annually,0,0,1,15.9,0.0,No Promo Use,574,Bronze,Dissatisfied,0,15.9,11.2,0,0
3597,28,Female,Hoodie,Clothing,83,South Carolina,M,Charcoal,Spring,4.3,No,Standard,No,No,44,Cash,Fortnightly,0,0,26,72.3,0.0,No Promo Use,3652,Platinum,Satisfied,1,72.3,73.7,1,1
3598,29,Female,Sunglasses,Accessories,71,New Mexico,M,Maroon,Summer,3.1,No,Standard,No,No,18,Bank Transfer,Quarterly,0,0,4,23.2,0.0,No Promo Use,1278,Silver,Dissatisfied,0,23.2,25.5,0,0
3599,23,Female,Hoodie,Clothing,76,Connecticut,XL,Purple,Spring,4.6,No,Store Pickup,No,No,19,Bank Transfer,Bi-Weekly,0,0,26,41.6,0.0,No Promo Use,1444,Gold,Satisfied,1,41.6,28.9,0,0
3600,37,Female,Scarf,Accessories,34,Kansas,S,Peach,Spring,4.6,No,Express,No,No,4,Cash,Weekly,0,0,52,43.7,0.0,No Promo Use,136,Bronze,Satisfied,1,43.7,2.3,0,0
3601,67,Female,Dress,Clothing,81,South Carolina,XL,Olive,Spring,2.7,No,Free Shipping,No,No,25,Cash,Bi-Weekly,0,0,26,49.0,0.0,No Promo Use,2025,Gold,Dissatisfied,0,49.0,40.7,0,1
3602,34,Female,T-shirt,Clothing,47,North Carolina,M,Indigo,Summer,3.0,No,Next Day Air,No,No,3,PayPal,Monthly,0,0,12,11.1,0.0,No Promo Use,141,Bronze,Dissatisfied,0,11.1,2.4,0,0
3603,58,Female,Skirt,Clothing,36,Wyoming,S,Magenta,Summer,3.3,No,Store Pickup,No,No,40,Debit Card,Quarterly,0,0,4,50.1,0.0,No Promo Use,1440,Gold,Neutral,0,50.1,28.8,0,0
3604,45,Female,Jeans,Clothing,51,Louisiana,M,Gold,Spring,2.7,No,Free Shipping,No,No,5,Cash,Weekly,0,0,52,44.9,0.0,No Promo Use,255,Bronze,Dissatisfied,0,44.9,4.7,0,0
3605,63,Female,Hoodie,Clothing,86,Louisiana,M,Orange,Fall,3.3,No,Standard,No,No,17,Debit Card,Annually,0,0,1,19.6,0.0,No Promo Use,1462,Gold,Neutral,0,19.6,29.2,0,0
3606,68,Female,Jeans,Clothing,41,Alabama,M,Gold,Fall,4.3,No,Store Pickup,No,No,36,Bank Transfer,Every 3 Months,0,0,4,45.2,0.0,No Promo Use,1476,Gold,Satisfied,1,45.2,29.5,0,0
3607,41,Female,Sandals,Footwear,90,Minnesota,XL,Purple,Fall,4.8,No,Express,No,No,41,Venmo,Annually,0,0,1,49.0,0.0,No Promo Use,3690,Platinum,Satisfied,1,49.0,74.4,0,1
3608,50,Female,Hat,Accessories,93,New Mexico,L,Charcoal,Fall,3.3,No,Standard,No,No,20,Venmo,Bi-Weekly,0,0,26,42.9,0.0,No Promo Use,1860,Gold,Neutral,0,42.9,37.3,0,1
3609,24,Female,Gloves,Accessories,56,Tennessee,M,Cyan,Fall,4.3,No,Next Day Air,No,No,2,Cash,Every 3 Months,0,0,4,3.6,0.0,No Promo Use,112,Bronze,Satisfied,1,3.6,1.8,0,0
3610,21,Female,Socks,Clothing,39,New Mexico,M,Cyan,Summer,3.0,No,2-Day Shipping,No,No,31,Debit Card,Monthly,0,0,12,45.4,0.0,No Promo Use,1209,Silver,Dissatisfied,0,45.4,24.1,0,0
3611,18,Female,Jacket,Outerwear,86,Texas,XL,Green,Fall,4.8,No,2-Day Shipping,No,No,23,Bank Transfer,Fortnightly,0,0,26,46.5,0.0,No Promo Use,1978,Gold,Satisfied,1,46.5,39.7,0,1
3612,63,Female,T-shirt,Clothing,82,Washington,M,Silver,Spring,2.9,No,Standard,No,No,30,Credit Card,Annually,0,0,1,35.5,0.0,No Promo Use,2460,Platinum,Dissatisfied,0,35.5,49.5,0,1
3613,47,Female,Sandals,Footwear,29,Michigan,M,Teal,Summer,3.6,No,Standard,No,No,26,Cash,Every 3 Months,0,0,4,33.0,0.0,No Promo Use,754,Silver,Neutral,0,33.0,14.9,0,0
3614,58,Female,Hat,Accessories,27,Minnesota,M,Magenta,Fall,3.5,No,Store Pickup,No,No,40,Venmo,Annually,0,0,1,47.8,0.0,No Promo Use,1080,Silver,Neutral,0,47.8,21.5,0,0
3615,46,Female,Gloves,Accessories,25,Delaware,L,Maroon,Spring,4.7,No,2-Day Shipping,No,No,19,Bank Transfer,Annually,0,0,1,22.0,0.0,No Promo Use,475,Bronze,Satisfied,1,22.0,9.2,0,0
3616,35,Female,Dress,Clothing,31,California,M,Gold,Winter,4.4,No,Free Shipping,No,No,4,Credit Card,Monthly,0,0,12,12.3,0.0,No Promo Use,124,Bronze,Satisfied,1,12.3,2.1,0,0
3617,42,Female,Hoodie,Clothing,23,Wisconsin,L,Purple,Winter,3.3,No,Store Pickup,No,No,33,Debit Card,Fortnightly,0,0,26,58.8,0.0,No Promo Use,759,Silver,Neutral,0,58.8,15.0,1,0
3618,48,Female,Belt,Accessories,47,Kentucky,M,Lavender,Fall,4.3,No,Express,No,No,29,Debit Card,Monthly,0,0,12,42.9,0.0,No Promo Use,1363,Gold,Satisfied,1,42.9,27.2,0,0
3619,28,Female,Gloves,Accessories,67,Nevada,M,Maroon,Fall,4.0,No,2-Day Shipping,No,No,47,PayPal,Bi-Weekly,0,0,26,75.9,0.0,No Promo Use,3149,Platinum,Neutral,0,75.9,63.5,1,1
3620,44,Female,Scarf,Accessories,75,North Carolina,S,Magenta,Winter,4.9,No,2-Day Shipping,No,No,50,Venmo,Weekly,0,0,52,100.0,0.0,No Promo Use,3750,Platinum,Satisfied,1,100.0,75.7,1,1
3621,60,Female,Sandals,Footwear,82,Louisiana,M,Turquoise,Summer,2.9,No,Express,No,No,28,Credit Card,Fortnightly,0,0,26,52.7,0.0,No Promo Use,2296,Platinum,Dissatisfied,0,52.7,46.2,0,1
3622,38,Female,Sneakers,Footwear,32,New Jersey,XL,Silver,Summer,4.0,No,2-Day Shipping,No,No,5,Cash,Fortnightly,0,0,26,24.5,0.0,No Promo Use,160,Bronze,Neutral,0,24.5,2.8,0,0
3623,46,Female,Dress,Clothing,41,Wisconsin,M,Purple,Fall,4.3,No,Store Pickup,No,No,12,Credit Card,Annually,0,0,1,13.5,0.0,No Promo Use,492,Bronze,Satisfied,1,13.5,9.6,0,0
3624,39,Female,Jewelry,Accessories,89,Arkansas,M,Violet,Winter,2.7,No,2-Day Shipping,No,No,4,PayPal,Weekly,0,0,52,43.7,0.0,No Promo Use,356,Bronze,Dissatisfied,0,43.7,6.8,0,0
3625,22,Female,Hat,Accessories,82,Texas,XL,Peach,Fall,5.0,No,Store Pickup,No,No,22,Bank Transfer,Bi-Weekly,0,0,26,45.3,0.0,No Promo Use,1804,Gold,Satisfied,1,45.3,36.2,0,1
3626,44,Female,Scarf,Accessories,99,Illinois,L,Green,Winter,4.4,No,Express,No,No,32,PayPal,Weekly,0,0,52,78.0,0.0,No Promo Use,3168,Platinum,Satisfied,1,78.0,63.8,1,1
3627,69,Female,Blouse,Clothing,98,Mississippi,L,Teal,Fall,3.5,No,Express,No,No,32,Venmo,Quarterly,0,0,4,40.3,0.0,No Promo Use,3136,Platinum,Neutral,0,40.3,63.2,0,1
3628,39,Female,Belt,Accessories,54,Delaware,M,Silver,Winter,3.3,No,Next Day Air,No,No,48,Cash,Every 3 Months,0,0,4,59.9,0.0,No Promo Use,2592,Platinum,Neutral,0,59.9,52.2,1,1
3629,53,Female,Blouse,Clothing,88,Georgia,L,Purple,Summer,3.8,No,Free Shipping,No,No,35,Credit Card,Monthly,0,0,12,50.3,0.0,No Promo Use,3080,Platinum,Neutral,0,50.3,62.1,0,1
3630,52,Female,T-shirt,Clothing,43,Kansas,L,Lavender,Summer,4.5,No,Standard,No,No,44,Debit Card,Fortnightly,0,0,26,72.3,0.0,No Promo Use,1892,Gold,Satisfied,1,72.3,38.0,1,1
3631,65,Female,Hat,Accessories,73,Oklahoma,M,Lavender,Winter,4.8,No,Store Pickup,No,No,29,Cash,Weekly,0,0,52,74.3,0.0,No Promo Use,2117,Gold,Satisfied,1,74.3,42.5,1,1
3632,48,Female,Hat,Accessories,50,New Jersey,M,Peach,Fall,2.9,No,Store Pickup,No,No,26,Credit Card,Monthly,0,0,12,39.2,0.0,No Promo Use,1300,Gold,Dissatisfied,0,39.2,25.9,0,0
3633,27,Female,Sneakers,Footwear,73,Utah,L,Green,Spring,3.2,No,Express,No,No,3,Debit Card,Quarterly,0,0,4,4.8,0.0,No Promo Use,219,Bronze,Dissatisfied,0,4.8,4.0,0,0
3634,39,Female,Gloves,Accessories,51,Montana,M,Orange,Spring,2.8,No,Free Shipping,No,No,1,Bank Transfer,Bi-Weekly,0,0,26,19.6,0.0,No Promo Use,51,Bronze,Dissatisfied,0,19.6,0.6,0,0
3635,59,Female,Socks,Clothing,22,Ohio,M,Pink,Winter,3.3,No,Standard,No,No,17,PayPal,Annually,0,0,1,19.6,0.0,No Promo Use,374,Bronze,Neutral,0,19.6,7.2,0,0
3636,52,Female,Sandals,Footwear,32,Colorado,L,Cyan,Fall,3.3,No,Free Shipping,No,No,17,Credit Card,Fortnightly,0,0,26,39.2,0.0,No Promo Use,544,Bronze,Neutral,0,39.2,10.6,0,0
3637,50,Female,Sandals,Footwear,38,California,L,Lavender,Summer,4.2,No,2-Day Shipping,No,No,36,Cash,Weekly,0,0,52,82.9,0.0,No Promo Use,1368,Gold,Satisfied,1,82.9,27.3,1,0
3638,32,Female,Boots,Footwear,66,Utah,L,Yellow,Winter,3.6,No,Express,No,No,32,Credit Card,Fortnightly,0,0,26,57.6,0.0,No Promo Use,2112,Gold,Neutral,0,57.6,42.4,1,1
3639,40,Female,Backpack,Accessories,20,Kansas,M,Olive,Spring,4.6,No,Express,No,No,50,PayPal,Bi-Weekly,0,0,26,79.6,0.0,No Promo Use,1000,Silver,Satisfied,1,79.6,19.9,1,0
3640,26,Female,Coat,Outerwear,44,Illinois,M,Brown,Summer,3.6,No,2-Day Shipping,No,No,39,Venmo,Annually,0,0,1,46.5,0.0,No Promo Use,1716,Gold,Neutral,0,46.5,34.4,0,1
3641,47,Female,Sunglasses,Accessories,31,Minnesota,L,Pink,Spring,4.0,No,Next Day Air,No,No,17,PayPal,Monthly,0,0,12,28.2,0.0,No Promo Use,527,Bronze,Neutral,0,28.2,10.3,0,0
3642,51,Female,Jacket,Outerwear,45,New York,M,Cyan,Fall,2.7,No,Free Shipping,No,No,39,Bank Transfer,Every 3 Months,0,0,4,48.9,0.0,No Promo Use,1755,Gold,Dissatisfied,0,48.9,35.2,0,1
3643,47,Female,Dress,Clothing,71,Arizona,L,Maroon,Summer,4.4,No,Store Pickup,No,No,5,PayPal,Annually,0,0,1,4.9,0.0,No Promo Use,355,Bronze,Satisfied,1,4.9,6.8,0,0
3644,53,Female,Scarf,Accessories,96,Tennessee,XL,Magenta,Fall,3.2,No,Standard,No,No,47,Debit Card,Annually,0,0,1,56.3,0.0,No Promo Use,4512,Platinum,Dissatisfied,0,56.3,91.1,1,1
3645,35,Female,Blouse,Clothing,32,Arkansas,M,Violet,Winter,2.6,No,Next Day Air,No,No,18,Venmo,Weekly,0,0,52,60.8,0.0,No Promo Use,576,Bronze,Dissatisfied,0,60.8,11.3,1,0
3646,38,Female,Backpack,Accessories,90,Colorado,L,Silver,Summer,3.4,No,Free Shipping,No,No,31,Credit Card,Every 3 Months,0,0,4,39.1,0.0,No Promo Use,2790,Platinum,Neutral,0,39.1,56.2,0,1
3647,69,Female,Jewelry,Accessories,68,Nevada,M,Maroon,Spring,5.0,No,2-Day Shipping,No,No,39,Debit Card,Fortnightly,0,0,26,66.1,0.0,No Promo Use,2652,Platinum,Satisfied,1,66.1,53.4,1,1
3648,47,Female,Shorts,Clothing,45,Kansas,M,Gray,Winter,2.9,No,Store Pickup,No,No,12,Bank Transfer,Weekly,0,0,52,53.5,0.0,No Promo Use,540,Bronze,Dissatisfied,0,53.5,10.5,0,0
3649,31,Female,Skirt,Clothing,67,New York,M,White,Winter,5.0,No,Free Shipping,No,No,45,Cash,Bi-Weekly,0,0,26,73.5,0.0,No Promo Use,3015,Platinum,Satisfied,1,73.5,60.7,1,1
3650,68,Female,Skirt,Clothing,57,Minnesota,M,Brown,Fall,4.4,No,Standard,No,No,33,Credit Card,Fortnightly,0,0,26,58.8,0.0,No Promo Use,1881,Gold,Satisfied,1,58.8,37.7,1,1
3651,51,Female,Jeans,Clothing,60,Ohio,M,Silver,Summer,3.5,No,2-Day Shipping,No,No,3,PayPal,Annually,0,0,1,2.4,0.0,No Promo Use,180,Bronze,Neutral,0,2.4,3.2,0,0
3652,20,Female,Handbag,Accessories,32,Arizona,M,Yellow,Spring,3.8,No,Express,No,No,5,Venmo,Every 3 Months,0,0,4,7.3,0.0,No Promo Use,160,Bronze,Neutral,0,7.3,2.8,0,0
3653,27,Female,Handbag,Accessories,29,Kentucky,S,Magenta,Fall,3.8,No,Store Pickup,No,No,23,Debit Card,Monthly,0,0,12,35.6,0.0,No Promo Use,667,Silver,Neutral,0,35.6,13.1,0,0
3654,67,Female,Coat,Outerwear,20,Minnesota,M,Blue,Spring,3.9,No,Next Day Air,No,No,39,Credit Card,Fortnightly,0,0,26,66.1,0.0,No Promo Use,780,Silver,Neutral,0,66.1,15.4,1,0
3655,21,Female,Jewelry,Accessories,98,Arkansas,M,Green,Winter,3.3,No,Next Day Air,No,No,10,Credit Card,Annually,0,0,1,11.0,0.0,No Promo Use,980,Silver,Neutral,0,11.0,19.5,0,0
3656,20,Female,Sweater,Clothing,27,Wyoming,M,Yellow,Fall,2.9,No,Next Day Air,No,No,4,Credit Card,Bi-Weekly,0,0,26,23.3,0.0,No Promo Use,108,Bronze,Dissatisfied,0,23.3,1.8,0,0
3657,35,Female,Jacket,Outerwear,67,North Dakota,XL,Cyan,Spring,3.7,No,2-Day Shipping,No,No,18,Credit Card,Monthly,0,0,12,29.4,0.0,No Promo Use,1206,Silver,Neutral,0,29.4,24.0,0,0
3658,58,Female,Shoes,Footwear,82,Alabama,L,Gold,Winter,3.7,No,Express,No,No,1,Debit Card,Every 3 Months,0,0,4,2.4,0.0,No Promo Use,82,Bronze,Neutral,0,2.4,1.2,0,0
3659,28,Female,T-shirt,Clothing,72,Mississippi,M,Magenta,Fall,4.6,No,Standard,No,No,18,PayPal,Fortnightly,0,0,26,40.4,0.0,No Promo Use,1296,Gold,Satisfied,1,40.4,25.9,0,0
3660,27,Female,Sandals,Footwear,77,Illinois,S,Gray,Fall,4.9,No,Store Pickup,No,No,46,Bank Transfer,Annually,0,0,1,55.1,0.0,No Promo Use,3542,Platinum,Satisfied,1,55.1,71.4,1,1
3661,19,Female,Shoes,Footwear,74,Arkansas,L,Indigo,Winter,3.1,No,2-Day Shipping,No,No,13,Bank Transfer,Fortnightly,0,0,26,34.3,0.0,No Promo Use,962,Silver,Dissatisfied,0,34.3,19.1,0,0
3662,63,Female,Sandals,Footwear,39,Kansas,S,White,Winter,3.5,No,Next Day Air,No,No,5,Credit Card,Fortnightly,0,0,26,24.5,0.0,No Promo Use,195,Bronze,Neutral,0,24.5,3.5,0,0
3663,69,Female,Shorts,Clothing,80,Rhode Island,M,Indigo,Spring,4.9,No,Next Day Air,No,No,11,Debit Card,Weekly,0,0,52,52.2,0.0,No Promo Use,880,Silver,Satisfied,1,52.2,17.4,0,0
3664,65,Female,Backpack,Accessories,59,Florida,M,Green,Summer,4.4,No,Express,No,No,49,Credit Card,Weekly,0,0,52,98.8,0.0,No Promo Use,2891,Platinum,Satisfied,1,98.8,58.2,1,1
3665,63,Female,Jacket,Outerwear,68,Missouri,M,Turquoise,Fall,4.4,No,Store Pickup,No,No,1,Debit Card,Fortnightly,0,0,26,19.6,0.0,No Promo Use,68,Bronze,Satisfied,1,19.6,1.0,0,0
3666,28,Female,Socks,Clothing,77,North Carolina,M,Peach,Fall,3.4,No,Next Day Air,No,No,11,Credit Card,Quarterly,0,0,4,14.6,0.0,No Promo Use,847,Silver,Neutral,0,14.6,16.8,0,0
3667,67,Female,Jewelry,Accessories,50,Alabama,M,Olive,Winter,3.0,No,2-Day Shipping,No,No,47,Cash,Every 3 Months,0,0,4,58.7,0.0,No Promo Use,2350,Platinum,Dissatisfied,0,58.7,47.3,1,1
3668,51,Female,Pants,Clothing,45,Washington,L,Cyan,Fall,2.6,No,Next Day Air,No,No,20,Venmo,Monthly,0,0,12,31.9,0.0,No Promo Use,900,Silver,Dissatisfied,0,31.9,17.8,0,0
3669,59,Female,Blouse,Clothing,71,Michigan,XL,Magenta,Summer,3.2,No,Store Pickup,No,No,18,Venmo,Annually,0,0,1,20.8,0.0,No Promo Use,1278,Silver,Dissatisfied,0,20.8,25.5,0,0
3670,25,Female,Socks,Clothing,52,Washington,S,Silver,Fall,4.6,No,Store Pickup,No,No,43,PayPal,Quarterly,0,0,4,53.8,0.0,No Promo Use,2236,Platinum,Satisfied,1,53.8,44.9,0,1
3671,31,Female,Shoes,Footwear,50,Vermont,S,White,Winter,3.8,No,Free Shipping,No,No,4,PayPal,Every 3 Months,0,0,4,6.0,0.0,No Promo Use,200,Bronze,Neutral,0,6.0,3.6,0,0
3672,62,Female,Handbag,Accessories,66,Illinois,L,Pink,Summer,4.8,No,2-Day Shipping,No,No,20,Venmo,Quarterly,0,0,4,25.6,0.0,No Promo Use,1320,Gold,Satisfied,1,25.6,26.4,0,0
3673,51,Female,Sandals,Footwear,81,New York,S,Pink,Fall,4.5,No,Free Shipping,No,No,7,PayPal,Monthly,0,0,12,16.0,0.0,No Promo Use,567,Bronze,Satisfied,1,16.0,11.1,0,0
3674,32,Female,Socks,Clothing,28,Rhode Island,M,Pink,Summer,4.2,No,2-Day Shipping,No,No,31,Bank Transfer,Fortnightly,0,0,26,56.3,0.0,No Promo Use,868,Silver,Satisfied,1,56.3,17.2,1,0
3675,35,Female,Handbag,Accessories,65,Washington,M,Blue,Winter,2.7,No,2-Day Shipping,No,No,41,Venmo,Fortnightly,0,0,26,68.6,0.0,No Promo Use,2665,Platinum,Dissatisfied,0,68.6,53.6,1,1
3676,70,Female,Hat,Accessories,80,Virginia,M,White,Winter,4.5,No,Express,No,No,3,Bank Transfer,Monthly,0,0,12,11.1,0.0,No Promo Use,240,Bronze,Satisfied,1,11.1,4.4,0,0
3677,19,Female,Jewelry,Accessories,94,Wisconsin,S,Teal,Spring,4.9,No,Free Shipping,No,No,16,PayPal,Monthly,0,0,12,27.0,0.0,No Promo Use,1504,Gold,Satisfied,1,27.0,30.1,0,0
3678,32,Female,Backpack,Accessories,30,Michigan,M,Gray,Fall,2.8,No,Standard,No,No,43,Cash,Annually,0,0,1,51.4,0.0,No Promo Use,1290,Gold,Dissatisfied,0,51.4,25.7,0,0
3679,56,Female,Shirt,Clothing,45,Texas,S,Beige,Fall,3.5,No,Standard,No,No,29,Bank Transfer,Fortnightly,0,0,26,53.9,0.0,No Promo Use,1305,Gold,Neutral,0,53.9,26.0,0,0
3680,53,Female,Coat,Outerwear,91,Idaho,M,Violet,Summer,2.5,No,Store Pickup,No,No,5,Cash,Bi-Weekly,0,0,26,24.5,0.0,No Promo Use,455,Bronze,Dissatisfied,0,24.5,8.8,0,0
3681,22,Female,Sunglasses,Accessories,36,Iowa,S,Blue,Winter,2.9,No,Standard,No,No,30,Debit Card,Quarterly,0,0,4,37.9,0.0,No Promo Use,1080,Silver,Dissatisfied,0,37.9,21.5,0,0
3682,26,Female,Gloves,Accessories,73,Connecticut,XL,Magenta,Fall,4.2,No,Next Day Air,No,No,33,Debit Card,Monthly,0,0,12,47.8,0.0,No Promo Use,2409,Platinum,Satisfied,1,47.8,48.4,0,1
3683,42,Female,Shirt,Clothing,60,Wyoming,M,Maroon,Fall,4.6,No,Store Pickup,No,No,46,Venmo,Bi-Weekly,0,0,26,74.7,0.0,No Promo Use,2760,Platinum,Satisfied,1,74.7,55.6,1,1
3684,30,Female,Socks,Clothing,77,Mississippi,M,Purple,Winter,3.0,No,Free Shipping,No,No,17,Venmo,Fortnightly,0,0,26,39.2,0.0,No Promo Use,1309,Gold,Dissatisfied,0,39.2,26.1,0,0
3685,29,Female,Skirt,Clothing,86,Pennsylvania,L,Charcoal,Spring,4.4,No,Free Shipping,No,No,47,Credit Card,Bi-Weekly,0,0,26,75.9,0.0,No Promo Use,4042,Platinum,Satisfied,1,75.9,81.6,1,1
3686,47,Female,Shorts,Clothing,42,Tennessee,L,Red,Summer,2.6,No,Standard,No,No,17,Cash,Bi-Weekly,0,0,26,39.2,0.0,No Promo Use,714,Silver,Dissatisfied,0,39.2,14.1,0,0
3687,59,Female,Sandals,Footwear,70,Louisiana,M,Charcoal,Spring,4.8,No,Free Shipping,No,No,17,Cash,Bi-Weekly,0,0,26,39.2,0.0,No Promo Use,1190,Silver,Satisfied,1,39.2,23.7,0,0
3688,34,Female,Shirt,Clothing,44,Arkansas,L,Lavender,Summer,2.9,No,Next Day Air,No,No,28,Bank Transfer,Every 3 Months,0,0,4,35.4,0.0,No Promo Use,1232,Silver,Dissatisfied,0,35.4,24.6,0,0
3689,52,Female,Sunglasses,Accessories,91,West Virginia,L,White,Spring,3.0,No,Next Day Air,No,No,8,Cash,Monthly,0,0,12,17.2,0.0,No Promo Use,728,Silver,Dissatisfied,0,17.2,14.3,0,0
3690,47,Female,Jewelry,Accessories,30,South Carolina,L,Red,Fall,4.5,No,Standard,No,No,8,Bank Transfer,Quarterly,0,0,4,10.9,0.0,No Promo Use,240,Bronze,Satisfied,1,10.9,4.4,0,0
3691,24,Female,Blouse,Clothing,23,Kansas,S,Violet,Fall,3.7,No,Store Pickup,No,No,4,Bank Transfer,Bi-Weekly,0,0,26,23.3,0.0,No Promo Use,92,Bronze,Neutral,0,23.3,1.4,0,0
3692,63,Female,Sandals,Footwear,21,Michigan,XL,Orange,Summer,4.8,No,Next Day Air,No,No,24,PayPal,Weekly,0,0,52,68.2,0.0,No Promo Use,504,Bronze,Satisfied,1,68.2,9.8,1,0
3693,59,Female,Coat,Outerwear,34,Alabama,L,Turquoise,Spring,4.8,No,Free Shipping,No,No,29,Cash,Fortnightly,0,0,26,53.9,0.0,No Promo Use,986,Silver,Satisfied,1,53.9,19.6,0,0
3694,66,Female,Blouse,Clothing,46,South Dakota,M,Violet,Summer,4.7,No,2-Day Shipping,No,No,10,Venmo,Weekly,0,0,52,51.0,0.0,No Promo Use,460,Bronze,Satisfied,1,51.0,8.9,0,0
3695,45,Female,Sweater,Clothing,41,Rhode Island,M,Blue,Winter,2.6,No,Express,No,No,11,PayPal,Bi-Weekly,0,0,26,31.9,0.0,No Promo Use,451,Bronze,Dissatisfied,0,31.9,8.7,0,0
3696,38,Female,Skirt,Clothing,33,Florida,M,White,Fall,4.6,No,Standard,No,No,18,Bank Transfer,Fortnightly,0,0,26,40.4,0.0,No Promo Use,594,Bronze,Satisfied,1,40.4,11.6,0,0
3697,63,Female,Blouse,Clothing,48,Connecticut,L,Turquoise,Fall,3.4,No,Next Day Air,No,No,26,Bank Transfer,Annually,0,0,1,30.6,0.0,No Promo Use,1248,Silver,Neutral,0,30.6,24.9,0,0
3698,55,Female,Hoodie,Clothing,66,Pennsylvania,L,Pink,Winter,3.0,No,Standard,No,No,39,Cash,Weekly,0,0,52,86.5,0.0,No Promo Use,2574,Platinum,Dissatisfied,0,86.5,51.8,1,1
3699,25,Female,Skirt,Clothing,54,California,XL,Maroon,Spring,4.0,No,2-Day Shipping,No,No,4,Venmo,Annually,0,0,1,3.7,0.0,No Promo Use,216,Bronze,Neutral,0,3.7,4.0,0,0
3700,51,Female,Backpack,Accessories,55,Oklahoma,M,Olive,Fall,2.6,No,Store Pickup,No,No,24,Bank Transfer,Weekly,0,0,52,68.2,0.0,No Promo Use,1320,Gold,Dissatisfied,0,68.2,26.4,1,0
3701,28,Female,Handbag,Accessories,84,North Dakota,XL,Charcoal,Summer,3.4,No,Store Pickup,No,No,2,Bank Transfer,Every 3 Months,0,0,4,3.6,0.0,No Promo Use,168,Bronze,Neutral,0,3.6,3.0,0,0
3702,46,Female,Sandals,Footwear,66,New Mexico,M,Charcoal,Spring,4.5,No,Store Pickup,No,No,36,Cash,Annually,0,0,1,42.9,0.0,No Promo Use,2376,Platinum,Satisfied,1,42.9,47.8,0,1
3703,58,Female,Shoes,Footwear,65,South Carolina,M,Indigo,Spring,2.7,No,Store Pickup,No,No,36,Venmo,Weekly,0,0,52,82.9,0.0,No Promo Use,2340,Platinum,Dissatisfied,0,82.9,47.0,1,1
3704,30,Female,Sandals,Footwear,83,Michigan,S,Teal,Fall,2.9,No,Standard,No,No,23,PayPal,Every 3 Months,0,0,4,29.3,0.0,No Promo Use,1909,Gold,Dissatisfied,0,29.3,38.3,0,1
3705,68,Female,Sunglasses,Accessories,61,Missouri,L,Black,Winter,4.0,No,Store Pickup,No,No,36,Credit Card,Quarterly,0,0,4,45.2,0.0,No Promo Use,2196,Gold,Neutral,0,45.2,44.1,0,1
3706,28,Female,Skirt,Clothing,65,Colorado,L,Teal,Summer,3.2,No,Free Shipping,No,No,2,Debit Card,Annually,0,0,1,1.2,0.0,No Promo Use,130,Bronze,Dissatisfied,0,1.2,2.2,0,0
3707,26,Female,Sandals,Footwear,55,Kansas,M,Green,Spring,4.0,No,Store Pickup,No,No,17,Cash,Bi-Weekly,0,0,26,39.2,0.0,No Promo Use,935,Silver,Neutral,0,39.2,18.5,0,0
3708,35,Female,Gloves,Accessories,79,Illinois,M,Gold,Fall,3.4,No,2-Day Shipping,No,No,19,Venmo,Weekly,0,0,52,62.0,0.0,No Promo Use,1501,Gold,Neutral,0,62.0,30.0,1,0
3709,40,Female,Hoodie,Clothing,96,South Carolina,M,Red,Fall,4.9,No,Express,No,No,41,PayPal,Monthly,0,0,12,57.6,0.0,No Promo Use,3936,Platinum,Satisfied,1,57.6,79.4,1,1
3710,31,Female,Socks,Clothing,43,Utah,M,Silver,Fall,3.6,No,Free Shipping,No,No,27,PayPal,Quarterly,0,0,4,34.2,0.0,No Promo Use,1161,Silver,Neutral,0,34.2,23.1,0,0
3711,60,Female,Jewelry,Accessories,40,Hawaii,M,Yellow,Summer,3.6,No,2-Day Shipping,No,No,32,Bank Transfer,Fortnightly,0,0,26,57.6,0.0,No Promo Use,1280,Gold,Neutral,0,57.6,25.5,1,0
3712,69,Female,Hat,Accessories,62,Texas,XL,Peach,Fall,3.2,No,Free Shipping,No,No,33,Cash,Annually,0,0,1,39.2,0.0,No Promo Use,2046,Gold,Dissatisfied,0,39.2,41.1,0,1
3713,51,Female,Blouse,Clothing,72,Oregon,M,Turquoise,Spring,3.7,No,2-Day Shipping,No,No,24,PayPal,Quarterly,0,0,4,30.5,0.0,No Promo Use,1728,Gold,Neutral,0,30.5,34.6,0,1
3714,49,Female,Shoes,Footwear,87,Arizona,M,Peach,Spring,2.6,No,Express,No,No,31,Debit Card,Every 3 Months,0,0,4,39.1,0.0,No Promo Use,2697,Platinum,Dissatisfied,0,39.1,54.3,0,1
3715,18,Female,Hat,Accessories,31,New York,S,Peach,Winter,3.9,No,Express,No,No,35,Credit Card,Weekly,0,0,52,81.6,0.0,No Promo Use,1085,Silver,Neutral,0,81.6,21.6,1,0
3716,63,Female,Sunglasses,Accessories,34,Nebraska,S,Orange,Fall,3.4,No,Free Shipping,No,No,2,Bank Transfer,Monthly,0,0,12,9.9,0.0,No Promo Use,68,Bronze,Neutral,0,9.9,1.0,0,0
3717,57,Female,Shirt,Clothing,53,Vermont,M,Charcoal,Fall,3.4,No,Next Day Air,No,No,42,Debit Card,Every 3 Months,0,0,4,52.6,0.0,No Promo Use,2226,Platinum,Neutral,0,52.6,44.7,0,1
3718,45,Female,T-shirt,Clothing,85,Maryland,XL,White,Summer,4.2,No,Express,No,No,47,Bank Transfer,Every 3 Months,0,0,4,58.7,0.0,No Promo Use,3995,Platinum,Satisfied,1,58.7,80.6,1,1
3719,36,Female,Pants,Clothing,50,Tennessee,L,Turquoise,Fall,2.9,No,Standard,No,No,44,Bank Transfer,Bi-Weekly,0,0,26,72.3,0.0,No Promo Use,2200,Gold,Dissatisfied,0,72.3,44.2,1,1
3720,20,Female,Pants,Clothing,91,Pennsylvania,M,Red,Summer,4.1,No,Free Shipping,No,No,8,Bank Transfer,Every 3 Months,0,0,4,10.9,0.0,No Promo Use,728,Silver,Satisfied,1,10.9,14.3,0,0
3721,21,Female,Hat,Accessories,56,South Carolina,M,Peach,Fall,3.6,No,Free Shipping,No,No,13,Credit Card,Quarterly,0,0,4,17.0,0.0,No Promo Use,728,Silver,Neutral,0,17.0,14.3,0,0
3722,62,Female,Coat,Outerwear,60,Connecticut,L,Pink,Fall,4.0,No,Next Day Air,No,No,10,Cash,Annually,0,0,1,11.0,0.0,No Promo Use,600,Bronze,Neutral,0,11.0,11.7,0,0
3723,23,Female,Jacket,Outerwear,34,Kentucky,XL,Yellow,Fall,4.0,No,Standard,No,No,1,Credit Card,Fortnightly,0,0,26,19.6,0.0,No Promo Use,34,Bronze,Neutral,0,19.6,0.3,0,0
3724,26,Female,Sandals,Footwear,30,Rhode Island,M,Beige,Spring,3.6,No,Free Shipping,No,No,1,Debit Card,Monthly,0,0,12,8.6,0.0,No Promo Use,30,Bronze,Neutral,0,8.6,0.2,0,0
3725,30,Female,Gloves,Accessories,71,Colorado,L,Green,Winter,3.1,No,Express,No,No,18,Bank Transfer,Annually,0,0,1,20.8,0.0,No Promo Use,1278,Silver,Dissatisfied,0,20.8,25.5,0,0
3726,18,Female,Dress,Clothing,100,Oklahoma,S,Turquoise,Winter,4.4,No,Next Day Air,No,No,2,PayPal,Annually,0,0,1,1.2,0.0,No Promo Use,200,Bronze,Satisfied,1,1.2,3.6,0,0
3727,47,Female,Belt,Accessories,85,Idaho,XL,Orange,Fall,4.3,No,Next Day Air,No,No,36,Debit Card,Every 3 Months,0,0,4,45.2,0.0,No Promo Use,3060,Platinum,Satisfied,1,45.2,61.7,0,1
3728,41,Female,Socks,Clothing,83,Maine,M,Gold,Summer,3.5,No,Next Day Air,No,No,17,Debit Card,Bi-Weekly,0,0,26,39.2,0.0,No Promo Use,1411,Gold,Neutral,0,39.2,28.2,0,0
3729,62,Female,Jacket,Outerwear,31,Vermont,L,Red,Winter,3.0,No,Standard,No,No,1,Debit Card,Annually,0,0,1,0.0,0.0,No Promo Use,31,Bronze,Dissatisfied,0,0.0,0.2,0,0
3730,28,Female,Boots,Footwear,82,Rhode Island,M,Teal,Spring,4.7,No,2-Day Shipping,No,No,50,Cash,Quarterly,0,0,4,62.4,0.0,No Promo Use,4100,Platinum,Satisfied,1,62.4,82.8,1,1
3731,46,Female,Shirt,Clothing,79,Florida,M,Teal,Summer,2.5,No,2-Day Shipping,No,No,3,Credit Card,Bi-Weekly,0,0,26,22.1,0.0,No Promo Use,237,Bronze,Dissatisfied,0,22.1,4.4,0,0
3732,54,Female,Hat,Accessories,62,West Virginia,M,Lavender,Spring,3.1,No,2-Day Shipping,No,No,45,PayPal,Quarterly,0,0,4,56.2,0.0,No Promo Use,2790,Platinum,Dissatisfied,0,56.2,56.2,1,1
3733,36,Female,Shoes,Footwear,92,Indiana,L,Pink,Spring,3.3,No,Free Shipping,No,No,28,PayPal,Annually,0,0,1,33.1,0.0,No Promo Use,2576,Platinum,Neutral,0,33.1,51.8,0,1
3734,25,Female,Socks,Clothing,58,Illinois,M,Maroon,Fall,4.7,No,Next Day Air,No,No,6,Debit Card,Every 3 Months,0,0,4,8.5,0.0,No Promo Use,348,Bronze,Satisfied,1,8.5,6.6,0,0
3735,38,Female,Hoodie,Clothing,88,California,M,Beige,Spring,3.4,No,Next Day Air,No,No,33,Debit Card,Every 3 Months,0,0,4,41.5,0.0,No Promo Use,2904,Platinum,Neutral,0,41.5,58.5,0,1
3736,38,Female,Sandals,Footwear,44,Massachusetts,L,Orange,Spring,3.1,No,2-Day Shipping,No,No,29,PayPal,Annually,0,0,1,34.3,0.0,No Promo Use,1276,Silver,Dissatisfied,0,34.3,25.5,0,0
3737,42,Female,Jeans,Clothing,56,Idaho,M,Red,Spring,4.6,No,Store Pickup,No,No,2,PayPal,Every 3 Months,0,0,4,3.6,0.0,No Promo Use,112,Bronze,Satisfied,1,3.6,1.8,0,0
3738,19,Female,Jewelry,Accessories,23,Kentucky,S,Maroon,Winter,4.9,No,Free Shipping,No,No,43,PayPal,Bi-Weekly,0,0,26,71.0,0.0,No Promo Use,989,Silver,Satisfied,1,71.0,19.6,1,0
3739,34,Female,Shorts,Clothing,45,Delaware,M,Brown,Spring,2.7,No,Free Shipping,No,No,48,Cash,Fortnightly,0,0,26,77.2,0.0,No Promo Use,2160,Gold,Dissatisfied,0,77.2,43.4,1,1
3740,38,Female,Sunglasses,Accessories,31,Idaho,M,Olive,Fall,4.2,No,Free Shipping,No,No,43,Credit Card,Weekly,0,0,52,91.4,0.0,No Promo Use,1333,Gold,Satisfied,1,91.4,26.6,1,0
3741,42,Female,Pants,Clothing,96,Virginia,M,Silver,Summer,2.6,No,Store Pickup,No,No,26,Debit Card,Bi-Weekly,0,0,26,50.2,0.0,No Promo Use,2496,Platinum,Dissatisfied,0,50.2,50.2,0,1
3742,58,Female,Shirt,Clothing,96,Arizona,M,Purple,Spring,3.2,No,2-Day Shipping,No,No,26,Debit Card,Bi-Weekly,0,0,26,50.2,0.0,No Promo Use,2496,Platinum,Dissatisfied,0,50.2,50.2,0,1
3743,56,Female,Shirt,Clothing,80,Maryland,M,Gray,Fall,4.4,No,Standard,No,No,50,Credit Card,Bi-Weekly,0,0,26,79.6,0.0,No Promo Use,4000,Platinum,Satisfied,1,79.6,80.7,1,1
3744,62,Female,Pants,Clothing,28,Idaho,L,Cyan,Fall,3.6,No,Free Shipping,No,No,36,Debit Card,Quarterly,0,0,4,45.2,0.0,No Promo Use,1008,Silver,Neutral,0,45.2,20.0,0,0
3745,24,Female,Hoodie,Clothing,51,New Jersey,M,Gray,Summer,2.7,No,Next Day Air,No,No,26,Bank Transfer,Fortnightly,0,0,26,50.2,0.0,No Promo Use,1326,Gold,Dissatisfied,0,50.2,26.5,0,0
3746,60,Female,Socks,Clothing,41,Washington,L,Gold,Spring,4.3,No,Express,No,No,2,Debit Card,Monthly,0,0,12,9.9,0.0,No Promo Use,82,Bronze,Satisfied,1,9.9,1.2,0,0
3747,53,Female,Coat,Outerwear,99,Idaho,XL,Cyan,Summer,2.6,No,Next Day Air,No,No,49,PayPal,Monthly,0,0,12,67.4,0.0,No Promo Use,4851,Platinum,Dissatisfied,0,67.4,98.0,1,1
3748,26,Female,Sweater,Clothing,53,Rhode Island,L,Olive,Spring,4.3,No,Store Pickup,No,No,32,Bank Transfer,Bi-Weekly,0,0,26,57.6,0.0,No Promo Use,1696,Gold,Satisfied,1,57.6,34.0,1,1
3749,34,Female,Backpack,Accessories,25,Delaware,M,Violet,Fall,3.9,No,2-Day Shipping,No,No,3,Venmo,Annually,0,0,1,2.4,0.0,No Promo Use,75,Bronze,Neutral,0,2.4,1.1,0,0
3750,24,Female,Blouse,Clothing,95,Alaska,L,Yellow,Winter,2.9,No,2-Day Shipping,No,No,38,Venmo,Every 3 Months,0,0,4,47.7,0.0,No Promo Use,3610,Platinum,Dissatisfied,0,47.7,72.8,0,1
3751,42,Female,Hoodie,Clothing,88,Arizona,M,Gold,Fall,3.1,No,Free Shipping,No,No,5,PayPal,Monthly,0,0,12,13.5,0.0,No Promo Use,440,Bronze,Dissatisfied,0,13.5,8.5,0,0
3752,36,Female,Jewelry,Accessories,97,Alabama,S,Silver,Fall,4.2,No,Free Shipping,No,No,8,Credit Card,Every 3 Months,0,0,4,10.9,0.0,No Promo Use,776,Silver,Satisfied,1,10.9,15.3,0,0
3753,24,Female,Coat,Outerwear,81,Washington,L,Pink,Winter,4.1,No,2-Day Shipping,No,No,43,Venmo,Weekly,0,0,52,91.4,0.0,No Promo Use,3483,Platinum,Satisfied,1,91.4,70.2,1,1
3754,39,Female,Sunglasses,Accessories,26,Louisiana,S,Turquoise,Winter,4.2,No,Next Day Air,No,No,22,Bank Transfer,Fortnightly,0,0,26,45.3,0.0,No Promo Use,572,Bronze,Satisfied,1,45.3,11.2,0,0
3755,46,Female,Shoes,Footwear,41,Nebraska,M,Turquoise,Summer,4.4,No,Express,No,No,10,Cash,Every 3 Months,0,0,4,13.4,0.0,No Promo Use,410,Bronze,Satisfied,1,13.4,7.9,0,0
3756,64,Female,Skirt,Clothing,93,Pennsylvania,M,Peach,Fall,3.4,No,Free Shipping,No,No,26,Credit Card,Monthly,0,0,12,39.2,0.0,No Promo Use,2418,Platinum,Neutral,0,39.2,48.6,0,1
3757,64,Female,Skirt,Clothing,69,South Carolina,L,Teal,Spring,4.8,No,Express,No,No,42,Debit Card,Bi-Weekly,0,0,26,69.8,0.0,No Promo Use,2898,Platinum,Satisfied,1,69.8,58.4,1,1
3758,61,Female,Skirt,Clothing,44,California,L,Red,Fall,4.5,No,2-Day Shipping,No,No,33,Cash,Weekly,0,0,52,79.2,0.0,No Promo Use,1452,Gold,Satisfied,1,79.2,29.0,1,0
3759,61,Female,Sandals,Footwear,54,Indiana,S,Black,Spring,2.7,No,Store Pickup,No,No,23,Bank Transfer,Quarterly,0,0,4,29.3,0.0,No Promo Use,1242,Silver,Dissatisfied,0,29.3,24.8,0,0
3760,44,Female,Sneakers,Footwear,61,Missouri,M,Pink,Spring,3.5,No,Store Pickup,No,No,30,Venmo,Quarterly,0,0,4,37.9,0.0,No Promo Use,1830,Gold,Neutral,0,37.9,36.7,0,1
3761,65,Female,Socks,Clothing,80,Connecticut,M,Peach,Fall,3.1,No,Next Day Air,No,No,36,PayPal,Weekly,0,0,52,82.9,0.0,No Promo Use,2880,Platinum,Dissatisfied,0,82.9,58.0,1,1
3762,60,Female,Backpack,Accessories,30,Nevada,M,Green,Summer,2.8,No,Next Day Air,No,No,3,Venmo,Every 3 Months,0,0,4,4.8,0.0,No Promo Use,90,Bronze,Dissatisfied,0,4.8,1.4,0,0
3763,65,Female,Shorts,Clothing,94,New York,L,Green,Fall,2.9,No,Store Pickup,No,No,13,PayPal,Annually,0,0,1,14.7,0.0,No Promo Use,1222,Silver,Dissatisfied,0,14.7,24.4,0,0
3764,27,Female,Shirt,Clothing,24,Oklahoma,XL,Red,Winter,4.5,No,Standard,No,No,38,Cash,Every 3 Months,0,0,4,47.7,0.0,No Promo Use,912,Silver,Satisfied,1,47.7,18.1,0,0
3765,36,Female,Socks,Clothing,21,South Dakota,M,Maroon,Fall,3.5,No,Next Day Air,No,No,19,Venmo,Monthly,0,0,12,30.7,0.0,No Promo Use,399,Bronze,Neutral,0,30.7,7.7,0,0
3766,22,Female,Jewelry,Accessories,52,Missouri,M,Green,Summer,4.3,No,Standard,No,No,14,Bank Transfer,Bi-Weekly,0,0,26,35.5,0.0,No Promo Use,728,Silver,Satisfied,1,35.5,14.3,0,0
3767,62,Female,Handbag,Accessories,59,Texas,M,Black,Fall,4.9,No,Next Day Air,No,No,43,Debit Card,Annually,0,0,1,51.4,0.0,No Promo Use,2537,Platinum,Satisfied,1,51.4,51.0,0,1
3768,59,Female,Shorts,Clothing,51,New York,XL,Black,Summer,3.1,No,Free Shipping,No,No,10,Bank Transfer,Fortnightly,0,0,26,30.6,0.0,No Promo Use,510,Bronze,Dissatisfied,0,30.6,9.9,0,0
3769,50,Female,Sweater,Clothing,35,Vermont,M,Yellow,Winter,4.0,No,Free Shipping,No,No,34,Bank Transfer,Quarterly,0,0,4,42.8,0.0,No Promo Use,1190,Silver,Neutral,0,42.8,23.7,0,0
3770,51,Female,Gloves,Accessories,87,Arizona,L,Green,Summer,3.6,No,Standard,No,No,31,Venmo,Annually,0,0,1,36.7,0.0,No Promo Use,2697,Platinum,Neutral,0,36.7,54.3,0,1
3771,23,Female,Pants,Clothing,42,Montana,L,Black,Summer,4.0,No,Store Pickup,No,No,34,Bank Transfer,Weekly,0,0,52,80.4,0.0,No Promo Use,1428,Gold,Neutral,0,80.4,28.5,1,0
3772,21,Female,T-shirt,Clothing,86,Oklahoma,M,Red,Winter,2.6,No,Express,No,No,28,Venmo,Bi-Weekly,0,0,26,52.7,0.0,No Promo Use,2408,Platinum,Dissatisfied,0,52.7,48.4,0,1
3773,44,Female,Pants,Clothing,26,New Hampshire,L,Yellow,Fall,3.1,No,Next Day Air,No,No,35,Cash,Annually,0,0,1,41.6,0.0,No Promo Use,910,Silver,Dissatisfied,0,41.6,18.0,0,0
3774,25,Female,Sweater,Clothing,60,Wisconsin,M,Violet,Summer,3.5,No,Store Pickup,No,No,41,Cash,Quarterly,0,0,4,51.3,0.0,No Promo Use,2460,Platinum,Neutral,0,51.3,49.5,0,1
3775,57,Female,Gloves,Accessories,83,Alaska,S,Cyan,Winter,3.9,No,Standard,No,No,48,PayPal,Fortnightly,0,0,26,77.2,0.0,No Promo Use,3984,Platinum,Neutral,0,77.2,80.4,1,1
3776,41,Female,Belt,Accessories,63,South Dakota,S,Pink,Spring,2.7,No,2-Day Shipping,No,No,45,Cash,Quarterly,0,0,4,56.2,0.0,No Promo Use,2835,Platinum,Dissatisfied,0,56.2,57.1,1,1
3777,19,Female,Sneakers,Footwear,25,Alaska,L,Olive,Spring,4.1,No,Standard,No,No,10,Credit Card,Fortnightly,0,0,26,30.6,0.0,No Promo Use,250,Bronze,Satisfied,1,30.6,4.6,0,0
3778,43,Female,Shorts,Clothing,65,Utah,M,Maroon,Fall,4.3,No,Express,No,No,9,Cash,Weekly,0,0,52,49.8,0.0,No Promo Use,585,Bronze,Satisfied,1,49.8,11.4,0,0
3779,25,Female,Sneakers,Footwear,60,South Dakota,M,Cyan,Fall,2.9,No,Free Shipping,No,No,30,Debit Card,Annually,0,0,1,35.5,0.0,No Promo Use,1800,Gold,Dissatisfied,0,35.5,36.1,0,1
3780,60,Female,Jeans,Clothing,75,California,XL,Lavender,Spring,4.0,No,Express,No,No,45,PayPal,Annually,0,0,1,53.9,0.0,No Promo Use,3375,Platinum,Neutral,0,53.9,68.0,0,1
3781,54,Female,Sneakers,Footwear,57,Mississippi,L,Yellow,Fall,4.1,No,Free Shipping,No,No,41,Venmo,Quarterly,0,0,4,51.3,0.0,No Promo Use,2337,Platinum,Satisfied,1,51.3,47.0,0,1
3782,52,Female,Boots,Footwear,99,Tennessee,M,Pink,Winter,3.7,No,Standard,No,No,40,PayPal,Fortnightly,0,0,26,67.4,0.0,No Promo Use,3960,Platinum,Neutral,0,67.4,79.9,1,1
3783,40,Female,Jacket,Outerwear,45,Alabama,L,Orange,Spring,2.8,No,Free Shipping,No,No,42,PayPal,Fortnightly,0,0,26,69.8,0.0,No Promo Use,1890,Gold,Dissatisfied,0,69.8,37.9,1,1
3784,39,Female,Gloves,Accessories,66,Maine,XL,Orange,Summer,3.2,No,Free Shipping,No,No,17,Debit Card,Fortnightly,0,0,26,39.2,0.0,No Promo Use,1122,Silver,Dissatisfied,0,39.2,22.3,0,0
3785,54,Female,Socks,Clothing,53,Virginia,M,Violet,Winter,4.5,No,Next Day Air,No,No,4,Venmo,Annually,0,0,1,3.7,0.0,No Promo Use,212,Bronze,Satisfied,1,3.7,3.9,0,0
3786,64,Female,Jeans,Clothing,94,New Hampshire,L,Lavender,Winter,3.8,No,Standard,No,No,6,Cash,Monthly,0,0,12,14.7,0.0,No Promo Use,564,Bronze,Neutral,0,14.7,11.0,0,0
3787,31,Female,Boots,Footwear,47,Tennessee,L,Yellow,Fall,3.6,No,2-Day Shipping,No,No,22,Venmo,Weekly,0,0,52,65.7,0.0,No Promo Use,1034,Silver,Neutral,0,65.7,20.6,1,0
3788,37,Female,Blouse,Clothing,80,New York,M,Pink,Fall,3.6,No,2-Day Shipping,No,No,46,PayPal,Every 3 Months,0,0,4,57.5,0.0,No Promo Use,3680,Platinum,Neutral,0,57.5,74.2,1,1
3789,43,Female,Hat,Accessories,65,Kansas,XL,Teal,Spring,3.2,No,Next Day Air,No,No,27,Debit Card,Monthly,0,0,12,40.5,0.0,No Promo Use,1755,Gold,Dissatisfied,0,40.5,35.2,0,1
3790,56,Female,Shirt,Clothing,75,North Dakota,M,Magenta,Summer,3.8,No,Express,No,No,18,Bank Transfer,Every 3 Months,0,0,4,23.2,0.0,No Promo Use,1350,Gold,Neutral,0,23.2,27.0,0,0
3791,27,Female,Handbag,Accessories,45,Alaska,XL,Beige,Summer,4.4,No,Standard,No,No,31,Credit Card,Weekly,0,0,52,76.7,0.0,No Promo Use,1395,Gold,Satisfied,1,76.7,27.9,1,0
3792,40,Female,Sunglasses,Accessories,51,Texas,M,Gray,Spring,3.7,No,Store Pickup,No,No,1,Venmo,Weekly,0,0,52,40.0,0.0,No Promo Use,51,Bronze,Neutral,0,40.0,0.6,0,0
3793,43,Female,Scarf,Accessories,58,Massachusetts,S,Turquoise,Summer,2.6,No,Express,No,No,2,PayPal,Fortnightly,0,0,26,20.8,0.0,No Promo Use,116,Bronze,Dissatisfied,0,20.8,1.9,0,0
3794,62,Female,Sunglasses,Accessories,20,Delaware,M,Pink,Fall,4.0,No,Standard,No,No,46,Bank Transfer,Annually,0,0,1,55.1,0.0,No Promo Use,920,Silver,Neutral,0,55.1,18.2,1,0
3795,44,Female,Scarf,Accessories,82,South Dakota,M,Violet,Summer,3.6,No,2-Day Shipping,No,No,27,Venmo,Weekly,0,0,52,71.8,0.0,No Promo Use,2214,Platinum,Neutral,0,71.8,44.5,1,1
3796,45,Female,Gloves,Accessories,92,Arkansas,M,Charcoal,Spring,2.5,No,Express,No,No,3,Cash,Weekly,0,0,52,42.4,0.0,No Promo Use,276,Bronze,Dissatisfied,0,42.4,5.2,0,0
3797,40,Female,Shorts,Clothing,81,Utah,M,Lavender,Fall,3.2,No,Free Shipping,No,No,47,Bank Transfer,Quarterly,0,0,4,58.7,0.0,No Promo Use,3807,Platinum,Dissatisfied,0,58.7,76.8,1,1
3798,68,Female,Sunglasses,Accessories,44,California,M,Gray,Summer,2.5,No,Next Day Air,No,No,20,Cash,Quarterly,0,0,4,25.6,0.0,No Promo Use,880,Silver,Dissatisfied,0,25.6,17.4,0,0
3799,63,Female,Jewelry,Accessories,72,Rhode Island,S,Brown,Winter,3.2,No,Next Day Air,No,No,23,Credit Card,Annually,0,0,1,26.9,0.0,No Promo Use,1656,Gold,Dissatisfied,0,26.9,33.2,0,1
3800,60,Female,Jacket,Outerwear,26,Oklahoma,L,Violet,Winter,2.6,No,Store Pickup,No,No,13,Credit Card,Monthly,0,0,12,23.3,0.0,No Promo Use,338,Bronze,Dissatisfied,0,23.3,6.4,0,0
3801,19,Female,Sweater,Clothing,26,Vermont,M,Turquoise,Fall,4.8,No,Next Day Air,No,No,12,Venmo,Bi-Weekly,0,0,26,33.1,0.0,No Promo Use,312,Bronze,Satisfied,1,33.1,5.9,0,0
3802,26,Female,Blouse,Clothing,84,Kentucky,M,Peach,Spring,5.0,No,Store Pickup,No,No,36,PayPal,Fortnightly,0,0,26,62.5,0.0,No Promo Use,3024,Platinum,Satisfied,1,62.5,60.9,1,1
3803,70,Female,Scarf,Accessories,72,Illinois,S,Turquoise,Spring,3.2,No,2-Day Shipping,No,No,1,Bank Transfer,Monthly,0,0,12,8.6,0.0,No Promo Use,72,Bronze,Dissatisfied,0,8.6,1.0,0,0
3804,48,Female,Handbag,Accessories,55,Connecticut,M,Violet,Spring,3.6,No,Standard,No,No,14,Debit Card,Weekly,0,0,52,55.9,0.0,No Promo Use,770,Silver,Neutral,0,55.9,15.2,1,0
3805,37,Female,Hat,Accessories,77,Florida,M,Olive,Fall,2.7,No,2-Day Shipping,No,No,45,Cash,Annually,0,0,1,53.9,0.0,No Promo Use,3465,Platinum,Dissatisfied,0,53.9,69.9,0,1
3806,48,Female,Scarf,Accessories,57,New Jersey,M,Green,Fall,3.1,No,Standard,No,No,31,Credit Card,Quarterly,0,0,4,39.1,0.0,No Promo Use,1767,Gold,Dissatisfied,0,39.1,35.4,0,1
3807,18,Female,Boots,Footwear,71,Missouri,M,Teal,Spring,3.0,No,Standard,No,No,41,PayPal,Weekly,0,0,52,89.0,0.0,No Promo Use,2911,Platinum,Dissatisfied,0,89.0,58.6,1,1
3808,38,Female,Blouse,Clothing,39,Michigan,L,Peach,Spring,2.9,No,Next Day Air,No,No,36,PayPal,Annually,0,0,1,42.9,0.0,No Promo Use,1404,Gold,Dissatisfied,0,42.9,28.1,0,0
3809,33,Female,Socks,Clothing,28,Washington,M,Pink,Winter,4.7,No,Express,No,No,6,Debit Card,Bi-Weekly,0,0,26,25.7,0.0,No Promo Use,168,Bronze,Satisfied,1,25.7,3.0,0,0
3810,57,Female,Shoes,Footwear,33,New York,S,Maroon,Winter,3.7,No,Standard,No,No,28,Credit Card,Annually,0,0,1,33.1,0.0,No Promo Use,924,Silver,Neutral,0,33.1,18.3,0,0
3811,46,Female,Skirt,Clothing,79,Wisconsin,L,Peach,Fall,3.9,No,Free Shipping,No,No,29,Venmo,Monthly,0,0,12,42.9,0.0,No Promo Use,2291,Platinum,Neutral,0,42.9,46.1,0,1
3812,46,Female,Belt,Accessories,30,Idaho,M,Maroon,Winter,4.0,No,Standard,No,No,14,Cash,Monthly,0,0,12,24.5,0.0,No Promo Use,420,Bronze,Neutral,0,24.5,8.1,0,0
3813,50,Female,Skirt,Clothing,75,Michigan,M,Pink,Spring,2.8,No,Next Day Air,No,No,7,Bank Transfer,Every 3 Months,0,0,4,9.7,0.0,No Promo Use,525,Bronze,Dissatisfied,0,9.7,10.2,0,0
3814,61,Female,Pants,Clothing,89,Georgia,M,Orange,Summer,4.1,No,Express,No,No,31,Venmo,Bi-Weekly,0,0,26,56.3,0.0,No Promo Use,2759,Platinum,Satisfied,1,56.3,55.5,1,1
3815,45,Female,Dress,Clothing,95,Michigan,M,Orange,Winter,4.2,No,Free Shipping,No,No,26,Bank Transfer,Every 3 Months,0,0,4,33.0,0.0,No Promo Use,2470,Platinum,Satisfied,1,33.0,49.7,0,1
3816,32,Female,Hat,Accessories,44,Maine,M,Brown,Fall,4.3,No,Express,No,No,12,Venmo,Fortnightly,0,0,26,33.1,0.0,No Promo Use,528,Bronze,Satisfied,1,33.1,10.3,0,0
3817,29,Female,Coat,Outerwear,86,Maryland,S,Silver,Summer,4.3,No,Store Pickup,No,No,45,Credit Card,Fortnightly,0,0,26,73.5,0.0,No Promo Use,3870,Platinum,Satisfied,1,73.5,78.1,1,1
3818,66,Female,Scarf,Accessories,91,Missouri,M,Magenta,Fall,2.6,No,Express,No,No,40,PayPal,Annually,0,0,1,47.8,0.0,No Promo Use,3640,Platinum,Dissatisfied,0,47.8,73.4,0,1
3819,70,Female,Sneakers,Footwear,41,Oregon,XL,Indigo,Winter,3.8,No,Free Shipping,No,No,42,Cash,Monthly,0,0,12,58.8,0.0,No Promo Use,1722,Gold,Neutral,0,58.8,34.5,1,1
3820,36,Female,Pants,Clothing,99,Arkansas,S,Gold,Spring,2.9,No,Express,No,No,45,Cash,Quarterly,0,0,4,56.2,0.0,No Promo Use,4455,Platinum,Dissatisfied,0,56.2,90.0,1,1
3821,34,Female,Belt,Accessories,65,New Hampshire,M,Purple,Winter,5.0,No,Standard,No,No,34,Debit Card,Quarterly,0,0,4,42.8,0.0,No Promo Use,2210,Gold,Satisfied,1,42.8,44.4,0,1
3822,20,Female,Sneakers,Footwear,48,Oregon,M,Gold,Summer,4.6,No,Free Shipping,No,No,34,Credit Card,Every 3 Months,0,0,4,42.8,0.0,No Promo Use,1632,Gold,Satisfied,1,42.8,32.7,0,1
3823,70,Female,Hat,Accessories,41,Kansas,S,Gold,Spring,3.2,No,Free Shipping,No,No,17,PayPal,Every 3 Months,0,0,4,21.9,0.0,No Promo Use,697,Silver,Dissatisfied,0,21.9,13.7,0,0
3824,50,Female,Shirt,Clothing,42,California,M,Gold,Summer,3.0,No,Standard,No,No,27,Bank Transfer,Weekly,0,0,52,71.8,0.0,No Promo Use,1134,Silver,Dissatisfied,0,71.8,22.6,1,0
3825,54,Female,Shorts,Clothing,26,Georgia,M,Olive,Summer,4.0,No,Free Shipping,No,No,31,Credit Card,Quarterly,0,0,4,39.1,0.0,No Promo Use,806,Silver,Neutral,0,39.1,15.9,0,0
3826,49,Female,Shorts,Clothing,35,Hawaii,L,Green,Fall,4.1,No,Express,No,No,47,Debit Card,Fortnightly,0,0,26,75.9,0.0,No Promo Use,1645,Gold,Satisfied,1,75.9,32.9,1,1
3827,50,Female,Jacket,Outerwear,31,Montana,M,Gray,Summer,4.0,No,Express,No,No,25,Bank Transfer,Annually,0,0,1,29.4,0.0,No Promo Use,775,Silver,Neutral,0,29.4,15.3,0,0
3828,62,Female,Jewelry,Accessories,73,Montana,M,Red,Summer,4.1,No,Standard,No,No,47,Cash,Fortnightly,0,0,26,75.9,0.0,No Promo Use,3431,Platinum,Satisfied,1,75.9,69.2,1,1
3829,42,Female,Blouse,Clothing,82,Mississippi,M,Charcoal,Spring,3.4,No,Free Shipping,No,No,8,Cash,Weekly,0,0,52,48.6,0.0,No Promo Use,656,Silver,Neutral,0,48.6,12.9,0,0
3830,69,Female,Pants,Clothing,32,Washington,M,Indigo,Spring,2.9,No,Free Shipping,No,No,32,Debit Card,Fortnightly,0,0,26,57.6,0.0,No Promo Use,1024,Silver,Dissatisfied,0,57.6,20.3,1,0
3831,22,Female,Hat,Accessories,27,Pennsylvania,M,Indigo,Summer,3.0,No,2-Day Shipping,No,No,33,Bank Transfer,Every 3 Months,0,0,4,41.5,0.0,No Promo Use,891,Silver,Dissatisfied,0,41.5,17.7,0,0
3832,36,Female,Backpack,Accessories,86,Nevada,L,Silver,Spring,4.0,No,Next Day Air,No,No,16,Debit Card,Every 3 Months,0,0,4,20.7,0.0,No Promo Use,1376,Gold,Neutral,0,20.7,27.5,0,0
3833,64,Female,Boots,Footwear,38,Kansas,XL,Purple,Winter,4.8,No,2-Day Shipping,No,No,27,Cash,Weekly,0,0,52,71.8,0.0,No Promo Use,1026,Silver,Satisfied,1,71.8,20.4,1,0
3834,44,Female,Jacket,Outerwear,93,Arizona,L,Gray,Summer,4.6,No,Free Shipping,No,No,17,PayPal,Every 3 Months,0,0,4,21.9,0.0,No Promo Use,1581,Gold,Satisfied,1,21.9,31.6,0,0
3835,43,Female,Hoodie,Clothing,59,Tennessee,M,Magenta,Winter,4.1,No,2-Day Shipping,No,No,17,Cash,Quarterly,0,0,4,21.9,0.0,No Promo Use,1003,Silver,Satisfied,1,21.9,19.9,0,0
3836,58,Female,Sandals,Footwear,58,Pennsylvania,L,Silver,Winter,2.6,No,Express,No,No,28,PayPal,Bi-Weekly,0,0,26,52.7,0.0,No Promo Use,1624,Gold,Dissatisfied,0,52.7,32.5,0,1
3837,62,Female,Skirt,Clothing,84,Alaska,M,Violet,Spring,2.5,No,Free Shipping,No,No,38,PayPal,Fortnightly,0,0,26,64.9,0.0,No Promo Use,3192,Platinum,Dissatisfied,0,64.9,64.3,1,1
3838,45,Female,Hoodie,Clothing,100,New Mexico,M,Green,Spring,4.8,No,Free Shipping,No,No,33,Bank Transfer,Fortnightly,0,0,26,58.8,0.0,No Promo Use,3300,Platinum,Satisfied,1,58.8,66.5,1,1
3839,47,Female,Dress,Clothing,25,Rhode Island,L,Green,Summer,4.2,No,Express,No,No,24,Venmo,Every 3 Months,0,0,4,30.5,0.0,No Promo Use,600,Bronze,Satisfied,1,30.5,11.7,0,0
3840,66,Female,Sandals,Footwear,29,Connecticut,M,Peach,Spring,3.9,No,Free Shipping,No,No,14,Venmo,Quarterly,0,0,4,18.3,0.0,No Promo Use,406,Bronze,Neutral,0,18.3,7.8,0,0
3841,30,Female,Jeans,Clothing,42,Idaho,M,Turquoise,Spring,3.7,No,Express,No,No,5,Venmo,Fortnightly,0,0,26,24.5,0.0,No Promo Use,210,Bronze,Neutral,0,24.5,3.8,0,0
3842,68,Female,Jeans,Clothing,57,Mississippi,L,Pink,Fall,4.2,No,2-Day Shipping,No,No,8,Bank Transfer,Monthly,0,0,12,17.2,0.0,No Promo Use,456,Bronze,Satisfied,1,17.2,8.8,0,0
3843,35,Female,Jacket,Outerwear,84,Colorado,L,Lavender,Winter,4.2,No,Next Day Air,No,No,42,Debit Card,Monthly,0,0,12,58.8,0.0,No Promo Use,3528,Platinum,Satisfied,1,58.8,71.2,1,1
3844,64,Female,Hat,Accessories,71,Georgia,L,Silver,Winter,4.0,No,Free Shipping,No,No,48,Venmo,Every 3 Months,0,0,4,59.9,0.0,No Promo Use,3408,Platinum,Neutral,0,59.9,68.7,1,1
3845,30,Female,Shorts,Clothing,87,Montana,S,Cyan,Fall,5.0,No,Next Day Air,No,No,40,Venmo,Quarterly,0,0,4,50.1,0.0,No Promo Use,3480,Platinum,Satisfied,1,50.1,70.2,0,1
3846,58,Female,Sweater,Clothing,52,California,M,Green,Winter,4.9,No,Standard,No,No,46,Venmo,Annually,0,0,1,55.1,0.0,No Promo Use,2392,Platinum,Satisfied,1,55.1,48.1,1,1
3847,57,Female,Blouse,Clothing,58,Pennsylvania,L,Orange,Summer,4.0,No,Express,No,No,40,PayPal,Every 3 Months,0,0,4,50.1,0.0,No Promo Use,2320,Platinum,Neutral,0,50.1,46.6,0,1
3848,60,Female,Sweater,Clothing,34,Delaware,S,Blue,Fall,3.2,No,2-Day Shipping,No,No,31,PayPal,Fortnightly,0,0,26,56.3,0.0,No Promo Use,1054,Silver,Dissatisfied,0,56.3,21.0,1,0
3849,22,Female,Jewelry,Accessories,60,New Hampshire,M,Magenta,Winter,3.0,No,Next Day Air,No,No,39,Cash,Every 3 Months,0,0,4,48.9,0.0,No Promo Use,2340,Platinum,Dissatisfied,0,48.9,47.0,0,1
3850,46,Female,Hoodie,Clothing,68,Florida,S,Cyan,Winter,2.6,No,Express,No,No,36,PayPal,Fortnightly,0,0,26,62.5,0.0,No Promo Use,2448,Platinum,Dissatisfied,0,62.5,49.2,1,1
3851,27,Female,Jewelry,Accessories,74,Mississippi,L,Indigo,Summer,4.4,No,2-Day Shipping,No,No,25,Debit Card,Every 3 Months,0,0,4,31.7,0.0,No Promo Use,1850,Gold,Satisfied,1,31.7,37.1,0,1
3852,50,Female,Scarf,Accessories,83,Montana,M,Pink,Summer,3.9,No,Free Shipping,No,No,24,Debit Card,Annually,0,0,1,28.2,0.0,No Promo Use,1992,Gold,Neutral,0,28.2,40.0,0,1
3853,65,Female,Hat,Accessories,79,Mississippi,M,Peach,Fall,4.0,No,2-Day Shipping,No,No,19,PayPal,Weekly,0,0,52,62.0,0.0,No Promo Use,1501,Gold,Neutral,0,62.0,30.0,1,0
3854,61,Female,Sunglasses,Accessories,76,Tennessee,M,Lavender,Fall,4.0,No,Store Pickup,No,No,49,Debit Card,Bi-Weekly,0,0,26,78.4,0.0,No Promo Use,3724,Platinum,Neutral,0,78.4,75.1,1,1
3855,57,Female,T-shirt,Clothing,20,Florida,M,Black,Spring,4.2,No,Free Shipping,No,No,4,Venmo,Annually,0,0,1,3.7,0.0,No Promo Use,80,Bronze,Satisfied,1,3.7,1.2,0,0
3856,40,Female,Shirt,Clothing,61,Illinois,XL,Lavender,Summer,4.4,No,Next Day Air,No,No,36,Cash,Quarterly,0,0,4,45.2,0.0,No Promo Use,2196,Gold,Satisfied,1,45.2,44.1,0,1
3857,39,Female,Sandals,Footwear,78,Virginia,S,Brown,Summer,2.5,No,Free Shipping,No,No,8,Debit Card,Quarterly,0,0,4,10.9,0.0,No Promo Use,624,Silver,Dissatisfied,0,10.9,12.2,0,0
3858,42,Female,Hat,Accessories,21,Texas,S,Yellow,Summer,3.1,No,Store Pickup,No,No,29,Credit Card,Every 3 Months,0,0,4,36.6,0.0,No Promo Use,609,Bronze,Dissatisfied,0,36.6,11.9,0,0
3859,30,Female,T-shirt,Clothing,77,Missouri,M,Olive,Winter,3.5,No,Store Pickup,No,No,26,Credit Card,Quarterly,0,0,4,33.0,0.0,No Promo Use,2002,Gold,Neutral,0,33.0,40.2,0,1
3860,65,Female,Shorts,Clothing,88,Mississippi,S,Blue,Fall,3.0,No,2-Day Shipping,No,No,47,Bank Transfer,Bi-Weekly,0,0,26,75.9,0.0,No Promo Use,4136,Platinum,Dissatisfied,0,75.9,83.5,1,1
3861,57,Female,Sunglasses,Accessories,64,Pennsylvania,M,Turquoise,Summer,4.4,No,Next Day Air,No,No,44,Cash,Annually,0,0,1,52.7,0.0,No Promo Use,2816,Platinum,Satisfied,1,52.7,56.7,0,1
3862,64,Female,Jacket,Outerwear,57,Wyoming,M,Yellow,Spring,4.9,No,Standard,No,No,49,Credit Card,Monthly,0,0,12,67.4,0.0,No Promo Use,2793,Platinum,Satisfied,1,67.4,56.2,1,1
3863,56,Female,Shirt,Clothing,49,Idaho,L,Turquoise,Winter,2.8,No,Next Day Air,No,No,9,Venmo,Monthly,0,0,12,18.4,0.0,No Promo Use,441,Bronze,Dissatisfied,0,18.4,8.5,0,0
3864,40,Female,Scarf,Accessories,35,New Hampshire,M,Orange,Summer,3.3,No,Free Shipping,No,No,28,Cash,Fortnightly,0,0,26,52.7,0.0,No Promo Use,980,Silver,Neutral,0,52.7,19.5,0,0
3865,55,Female,T-shirt,Clothing,99,Wyoming,S,Blue,Winter,4.9,No,Express,No,No,1,Debit Card,Fortnightly,0,0,26,19.6,0.0,No Promo Use,99,Bronze,Satisfied,1,19.6,1.6,0,0
3866,25,Female,Shorts,Clothing,42,Nebraska,M,Olive,Spring,4.2,No,Store Pickup,No,No,28,Cash,Every 3 Months,0,0,4,35.4,0.0,No Promo Use,1176,Silver,Satisfied,1,35.4,23.4,0,0
3867,58,Female,Hat,Accessories,32,Alaska,M,Beige,Winter,3.3,No,2-Day Shipping,No,No,33,Credit Card,Fortnightly,0,0,26,58.8,0.0,No Promo Use,1056,Silver,Neutral,0,58.8,21.0,1,0
3868,46,Female,Jacket,Outerwear,21,Maryland,L,Lavender,Summer,2.7,No,Standard,No,No,28,Credit Card,Monthly,0,0,12,41.7,0.0,No Promo Use,588,Bronze,Dissatisfied,0,41.7,11.5,0,0
3869,18,Female,Dress,Clothing,29,Maryland,XL,Magenta,Winter,3.3,No,2-Day Shipping,No,No,9,Cash,Annually,0,0,1,9.8,0.0,No Promo Use,261,Bronze,Neutral,0,9.8,4.9,0,0
3870,26,Female,Coat,Outerwear,64,Arizona,L,Cyan,Spring,3.8,No,Free Shipping,No,No,28,Bank Transfer,Annually,0,0,1,33.1,0.0,No Promo Use,1792,Gold,Neutral,0,33.1,35.9,0,1
3871,61,Female,Sandals,Footwear,46,Ohio,L,Lavender,Fall,3.2,No,Next Day Air,No,No,19,Cash,Every 3 Months,0,0,4,24.4,0.0,No Promo Use,874,Silver,Dissatisfied,0,24.4,17.3,0,0
3872,55,Female,T-shirt,Clothing,97,Minnesota,M,Black,Fall,4.1,No,2-Day Shipping,No,No,20,Bank Transfer,Every 3 Months,0,0,4,25.6,0.0,No Promo Use,1940,Gold,Satisfied,1,25.6,38.9,0,1
3873,41,Female,Jacket,Outerwear,94,New Hampshire,M,Green,Spring,4.3,No,Standard,No,No,3,Cash,Monthly,0,0,12,11.1,0.0,No Promo Use,282,Bronze,Satisfied,1,11.1,5.3,0,0
3874,42,Female,Sandals,Footwear,43,Louisiana,L,Silver,Summer,4.0,No,Standard,No,No,22,Credit Card,Weekly,0,0,52,65.7,0.0,No Promo Use,946,Silver,Neutral,0,65.7,18.8,1,0
3875,70,Female,Sweater,Clothing,54,Nevada,XL,Beige,Summer,3.9,No,2-Day Shipping,No,No,33,Credit Card,Bi-Weekly,0,0,26,58.8,0.0,No Promo Use,1782,Gold,Neutral,0,58.8,35.7,1,1
3876,63,Female,Hat,Accessories,51,New Hampshire,M,Pink,Winter,3.3,No,2-Day Shipping,No,No,21,Credit Card,Annually,0,0,1,24.5,0.0,No Promo Use,1071,Silver,Neutral,0,24.5,21.3,0,0
3877,60,Female,Shoes,Footwear,85,Wisconsin,S,Cyan,Fall,2.6,No,2-Day Shipping,No,No,7,Cash,Annually,0,0,1,7.3,0.0,No Promo Use,595,Bronze,Dissatisfied,0,7.3,11.6,0,0
3878,28,Female,Hoodie,Clothing,96,Nevada,M,Olive,Spring,4.2,No,Next Day Air,No,No,46,Debit Card,Monthly,0,0,12,63.7,0.0,No Promo Use,4416,Platinum,Satisfied,1,63.7,89.2,1,1
3879,60,Female,Hat,Accessories,42,South Carolina,M,Pink,Summer,3.4,No,2-Day Shipping,No,No,24,Credit Card,Annually,0,0,1,28.2,0.0,No Promo Use,1008,Silver,Neutral,0,28.2,20.0,0,0
3880,26,Female,Skirt,Clothing,63,Florida,L,Maroon,Winter,4.1,No,Free Shipping,No,No,6,Debit Card,Quarterly,0,0,4,8.5,0.0,No Promo Use,378,Bronze,Satisfied,1,8.5,7.2,0,0
3881,42,Female,Shirt,Clothing,20,Massachusetts,M,Red,Winter,3.9,No,Free Shipping,No,No,40,PayPal,Monthly,0,0,12,56.4,0.0,No Promo Use,800,Silver,Neutral,0,56.4,15.8,1,0
3882,56,Female,Scarf,Accessories,25,Georgia,L,Silver,Spring,2.8,No,2-Day Shipping,No,No,17,Debit Card,Weekly,0,0,52,59.6,0.0,No Promo Use,425,Bronze,Dissatisfied,0,59.6,8.2,1,0
3883,35,Female,Pants,Clothing,95,North Dakota,L,Blue,Fall,2.6,No,Free Shipping,No,No,24,Cash,Fortnightly,0,0,26,47.8,0.0,No Promo Use,2280,Platinum,Dissatisfied,0,47.8,45.8,0,1
3884,34,Female,Hat,Accessories,38,North Dakota,XL,Purple,Fall,4.0,No,Next Day Air,No,No,22,Cash,Fortnightly,0,0,26,45.3,0.0,No Promo Use,836,Silver,Neutral,0,45.3,16.5,0,0
3885,47,Female,Sandals,Footwear,29,Maryland,M,Brown,Fall,4.9,No,Express,No,No,3,PayPal,Weekly,0,0,52,42.4,0.0,No Promo Use,87,Bronze,Satisfied,1,42.4,1.3,0,0
3886,49,Female,Socks,Clothing,64,New Mexico,L,Purple,Winter,3.2,No,Free Shipping,No,No,39,Cash,Quarterly,0,0,4,48.9,0.0,No Promo Use,2496,Platinum,Dissatisfied,0,48.9,50.2,0,1
3887,37,Female,Jewelry,Accessories,92,Iowa,S,Brown,Summer,3.9,No,Express,No,No,40,Debit Card,Quarterly,0,0,4,50.1,0.0,No Promo Use,3680,Platinum,Neutral,0,50.1,74.2,0,1
3888,40,Female,Shirt,Clothing,34,Kansas,M,Charcoal,Spring,2.7,No,Express,No,No,1,Credit Card,Quarterly,0,0,4,2.4,0.0,No Promo Use,34,Bronze,Dissatisfied,0,2.4,0.3,0,0
3889,45,Female,Sneakers,Footwear,69,Virginia,M,Violet,Spring,3.4,No,Standard,No,No,14,Venmo,Bi-Weekly,0,0,26,35.5,0.0,No Promo Use,966,Silver,Neutral,0,35.5,19.2,0,0
3890,57,Female,Dress,Clothing,65,Alaska,S,Yellow,Spring,3.5,No,Express,No,No,49,Bank Transfer,Annually,0,0,1,58.8,0.0,No Promo Use,3185,Platinum,Neutral,0,58.8,64.2,1,1
3891,35,Female,Shirt,Clothing,81,Nebraska,XL,Green,Winter,2.6,No,Standard,No,No,33,Debit Card,Annually,0,0,1,39.2,0.0,No Promo Use,2673,Platinum,Dissatisfied,0,39.2,53.8,0,1
3892,36,Female,Dress,Clothing,30,Colorado,L,Peach,Winter,4.7,No,Free Shipping,No,No,6,Bank Transfer,Quarterly,0,0,4,8.5,0.0,No Promo Use,180,Bronze,Satisfied,1,8.5,3.2,0,0
3893,35,Female,Jewelry,Accessories,86,Michigan,L,Indigo,Summer,3.5,No,Standard,No,No,5,PayPal,Fortnightly,0,0,26,24.5,0.0,No Promo Use,430,Bronze,Neutral,0,24.5,8.3,0,0
3894,21,Female,Hat,Accessories,64,Massachusetts,L,White,Fall,3.3,No,Store Pickup,No,No,29,Bank Transfer,Bi-Weekly,0,0,26,53.9,0.0,No Promo Use,1856,Gold,Neutral,0,53.9,37.2,0,1
3895,66,Female,Skirt,Clothing,78,Connecticut,L,White,Spring,3.9,No,2-Day Shipping,No,No,44,Credit Card,Every 3 Months,0,0,4,55.0,0.0,No Promo Use,3432,Platinum,Neutral,0,55.0,69.2,0,1
3896,40,Female,Hoodie,Clothing,28,Virginia,L,Turquoise,Summer,4.2,No,2-Day Shipping,No,No,32,Venmo,Weekly,0,0,52,78.0,0.0,No Promo Use,896,Silver,Satisfied,1,78.0,17.8,1,0
3897,52,Female,Backpack,Accessories,49,Iowa,L,White,Spring,4.5,No,Store Pickup,No,No,41,Bank Transfer,Bi-Weekly,0,0,26,68.6,0.0,No Promo Use,2009,Gold,Satisfied,1,68.6,40.3,1,1
3898,46,Female,Belt,Accessories,33,New Jersey,L,Green,Spring,2.9,No,Standard,No,No,24,Venmo,Quarterly,0,0,4,30.5,0.0,No Promo Use,792,Silver,Dissatisfied,0,30.5,15.6,0,0
3899,44,Female,Shoes,Footwear,77,Minnesota,S,Brown,Summer,3.8,No,Express,No,No,24,Venmo,Weekly,0,0,52,68.2,0.0,No Promo Use,1848,Gold,Neutral,0,68.2,37.1,1,1
3900,52,Female,Handbag,Accessories,81,California,M,Beige,Spring,3.1,No,Store Pickup,No,No,33,Venmo,Quarterly,0,0,4,41.5,0.0,No Promo Use,2673,Platinum,Dissatisfied,0,41.5,53.8,0,1
